{
"type": "FeatureCollection",
"name": "units",
"crs": { "type": "name", "properties": { "name": "urn:ogc:def:crs:OGC:1.3:CRS84" } },
"xy_coordinate_resolution": 1e-05,
"features": [
{ "type": "Feature", "properties": { "unit_id": "U-000", "name": "Puʻu Anahulu - Mauka", "type": "Reserve", "area_ha": 4677.3, "c_firevuln": 36.0, "c_consval": 16.0, "c_commval": 0.0, "c_respmgmt": 22.0, "c_prevmgmt": 31.0 }, "geometry": { "type": "MultiPolygon", "coordinates": [ [ [ [ -155.81599, 19.81476 ], [ -155.81937, 19.81959 ], [ -155.8236, 19.82638 ], [ -155.82278, 19.82651 ], [ -155.82277, 19.82597 ], [ -155.8219, 19.82517 ], [ -155.82189, 19.82463 ], [ -155.82103, 19.82464 ], [ -155.82074, 19.8241 ], [ -155.82016, 19.82411 ], [ -155.81986, 19.8233 ], [ -155.819, 19.82278 ], [ -155.81899, 19.82223 ], [ -155.81725, 19.82091 ], [ -155.81723, 19.8201 ], [ -155.81752, 19.82009 ], [ -155.81747, 19.81765 ], [ -155.81631, 19.81659 ], [ -155.81599, 19.81476 ] ] ], [ [ [ -155.81541, 19.81392 ], [ -155.81558, 19.81416 ], [ -155.81541, 19.81417 ], [ -155.81541, 19.81392 ] ] ], [ [ [ -155.81511, 19.8135 ], [ -155.81539, 19.81389 ], [ -155.81512, 19.8139 ], [ -155.81511, 19.8135 ] ] ], [ [ [ -155.81247, 19.80971 ], [ -155.81502, 19.81336 ], [ -155.81395, 19.81229 ], [ -155.81309, 19.81231 ], [ -155.81279, 19.8115 ], [ -155.81221, 19.81124 ], [ -155.81219, 19.80988 ], [ -155.81247, 19.80971 ] ] ], [ [ [ -155.80953, 19.80551 ], [ -155.81165, 19.80854 ], [ -155.81102, 19.80855 ], [ -155.81072, 19.80774 ], [ -155.81043, 19.80774 ], [ -155.81042, 19.8072 ], [ -155.80955, 19.80667 ], [ -155.80953, 19.80551 ] ] ], [ [ [ -155.80895, 19.80467 ], [ -155.80903, 19.80479 ], [ -155.80895, 19.80479 ], [ -155.80895, 19.80467 ] ] ], [ [ [ -155.80865, 19.80424 ], [ -155.80884, 19.80452 ], [ -155.80866, 19.80452 ], [ -155.80865, 19.80424 ] ] ], [ [ [ -155.80807, 19.8034 ], [ -155.8081, 19.80345 ], [ -155.80807, 19.80345 ], [ -155.80807, 19.8034 ] ] ], [ [ [ -155.80425, 19.79788 ], [ -155.80642, 19.80105 ], [ -155.80791, 19.80318 ], [ -155.8072, 19.80319 ], [ -155.80691, 19.80265 ], [ -155.80634, 19.80266 ], [ -155.80575, 19.80213 ], [ -155.80574, 19.80159 ], [ -155.80517, 19.80133 ], [ -155.80515, 19.80024 ], [ -155.80428, 19.79944 ], [ -155.80425, 19.79788 ] ] ], [ [ [ -155.80395, 19.79745 ], [ -155.80403, 19.79755 ], [ -155.80396, 19.79755 ], [ -155.80395, 19.79745 ] ] ], [ [ [ -155.80366, 19.79702 ], [ -155.80384, 19.79728 ], [ -155.80367, 19.79729 ], [ -155.80366, 19.79702 ] ] ], [ [ [ -155.80161, 19.79402 ], [ -155.80366, 19.79702 ], [ -155.8028, 19.79676 ], [ -155.80278, 19.79595 ], [ -155.80192, 19.79542 ], [ -155.80161, 19.79402 ] ] ], [ [ [ -155.79984, 19.79144 ], [ -155.79999, 19.79166 ], [ -155.79985, 19.79166 ], [ -155.79984, 19.79144 ] ] ], [ [ [ -155.74751, 19.67663 ], [ -155.81415, 19.70232 ], [ -155.81752, 19.74127 ], [ -155.81119, 19.74345 ], [ -155.79814, 19.78896 ], [ -155.79981, 19.79139 ], [ -155.79926, 19.79086 ], [ -155.79754, 19.79088 ], [ -155.79753, 19.79007 ], [ -155.79695, 19.78981 ], [ -155.79693, 19.78872 ], [ -155.79636, 19.78873 ], [ -155.79635, 19.78819 ], [ -155.79578, 19.78793 ], [ -155.79576, 19.78685 ], [ -155.79518, 19.78659 ], [ -155.79517, 19.78577 ], [ -155.79459, 19.78551 ], [ -155.79457, 19.78416 ], [ -155.7934, 19.78309 ], [ -155.79338, 19.78174 ], [ -155.79195, 19.78176 ], [ -155.79222, 19.78067 ], [ -155.79164, 19.78041 ], [ -155.79162, 19.77906 ], [ -155.79104, 19.77907 ], [ -155.79103, 19.77852 ], [ -155.789, 19.77693 ], [ -155.78898, 19.77585 ], [ -155.7884, 19.77532 ], [ -155.78839, 19.77477 ], [ -155.78782, 19.77451 ], [ -155.78776, 19.77099 ], [ -155.78747, 19.771 ], [ -155.78775, 19.77045 ], [ -155.78746, 19.77045 ], [ -155.78745, 19.76991 ], [ -155.78659, 19.76993 ], [ -155.78658, 19.76911 ], [ -155.786, 19.76885 ], [ -155.78597, 19.76723 ], [ -155.78626, 19.76722 ], [ -155.78625, 19.76668 ], [ -155.78682, 19.7664 ], [ -155.78681, 19.76586 ], [ -155.78737, 19.76531 ], [ -155.78734, 19.76368 ], [ -155.7879, 19.76313 ], [ -155.78789, 19.76205 ], [ -155.78644, 19.76099 ], [ -155.78641, 19.75937 ], [ -155.78612, 19.75937 ], [ -155.78611, 19.75856 ], [ -155.78582, 19.75856 ], [ -155.7858, 19.75748 ], [ -155.78466, 19.7575 ], [ -155.78437, 19.75723 ], [ -155.78405, 19.75534 ], [ -155.78319, 19.75508 ], [ -155.78314, 19.75264 ], [ -155.78256, 19.75211 ], [ -155.78254, 19.75103 ], [ -155.78138, 19.74996 ], [ -155.78162, 19.74725 ], [ -155.77988, 19.74592 ], [ -155.77987, 19.74538 ], [ -155.779, 19.74485 ], [ -155.7787, 19.74405 ], [ -155.77727, 19.7438 ], [ -155.77697, 19.74299 ], [ -155.7761, 19.74219 ], [ -155.77553, 19.7422 ], [ -155.77465, 19.74113 ], [ -155.77408, 19.74114 ], [ -155.7732, 19.74007 ], [ -155.77205, 19.73982 ], [ -155.77147, 19.73901 ], [ -155.76975, 19.73931 ], [ -155.76944, 19.73769 ], [ -155.76887, 19.7377 ], [ -155.76799, 19.73663 ], [ -155.76684, 19.73638 ], [ -155.76568, 19.73531 ], [ -155.76567, 19.73477 ], [ -155.7648, 19.73424 ], [ -155.76479, 19.7337 ], [ -155.76422, 19.73371 ], [ -155.76421, 19.73289 ], [ -155.76363, 19.73236 ], [ -155.76362, 19.73182 ], [ -155.76219, 19.73184 ], [ -155.76132, 19.73104 ], [ -155.76017, 19.73106 ], [ -155.75988, 19.73052 ], [ -155.75902, 19.73054 ], [ -155.75814, 19.7292 ], [ -155.75499, 19.72897 ], [ -155.75295, 19.72711 ], [ -155.75292, 19.72521 ], [ -155.75349, 19.72493 ], [ -155.75376, 19.72385 ], [ -155.75318, 19.72358 ], [ -155.75317, 19.72277 ], [ -155.75259, 19.72251 ], [ -155.75228, 19.72089 ], [ -155.75199, 19.72089 ], [ -155.75198, 19.72035 ], [ -155.75254, 19.7198 ], [ -155.75253, 19.71899 ], [ -155.75281, 19.71899 ], [ -155.75275, 19.71519 ], [ -155.75217, 19.71493 ], [ -155.75215, 19.71385 ], [ -155.75244, 19.71357 ], [ -155.75186, 19.71331 ], [ -155.75155, 19.71196 ], [ -155.75212, 19.71195 ], [ -155.75268, 19.7114 ], [ -155.75295, 19.71004 ], [ -155.75381, 19.71003 ], [ -155.75437, 19.70948 ], [ -155.75376, 19.70759 ], [ -155.75405, 19.70759 ], [ -155.75403, 19.70651 ], [ -155.7546, 19.7065 ], [ -155.75487, 19.70568 ], [ -155.75516, 19.70568 ], [ -155.75513, 19.70405 ], [ -155.75456, 19.70379 ], [ -155.75451, 19.70135 ], [ -155.75423, 19.70136 ], [ -155.75421, 19.70027 ], [ -155.7545, 19.70027 ], [ -155.75448, 19.69946 ], [ -155.75476, 19.69918 ], [ -155.75419, 19.69892 ], [ -155.75416, 19.69757 ], [ -155.75387, 19.6973 ], [ -155.7533, 19.69731 ], [ -155.75331, 19.69758 ], [ -155.75216, 19.69733 ], [ -155.7516, 19.69788 ], [ -155.75074, 19.69789 ], [ -155.75016, 19.69736 ], [ -155.74901, 19.69737 ], [ -155.74874, 19.69792 ], [ -155.74731, 19.69794 ], [ -155.747, 19.69686 ], [ -155.74672, 19.69687 ], [ -155.74669, 19.69524 ], [ -155.74553, 19.69445 ], [ -155.74552, 19.69364 ], [ -155.74609, 19.69363 ], [ -155.74636, 19.69281 ], [ -155.74665, 19.69281 ], [ -155.7469, 19.69118 ], [ -155.74776, 19.69089 ], [ -155.74774, 19.69008 ], [ -155.74887, 19.68898 ], [ -155.74855, 19.68682 ], [ -155.74768, 19.68629 ], [ -155.74766, 19.68521 ], [ -155.7465, 19.68441 ], [ -155.74648, 19.68306 ], [ -155.7459, 19.68279 ], [ -155.74619, 19.68252 ], [ -155.74616, 19.68117 ], [ -155.74588, 19.68117 ], [ -155.74587, 19.68063 ], [ -155.74672, 19.68007 ], [ -155.74669, 19.67872 ], [ -155.74754, 19.67817 ], [ -155.74751, 19.67663 ] ] ] ] } },
{ "type": "Feature", "properties": { "unit_id": "U-001", "name": "Puʻu Anahulu - Mauka", "type": "Reserve", "area_ha": 335.7, "c_firevuln": 61.0, "c_consval": 10.0, "c_commval": 0.0, "c_respmgmt": 53.0, "c_prevmgmt": 45.0 }, "geometry": { "type": "Polygon", "coordinates": [ [ [ -155.79228, 19.83378 ], [ -155.79227, 19.83322 ], [ -155.79284, 19.83294 ], [ -155.79283, 19.8324 ], [ -155.79226, 19.83213 ], [ -155.79224, 19.83132 ], [ -155.79196, 19.83133 ], [ -155.7922, 19.82889 ], [ -155.79162, 19.82862 ], [ -155.79161, 19.82781 ], [ -155.79074, 19.82728 ], [ -155.79072, 19.8262 ], [ -155.79014, 19.82594 ], [ -155.79013, 19.8254 ], [ -155.78724, 19.82328 ], [ -155.78721, 19.82165 ], [ -155.78692, 19.82166 ], [ -155.78691, 19.82111 ], [ -155.7872, 19.82111 ], [ -155.78713, 19.81705 ], [ -155.78684, 19.81705 ], [ -155.78683, 19.81651 ], [ -155.78625, 19.81598 ], [ -155.78568, 19.81599 ], [ -155.7851, 19.81545 ], [ -155.78508, 19.81437 ], [ -155.78479, 19.81438 ], [ -155.78449, 19.8133 ], [ -155.7842, 19.8133 ], [ -155.78414, 19.81005 ], [ -155.78386, 19.81006 ], [ -155.78355, 19.80898 ], [ -155.78327, 19.80898 ], [ -155.78322, 19.80627 ], [ -155.78264, 19.80601 ], [ -155.78263, 19.8052 ], [ -155.78148, 19.80522 ], [ -155.78147, 19.80468 ], [ -155.78119, 19.80468 ], [ -155.78117, 19.8036 ], [ -155.78145, 19.80359 ], [ -155.78143, 19.80197 ], [ -155.78114, 19.80197 ], [ -155.78113, 19.80143 ], [ -155.78227, 19.80114 ], [ -155.78226, 19.8006 ], [ -155.7814, 19.80034 ], [ -155.78138, 19.79926 ], [ -155.78166, 19.79898 ], [ -155.78252, 19.79924 ], [ -155.78253, 19.79951 ], [ -155.7831, 19.7995 ], [ -155.78368, 19.80004 ], [ -155.78371, 19.80139 ], [ -155.78429, 19.80192 ], [ -155.78401, 19.80247 ], [ -155.78459, 19.803 ], [ -155.78631, 19.80325 ], [ -155.78661, 19.80378 ], [ -155.78747, 19.80377 ], [ -155.78805, 19.8043 ], [ -155.78891, 19.80429 ], [ -155.78891, 19.80456 ], [ -155.79006, 19.80481 ], [ -155.79037, 19.80589 ], [ -155.79182, 19.80695 ], [ -155.79185, 19.80912 ], [ -155.79447, 19.81124 ], [ -155.79448, 19.81206 ], [ -155.79506, 19.81259 ], [ -155.79508, 19.8134 ], [ -155.79565, 19.81339 ], [ -155.79798, 19.81552 ], [ -155.79776, 19.81959 ], [ -155.79805, 19.81958 ], [ -155.79837, 19.82175 ], [ -155.7978, 19.82203 ], [ -155.79784, 19.82392 ], [ -155.79842, 19.82445 ], [ -155.79846, 19.82689 ], [ -155.79904, 19.82715 ], [ -155.79907, 19.82878 ], [ -155.79964, 19.82904 ], [ -155.79966, 19.82985 ], [ -155.80053, 19.83038 ], [ -155.80054, 19.83119 ], [ -155.80083, 19.83136 ], [ -155.79616, 19.83371 ], [ -155.79228, 19.83378 ] ] ] } },
{ "type": "Feature", "properties": { "unit_id": "U-002", "name": "Puʻu Anahulu - Mauka", "type": "Reserve", "area_ha": 3728.8, "c_firevuln": 47.0, "c_consval": 15.0, "c_commval": 0.0, "c_respmgmt": 38.0, "c_prevmgmt": 42.0 }, "geometry": { "type": "Polygon", "coordinates": [ [ [ -155.74729, 19.84124 ], [ -155.74612, 19.839 ], [ -155.74422, 19.83715 ], [ -155.74173, 19.83589 ], [ -155.73518, 19.83379 ], [ -155.73346, 19.83284 ], [ -155.73225, 19.83132 ], [ -155.73086, 19.8274 ], [ -155.72957, 19.82569 ], [ -155.72151, 19.81989 ], [ -155.7164, 19.81374 ], [ -155.7015, 19.8024 ], [ -155.69939, 19.80164 ], [ -155.68748, 19.79918 ], [ -155.67997, 19.79418 ], [ -155.67722, 19.79317 ], [ -155.67506, 19.79296 ], [ -155.66647, 19.79322 ], [ -155.65562, 19.78913 ], [ -155.653, 19.78847 ], [ -155.65004, 19.78849 ], [ -155.64694, 19.78938 ], [ -155.64458, 19.79078 ], [ -155.64079, 19.79398 ], [ -155.63791, 19.79474 ], [ -155.62868, 19.79333 ], [ -155.6261, 19.79205 ], [ -155.66922, 19.78474 ], [ -155.69892, 19.77385 ], [ -155.70061, 19.74802 ], [ -155.70826, 19.73987 ], [ -155.70855, 19.73998 ], [ -155.70858, 19.74187 ], [ -155.71148, 19.74454 ], [ -155.7115, 19.74562 ], [ -155.71208, 19.74588 ], [ -155.7121, 19.74696 ], [ -155.71413, 19.74883 ], [ -155.7147, 19.74882 ], [ -155.71587, 19.75016 ], [ -155.71644, 19.75015 ], [ -155.71761, 19.75121 ], [ -155.71761, 19.75176 ], [ -155.71819, 19.75202 ], [ -155.7185, 19.75337 ], [ -155.71879, 19.75336 ], [ -155.7188, 19.75418 ], [ -155.71909, 19.75417 ], [ -155.71912, 19.75634 ], [ -155.71941, 19.75633 ], [ -155.71942, 19.75715 ], [ -155.72057, 19.7574 ], [ -155.72115, 19.75793 ], [ -155.72116, 19.75847 ], [ -155.72232, 19.75927 ], [ -155.72206, 19.7609 ], [ -155.72178, 19.7609 ], [ -155.7218, 19.76253 ], [ -155.7244, 19.76384 ], [ -155.72441, 19.76465 ], [ -155.72528, 19.76518 ], [ -155.7253, 19.76654 ], [ -155.72588, 19.76653 ], [ -155.72675, 19.76733 ], [ -155.7268, 19.77031 ], [ -155.72709, 19.7703 ], [ -155.72745, 19.77463 ], [ -155.72802, 19.77462 ], [ -155.72803, 19.77516 ], [ -155.7286, 19.77543 ], [ -155.72861, 19.77597 ], [ -155.72919, 19.77623 ], [ -155.72949, 19.77731 ], [ -155.73037, 19.77811 ], [ -155.73039, 19.77973 ], [ -155.72955, 19.78056 ], [ -155.72956, 19.78137 ], [ -155.73072, 19.78216 ], [ -155.73103, 19.78324 ], [ -155.73131, 19.78324 ], [ -155.73162, 19.78432 ], [ -155.7319, 19.78431 ], [ -155.73193, 19.78567 ], [ -155.73221, 19.78566 ], [ -155.73222, 19.7862 ], [ -155.73193, 19.78621 ], [ -155.73195, 19.78702 ], [ -155.73282, 19.78755 ], [ -155.73283, 19.78863 ], [ -155.7337, 19.78889 ], [ -155.73401, 19.79051 ], [ -155.73373, 19.79052 ], [ -155.73374, 19.79133 ], [ -155.73432, 19.79159 ], [ -155.73436, 19.79403 ], [ -155.73494, 19.79456 ], [ -155.73495, 19.79537 ], [ -155.73583, 19.79617 ], [ -155.73584, 19.79726 ], [ -155.73642, 19.79752 ], [ -155.73616, 19.79915 ], [ -155.73588, 19.79915 ], [ -155.7359, 19.80078 ], [ -155.73649, 19.80131 ], [ -155.73706, 19.8013 ], [ -155.73735, 19.80184 ], [ -155.73793, 19.80183 ], [ -155.73794, 19.80264 ], [ -155.73881, 19.80317 ], [ -155.73911, 19.80425 ], [ -155.73997, 19.80451 ], [ -155.74027, 19.80531 ], [ -155.74056, 19.80531 ], [ -155.74089, 19.80774 ], [ -155.74176, 19.80827 ], [ -155.74148, 19.80909 ], [ -155.74177, 19.80908 ], [ -155.74179, 19.81044 ], [ -155.74237, 19.8107 ], [ -155.74297, 19.81231 ], [ -155.74326, 19.81231 ], [ -155.74356, 19.81339 ], [ -155.74385, 19.81338 ], [ -155.74418, 19.81636 ], [ -155.74563, 19.81715 ], [ -155.74564, 19.81769 ], [ -155.7468, 19.81849 ], [ -155.74681, 19.8193 ], [ -155.74739, 19.81983 ], [ -155.74883, 19.82008 ], [ -155.74884, 19.82062 ], [ -155.74941, 19.82088 ], [ -155.74942, 19.82142 ], [ -155.75, 19.82142 ], [ -155.75001, 19.82223 ], [ -155.7503, 19.82222 ], [ -155.7506, 19.8233 ], [ -155.75118, 19.82383 ], [ -155.75175, 19.82383 ], [ -155.75177, 19.82464 ], [ -155.75206, 19.8249 ], [ -155.75177, 19.82491 ], [ -155.75178, 19.82545 ], [ -155.75207, 19.82545 ], [ -155.75209, 19.8268 ], [ -155.75238, 19.8268 ], [ -155.75241, 19.82869 ], [ -155.75212, 19.8287 ], [ -155.75215, 19.83005 ], [ -155.75187, 19.83033 ], [ -155.75215, 19.83032 ], [ -155.75245, 19.83113 ], [ -155.75302, 19.83112 ], [ -155.75304, 19.83193 ], [ -155.75276, 19.83221 ], [ -155.75334, 19.83274 ], [ -155.75307, 19.83356 ], [ -155.75278, 19.83356 ], [ -155.7528, 19.83464 ], [ -155.75367, 19.83517 ], [ -155.75368, 19.83571 ], [ -155.75571, 19.83758 ], [ -155.75603, 19.8392 ], [ -155.7566, 19.83919 ], [ -155.75661, 19.83973 ], [ -155.75719, 19.84026 ], [ -155.75776, 19.84026 ], [ -155.75807, 19.8417 ], [ -155.7482, 19.84426 ], [ -155.74729, 19.84124 ] ] ] } },
{ "type": "Feature", "properties": { "unit_id": "U-003", "name": "Puʻu Anahulu - Mauka", "type": "Reserve", "area_ha": 3337.1, "c_firevuln": 7.0, "c_consval": 0.0, "c_commval": 0.0, "c_respmgmt": 21.0, "c_prevmgmt": 31.0 }, "geometry": { "type": "Polygon", "coordinates": [ [ [ -155.78166, 19.79898 ], [ -155.78165, 19.79844 ], [ -155.78049, 19.79765 ], [ -155.78048, 19.79684 ], [ -155.78019, 19.79684 ], [ -155.78016, 19.79467 ], [ -155.78044, 19.79467 ], [ -155.78043, 19.79386 ], [ -155.78014, 19.79386 ], [ -155.78012, 19.79278 ], [ -155.77984, 19.79278 ], [ -155.7804, 19.79223 ], [ -155.78067, 19.79115 ], [ -155.78152, 19.79113 ], [ -155.7815, 19.78951 ], [ -155.78121, 19.78951 ], [ -155.78117, 19.78735 ], [ -155.78089, 19.78735 ], [ -155.78087, 19.78654 ], [ -155.77971, 19.78547 ], [ -155.77684, 19.78525 ], [ -155.77626, 19.78471 ], [ -155.77625, 19.78417 ], [ -155.77597, 19.78418 ], [ -155.77594, 19.78255 ], [ -155.77622, 19.78228 ], [ -155.77564, 19.78201 ], [ -155.77563, 19.7812 ], [ -155.77534, 19.78121 ], [ -155.77533, 19.78039 ], [ -155.77562, 19.78039 ], [ -155.77531, 19.77931 ], [ -155.7756, 19.77931 ], [ -155.77559, 19.77876 ], [ -155.7753, 19.77877 ], [ -155.77528, 19.77769 ], [ -155.7747, 19.77715 ], [ -155.77413, 19.77716 ], [ -155.7738, 19.775 ], [ -155.77322, 19.77447 ], [ -155.77122, 19.7745 ], [ -155.77092, 19.77369 ], [ -155.77035, 19.7737 ], [ -155.77005, 19.77316 ], [ -155.7692, 19.77318 ], [ -155.76919, 19.77263 ], [ -155.76861, 19.77264 ], [ -155.76803, 19.77184 ], [ -155.76688, 19.77186 ], [ -155.76629, 19.77078 ], [ -155.76572, 19.77079 ], [ -155.76571, 19.76998 ], [ -155.76484, 19.76945 ], [ -155.76423, 19.76729 ], [ -155.76337, 19.76704 ], [ -155.76278, 19.76623 ], [ -155.7602, 19.766 ], [ -155.7602, 19.76573 ], [ -155.75963, 19.76574 ], [ -155.75904, 19.76521 ], [ -155.75903, 19.76467 ], [ -155.75875, 19.76467 ], [ -155.75903, 19.76439 ], [ -155.75901, 19.76304 ], [ -155.75842, 19.76251 ], [ -155.75785, 19.76252 ], [ -155.75783, 19.76143 ], [ -155.75812, 19.76143 ], [ -155.75781, 19.76008 ], [ -155.75724, 19.76009 ], [ -155.75637, 19.75929 ], [ -155.75635, 19.75821 ], [ -155.75519, 19.75741 ], [ -155.75518, 19.75687 ], [ -155.75432, 19.75688 ], [ -155.75431, 19.75634 ], [ -155.75403, 19.75635 ], [ -155.75399, 19.75418 ], [ -155.75428, 19.75418 ], [ -155.75426, 19.75336 ], [ -155.75455, 19.75336 ], [ -155.75423, 19.75174 ], [ -155.7548, 19.75146 ], [ -155.75422, 19.75065 ], [ -155.75478, 19.7501 ], [ -155.75449, 19.75011 ], [ -155.75418, 19.74849 ], [ -155.75389, 19.74849 ], [ -155.75416, 19.74713 ], [ -155.75329, 19.74661 ], [ -155.75325, 19.74417 ], [ -155.75353, 19.74389 ], [ -155.75295, 19.74336 ], [ -155.75294, 19.74282 ], [ -155.75033, 19.74096 ], [ -155.75032, 19.74042 ], [ -155.75061, 19.74042 ], [ -155.7503, 19.73934 ], [ -155.74973, 19.73935 ], [ -155.74886, 19.73855 ], [ -155.74771, 19.73857 ], [ -155.74684, 19.73777 ], [ -155.74683, 19.73722 ], [ -155.74568, 19.73643 ], [ -155.74536, 19.73481 ], [ -155.74478, 19.73428 ], [ -155.74392, 19.73429 ], [ -155.74362, 19.73348 ], [ -155.74276, 19.73322 ], [ -155.74274, 19.73187 ], [ -155.74187, 19.73134 ], [ -155.74185, 19.73026 ], [ -155.74157, 19.73026 ], [ -155.74155, 19.72945 ], [ -155.74184, 19.72945 ], [ -155.74153, 19.7281 ], [ -155.74095, 19.72756 ], [ -155.74009, 19.72758 ], [ -155.73893, 19.72651 ], [ -155.73891, 19.7257 ], [ -155.73775, 19.72463 ], [ -155.73772, 19.72301 ], [ -155.73656, 19.72194 ], [ -155.73626, 19.72086 ], [ -155.73597, 19.72087 ], [ -155.73622, 19.7187 ], [ -155.73678, 19.71815 ], [ -155.73676, 19.71679 ], [ -155.73647, 19.7168 ], [ -155.73645, 19.71544 ], [ -155.73588, 19.71545 ], [ -155.73587, 19.71491 ], [ -155.735, 19.71438 ], [ -155.73526, 19.71248 ], [ -155.73583, 19.71247 ], [ -155.73639, 19.71192 ], [ -155.73637, 19.71084 ], [ -155.73694, 19.71083 ], [ -155.73693, 19.70975 ], [ -155.73749, 19.70947 ], [ -155.73776, 19.70836 ], [ -155.74188, 19.70396 ], [ -155.73953, 19.69497 ], [ -155.74038, 19.69453 ], [ -155.74036, 19.69317 ], [ -155.74093, 19.69289 ], [ -155.74062, 19.69181 ], [ -155.74034, 19.69182 ], [ -155.74062, 19.69154 ], [ -155.7406, 19.69046 ], [ -155.73886, 19.68886 ], [ -155.73884, 19.68805 ], [ -155.73798, 19.68752 ], [ -155.73796, 19.68644 ], [ -155.73767, 19.68644 ], [ -155.73766, 19.6859 ], [ -155.73823, 19.68562 ], [ -155.73819, 19.68318 ], [ -155.73875, 19.68263 ], [ -155.73873, 19.68155 ], [ -155.73845, 19.68155 ], [ -155.73815, 19.68075 ], [ -155.737, 19.68076 ], [ -155.73699, 19.67995 ], [ -155.73756, 19.67967 ], [ -155.73755, 19.67913 ], [ -155.73726, 19.67913 ], [ -155.73724, 19.67751 ], [ -155.73608, 19.67699 ], [ -155.73607, 19.67617 ], [ -155.7355, 19.67618 ], [ -155.73576, 19.67482 ], [ -155.73519, 19.67483 ], [ -155.73403, 19.67377 ], [ -155.73329, 19.67121 ], [ -155.74751, 19.67663 ], [ -155.74754, 19.67817 ], [ -155.74669, 19.67872 ], [ -155.74672, 19.68007 ], [ -155.74587, 19.68063 ], [ -155.74588, 19.68117 ], [ -155.74616, 19.68117 ], [ -155.74619, 19.68252 ], [ -155.7459, 19.68279 ], [ -155.74648, 19.68306 ], [ -155.7465, 19.68441 ], [ -155.74766, 19.68521 ], [ -155.74768, 19.68629 ], [ -155.74855, 19.68682 ], [ -155.74887, 19.68898 ], [ -155.74774, 19.69008 ], [ -155.74776, 19.69089 ], [ -155.7469, 19.69118 ], [ -155.74665, 19.69281 ], [ -155.74636, 19.69281 ], [ -155.74609, 19.69363 ], [ -155.74552, 19.69364 ], [ -155.74553, 19.69445 ], [ -155.74669, 19.69524 ], [ -155.74672, 19.69687 ], [ -155.747, 19.69686 ], [ -155.74731, 19.69794 ], [ -155.74874, 19.69792 ], [ -155.74901, 19.69737 ], [ -155.75016, 19.69736 ], [ -155.75074, 19.69789 ], [ -155.7516, 19.69788 ], [ -155.75216, 19.69733 ], [ -155.75331, 19.69758 ], [ -155.7533, 19.69731 ], [ -155.75387, 19.6973 ], [ -155.75416, 19.69757 ], [ -155.75419, 19.69892 ], [ -155.75476, 19.69918 ], [ -155.75448, 19.69946 ], [ -155.7545, 19.70027 ], [ -155.75421, 19.70027 ], [ -155.75423, 19.70136 ], [ -155.75451, 19.70135 ], [ -155.75456, 19.70379 ], [ -155.75513, 19.70405 ], [ -155.75516, 19.70568 ], [ -155.75487, 19.70568 ], [ -155.7546, 19.7065 ], [ -155.75403, 19.70651 ], [ -155.75405, 19.70759 ], [ -155.75376, 19.70759 ], [ -155.75437, 19.70948 ], [ -155.75381, 19.71003 ], [ -155.75295, 19.71004 ], [ -155.75268, 19.7114 ], [ -155.75212, 19.71195 ], [ -155.75155, 19.71196 ], [ -155.75186, 19.71331 ], [ -155.75244, 19.71357 ], [ -155.75215, 19.71385 ], [ -155.75217, 19.71493 ], [ -155.75275, 19.71519 ], [ -155.75281, 19.71899 ], [ -155.75253, 19.71899 ], [ -155.75254, 19.7198 ], [ -155.75198, 19.72035 ], [ -155.75199, 19.72089 ], [ -155.75228, 19.72089 ], [ -155.75259, 19.72251 ], [ -155.75317, 19.72277 ], [ -155.75318, 19.72358 ], [ -155.75376, 19.72385 ], [ -155.75349, 19.72493 ], [ -155.75292, 19.72521 ], [ -155.75295, 19.72711 ], [ -155.75499, 19.72897 ], [ -155.75814, 19.7292 ], [ -155.75902, 19.73054 ], [ -155.75988, 19.73052 ], [ -155.76017, 19.73106 ], [ -155.76132, 19.73104 ], [ -155.76219, 19.73184 ], [ -155.76362, 19.73182 ], [ -155.76363, 19.73236 ], [ -155.76421, 19.73289 ], [ -155.76422, 19.73371 ], [ -155.76479, 19.7337 ], [ -155.7648, 19.73424 ], [ -155.76567, 19.73477 ], [ -155.76568, 19.73531 ], [ -155.76684, 19.73638 ], [ -155.76799, 19.73663 ], [ -155.76887, 19.7377 ], [ -155.76944, 19.73769 ], [ -155.76975, 19.73931 ], [ -155.77147, 19.73901 ], [ -155.77205, 19.73982 ], [ -155.7732, 19.74007 ], [ -155.77408, 19.74114 ], [ -155.77465, 19.74113 ], [ -155.77553, 19.7422 ], [ -155.7761, 19.74219 ], [ -155.77697, 19.74299 ], [ -155.77727, 19.7438 ], [ -155.7787, 19.74405 ], [ -155.779, 19.74485 ], [ -155.77987, 19.74538 ], [ -155.77988, 19.74592 ], [ -155.78162, 19.74725 ], [ -155.78138, 19.74996 ], [ -155.78254, 19.75103 ], [ -155.78256, 19.75211 ], [ -155.78314, 19.75264 ], [ -155.78319, 19.75508 ], [ -155.78405, 19.75534 ], [ -155.78437, 19.75723 ], [ -155.78466, 19.7575 ], [ -155.7858, 19.75748 ], [ -155.78582, 19.75856 ], [ -155.78611, 19.75856 ], [ -155.78612, 19.75937 ], [ -155.78641, 19.75937 ], [ -155.78644, 19.76099 ], [ -155.78789, 19.76205 ], [ -155.7879, 19.76313 ], [ -155.78734, 19.76368 ], [ -155.78737, 19.76531 ], [ -155.78681, 19.76586 ], [ -155.78682, 19.7664 ], [ -155.78625, 19.76668 ], [ -155.78626, 19.76722 ], [ -155.78597, 19.76723 ], [ -155.786, 19.76885 ], [ -155.78658, 19.76911 ], [ -155.78659, 19.76993 ], [ -155.78745, 19.76991 ], [ -155.78746, 19.77045 ], [ -155.78775, 19.77045 ], [ -155.78747, 19.771 ], [ -155.78776, 19.77099 ], [ -155.78782, 19.77451 ], [ -155.78839, 19.77477 ], [ -155.7884, 19.77532 ], [ -155.78898, 19.77585 ], [ -155.789, 19.77693 ], [ -155.79103, 19.77852 ], [ -155.79104, 19.77907 ], [ -155.79162, 19.77906 ], [ -155.79164, 19.78041 ], [ -155.79222, 19.78067 ], [ -155.79195, 19.78176 ], [ -155.79338, 19.78174 ], [ -155.7934, 19.78309 ], [ -155.79457, 19.78416 ], [ -155.79459, 19.78551 ], [ -155.79517, 19.78577 ], [ -155.79518, 19.78659 ], [ -155.79576, 19.78685 ], [ -155.79578, 19.78793 ], [ -155.79635, 19.78819 ], [ -155.79636, 19.78873 ], [ -155.79693, 19.78872 ], [ -155.79695, 19.78981 ], [ -155.79753, 19.79007 ], [ -155.79754, 19.79088 ], [ -155.79926, 19.79086 ], [ -155.79981, 19.79139 ], [ -155.80161, 19.79402 ], [ -155.80192, 19.79542 ], [ -155.80278, 19.79595 ], [ -155.8028, 19.79676 ], [ -155.80366, 19.79702 ], [ -155.80425, 19.79788 ], [ -155.80428, 19.79944 ], [ -155.80515, 19.80024 ], [ -155.80517, 19.80133 ], [ -155.80574, 19.80159 ], [ -155.80575, 19.80213 ], [ -155.80634, 19.80266 ], [ -155.80691, 19.80265 ], [ -155.8072, 19.80319 ], [ -155.80791, 19.80318 ], [ -155.80953, 19.80551 ], [ -155.80955, 19.80667 ], [ -155.81042, 19.8072 ], [ -155.81073, 19.80828 ], [ -155.81165, 19.80854 ], [ -155.81247, 19.80971 ], [ -155.81219, 19.80988 ], [ -155.81221, 19.81124 ], [ -155.81279, 19.8115 ], [ -155.81309, 19.81231 ], [ -155.81395, 19.81229 ], [ -155.81482, 19.81309 ], [ -155.81512, 19.8139 ], [ -155.81599, 19.81476 ], [ -155.81631, 19.81659 ], [ -155.81747, 19.81765 ], [ -155.81752, 19.82009 ], [ -155.81723, 19.8201 ], [ -155.81725, 19.82091 ], [ -155.81899, 19.82223 ], [ -155.819, 19.82278 ], [ -155.81986, 19.8233 ], [ -155.82016, 19.82411 ], [ -155.82074, 19.8241 ], [ -155.82103, 19.82464 ], [ -155.82189, 19.82463 ], [ -155.8219, 19.82517 ], [ -155.82277, 19.82597 ], [ -155.82278, 19.82651 ], [ -155.82335, 19.82651 ], [ -155.81586, 19.83019 ], [ -155.81135, 19.83089 ], [ -155.80054, 19.83119 ], [ -155.80053, 19.83038 ], [ -155.79966, 19.82985 ], [ -155.79964, 19.82904 ], [ -155.79907, 19.82878 ], [ -155.79904, 19.82715 ], [ -155.79846, 19.82689 ], [ -155.79842, 19.82445 ], [ -155.79784, 19.82392 ], [ -155.7978, 19.82203 ], [ -155.79837, 19.82175 ], [ -155.79805, 19.81958 ], [ -155.79776, 19.81959 ], [ -155.79798, 19.81552 ], [ -155.79565, 19.81339 ], [ -155.79508, 19.8134 ], [ -155.79506, 19.81259 ], [ -155.79448, 19.81206 ], [ -155.79447, 19.81124 ], [ -155.79185, 19.80912 ], [ -155.79182, 19.80695 ], [ -155.79037, 19.80589 ], [ -155.79006, 19.80481 ], [ -155.78891, 19.80456 ], [ -155.78891, 19.80429 ], [ -155.78805, 19.8043 ], [ -155.78747, 19.80377 ], [ -155.78661, 19.80378 ], [ -155.78631, 19.80325 ], [ -155.78459, 19.803 ], [ -155.78401, 19.80247 ], [ -155.78429, 19.80192 ], [ -155.78371, 19.80139 ], [ -155.78368, 19.80004 ], [ -155.7831, 19.7995 ], [ -155.78253, 19.79951 ], [ -155.78252, 19.79924 ], [ -155.78166, 19.79898 ] ] ] } },
{ "type": "Feature", "properties": { "unit_id": "U-004", "name": "Puʻu Anahulu - Mauka", "type": "Reserve", "area_ha": 5317.4, "c_firevuln": 55.0, "c_consval": 16.0, "c_commval": 0.0, "c_respmgmt": 53.0, "c_prevmgmt": 40.0 }, "geometry": { "type": "MultiPolygon", "coordinates": [ [ [ [ -155.70826, 19.73987 ], [ -155.73776, 19.70836 ], [ -155.73749, 19.70947 ], [ -155.73693, 19.70975 ], [ -155.73694, 19.71083 ], [ -155.73637, 19.71084 ], [ -155.73639, 19.71192 ], [ -155.73583, 19.71247 ], [ -155.73526, 19.71248 ], [ -155.73527, 19.71357 ], [ -155.73499, 19.71357 ], [ -155.735, 19.71438 ], [ -155.73587, 19.71491 ], [ -155.73588, 19.71545 ], [ -155.73645, 19.71544 ], [ -155.73647, 19.7168 ], [ -155.73676, 19.71679 ], [ -155.73678, 19.71815 ], [ -155.73622, 19.7187 ], [ -155.73597, 19.72087 ], [ -155.73626, 19.72086 ], [ -155.73656, 19.72194 ], [ -155.73772, 19.72301 ], [ -155.73775, 19.72463 ], [ -155.73891, 19.7257 ], [ -155.73893, 19.72651 ], [ -155.74009, 19.72758 ], [ -155.74095, 19.72756 ], [ -155.74153, 19.7281 ], [ -155.74184, 19.72945 ], [ -155.74155, 19.72945 ], [ -155.74157, 19.73026 ], [ -155.74185, 19.73026 ], [ -155.74187, 19.73134 ], [ -155.74274, 19.73187 ], [ -155.74276, 19.73322 ], [ -155.74362, 19.73348 ], [ -155.74392, 19.73429 ], [ -155.74478, 19.73428 ], [ -155.74536, 19.73481 ], [ -155.74568, 19.73643 ], [ -155.74683, 19.73722 ], [ -155.74684, 19.73777 ], [ -155.74771, 19.73857 ], [ -155.74886, 19.73855 ], [ -155.74973, 19.73935 ], [ -155.7503, 19.73934 ], [ -155.75061, 19.74042 ], [ -155.75032, 19.74042 ], [ -155.75033, 19.74096 ], [ -155.75294, 19.74282 ], [ -155.75295, 19.74336 ], [ -155.75353, 19.74389 ], [ -155.75325, 19.74417 ], [ -155.75329, 19.74661 ], [ -155.75416, 19.74713 ], [ -155.75389, 19.74849 ], [ -155.75418, 19.74849 ], [ -155.75449, 19.75011 ], [ -155.75478, 19.7501 ], [ -155.75422, 19.75065 ], [ -155.7548, 19.75146 ], [ -155.75423, 19.75174 ], [ -155.75455, 19.75336 ], [ -155.75426, 19.75336 ], [ -155.75428, 19.75418 ], [ -155.75399, 19.75418 ], [ -155.75403, 19.75635 ], [ -155.75431, 19.75634 ], [ -155.75432, 19.75688 ], [ -155.75518, 19.75687 ], [ -155.75519, 19.75741 ], [ -155.75635, 19.75821 ], [ -155.75637, 19.75929 ], [ -155.75724, 19.76009 ], [ -155.75781, 19.76008 ], [ -155.75812, 19.76143 ], [ -155.75783, 19.76143 ], [ -155.75785, 19.76252 ], [ -155.75842, 19.76251 ], [ -155.75901, 19.76304 ], [ -155.75903, 19.76439 ], [ -155.75875, 19.76467 ], [ -155.75903, 19.76467 ], [ -155.75904, 19.76521 ], [ -155.75963, 19.76574 ], [ -155.7602, 19.76573 ], [ -155.7602, 19.766 ], [ -155.76278, 19.76623 ], [ -155.76337, 19.76704 ], [ -155.76423, 19.76729 ], [ -155.76484, 19.76945 ], [ -155.76571, 19.76998 ], [ -155.76572, 19.77079 ], [ -155.76629, 19.77078 ], [ -155.76688, 19.77186 ], [ -155.76803, 19.77184 ], [ -155.76861, 19.77264 ], [ -155.76919, 19.77263 ], [ -155.7692, 19.77318 ], [ -155.77005, 19.77316 ], [ -155.77035, 19.7737 ], [ -155.77092, 19.77369 ], [ -155.77122, 19.7745 ], [ -155.77322, 19.77447 ], [ -155.7738, 19.775 ], [ -155.77413, 19.77716 ], [ -155.7747, 19.77715 ], [ -155.77528, 19.77769 ], [ -155.7753, 19.77877 ], [ -155.77559, 19.77876 ], [ -155.7756, 19.77931 ], [ -155.77531, 19.77931 ], [ -155.77562, 19.78039 ], [ -155.77533, 19.78039 ], [ -155.77534, 19.78121 ], [ -155.77563, 19.7812 ], [ -155.77564, 19.78201 ], [ -155.77622, 19.78228 ], [ -155.77594, 19.78255 ], [ -155.77597, 19.78418 ], [ -155.77625, 19.78417 ], [ -155.77626, 19.78471 ], [ -155.77684, 19.78525 ], [ -155.77971, 19.78547 ], [ -155.78087, 19.78654 ], [ -155.78089, 19.78735 ], [ -155.78117, 19.78735 ], [ -155.78121, 19.78951 ], [ -155.7815, 19.78951 ], [ -155.78152, 19.79113 ], [ -155.78067, 19.79115 ], [ -155.7804, 19.79223 ], [ -155.77984, 19.79278 ], [ -155.78012, 19.79278 ], [ -155.78014, 19.79386 ], [ -155.78043, 19.79386 ], [ -155.78044, 19.79467 ], [ -155.78016, 19.79467 ], [ -155.78019, 19.79684 ], [ -155.78048, 19.79684 ], [ -155.78049, 19.79765 ], [ -155.78165, 19.79844 ], [ -155.7814, 19.80034 ], [ -155.78226, 19.8006 ], [ -155.78227, 19.80114 ], [ -155.78113, 19.80143 ], [ -155.78114, 19.80197 ], [ -155.78143, 19.80197 ], [ -155.78145, 19.80359 ], [ -155.78117, 19.8036 ], [ -155.78119, 19.80468 ], [ -155.78147, 19.80468 ], [ -155.78148, 19.80522 ], [ -155.78263, 19.8052 ], [ -155.78264, 19.80601 ], [ -155.78322, 19.80627 ], [ -155.78327, 19.80898 ], [ -155.78355, 19.80898 ], [ -155.78386, 19.81006 ], [ -155.78414, 19.81005 ], [ -155.7842, 19.8133 ], [ -155.78449, 19.8133 ], [ -155.78479, 19.81438 ], [ -155.78508, 19.81437 ], [ -155.7851, 19.81545 ], [ -155.78568, 19.81599 ], [ -155.78625, 19.81598 ], [ -155.78683, 19.81651 ], [ -155.78684, 19.81705 ], [ -155.78713, 19.81705 ], [ -155.7872, 19.82111 ], [ -155.78691, 19.82111 ], [ -155.78692, 19.82166 ], [ -155.78721, 19.82165 ], [ -155.78724, 19.82328 ], [ -155.79013, 19.8254 ], [ -155.79014, 19.82594 ], [ -155.79072, 19.8262 ], [ -155.79074, 19.82728 ], [ -155.79161, 19.82781 ], [ -155.79162, 19.82862 ], [ -155.7922, 19.82889 ], [ -155.79196, 19.83133 ], [ -155.79224, 19.83132 ], [ -155.79226, 19.83213 ], [ -155.79283, 19.8324 ], [ -155.79284, 19.83294 ], [ -155.79227, 19.83322 ], [ -155.79228, 19.83378 ], [ -155.79005, 19.8337 ], [ -155.78804, 19.83406 ], [ -155.78553, 19.83561 ], [ -155.77756, 19.83819 ], [ -155.77036, 19.8376 ], [ -155.76454, 19.84 ], [ -155.75807, 19.8417 ], [ -155.75776, 19.84026 ], [ -155.75719, 19.84026 ], [ -155.75661, 19.83973 ], [ -155.7566, 19.83919 ], [ -155.75603, 19.8392 ], [ -155.75571, 19.83758 ], [ -155.75368, 19.83571 ], [ -155.75367, 19.83517 ], [ -155.7528, 19.83464 ], [ -155.75278, 19.83356 ], [ -155.75307, 19.83356 ], [ -155.75334, 19.83274 ], [ -155.75276, 19.83221 ], [ -155.75304, 19.83193 ], [ -155.75302, 19.83112 ], [ -155.75245, 19.83113 ], [ -155.75215, 19.83032 ], [ -155.75187, 19.83033 ], [ -155.75215, 19.83005 ], [ -155.75212, 19.8287 ], [ -155.75241, 19.82869 ], [ -155.75238, 19.8268 ], [ -155.75209, 19.8268 ], [ -155.75207, 19.82545 ], [ -155.75178, 19.82545 ], [ -155.75177, 19.82491 ], [ -155.75206, 19.8249 ], [ -155.75177, 19.82464 ], [ -155.75175, 19.82383 ], [ -155.75118, 19.82383 ], [ -155.7506, 19.8233 ], [ -155.7503, 19.82222 ], [ -155.75001, 19.82223 ], [ -155.75, 19.82142 ], [ -155.74942, 19.82142 ], [ -155.74941, 19.82088 ], [ -155.74884, 19.82062 ], [ -155.74883, 19.82008 ], [ -155.74739, 19.81983 ], [ -155.74681, 19.8193 ], [ -155.7468, 19.81849 ], [ -155.74564, 19.81769 ], [ -155.74563, 19.81715 ], [ -155.74418, 19.81636 ], [ -155.74385, 19.81338 ], [ -155.74356, 19.81339 ], [ -155.74326, 19.81231 ], [ -155.74297, 19.81231 ], [ -155.74237, 19.8107 ], [ -155.74179, 19.81044 ], [ -155.74177, 19.80908 ], [ -155.74148, 19.80909 ], [ -155.74176, 19.80827 ], [ -155.74089, 19.80774 ], [ -155.74056, 19.80531 ], [ -155.74027, 19.80531 ], [ -155.73997, 19.80451 ], [ -155.73911, 19.80425 ], [ -155.73881, 19.80317 ], [ -155.73794, 19.80264 ], [ -155.73793, 19.80183 ], [ -155.73735, 19.80184 ], [ -155.73706, 19.8013 ], [ -155.73649, 19.80131 ], [ -155.7359, 19.80078 ], [ -155.73588, 19.79915 ], [ -155.73616, 19.79915 ], [ -155.73642, 19.79752 ], [ -155.73584, 19.79726 ], [ -155.73583, 19.79617 ], [ -155.73495, 19.79537 ], [ -155.73494, 19.79456 ], [ -155.73436, 19.79403 ], [ -155.73432, 19.79159 ], [ -155.73374, 19.79133 ], [ -155.73373, 19.79052 ], [ -155.73401, 19.79051 ], [ -155.7337, 19.78889 ], [ -155.73283, 19.78863 ], [ -155.73282, 19.78755 ], [ -155.73195, 19.78702 ], [ -155.73193, 19.78621 ], [ -155.73222, 19.7862 ], [ -155.73221, 19.78566 ], [ -155.73193, 19.78567 ], [ -155.7319, 19.78431 ], [ -155.73162, 19.78432 ], [ -155.73131, 19.78324 ], [ -155.73103, 19.78324 ], [ -155.73072, 19.78216 ], [ -155.72956, 19.78137 ], [ -155.72955, 19.78056 ], [ -155.73039, 19.77973 ], [ -155.73037, 19.77811 ], [ -155.72949, 19.77731 ], [ -155.72919, 19.77623 ], [ -155.72861, 19.77597 ], [ -155.7286, 19.77543 ], [ -155.72803, 19.77516 ], [ -155.72802, 19.77462 ], [ -155.72745, 19.77463 ], [ -155.72709, 19.7703 ], [ -155.7268, 19.77031 ], [ -155.72675, 19.76733 ], [ -155.72588, 19.76653 ], [ -155.7253, 19.76654 ], [ -155.72528, 19.76518 ], [ -155.72441, 19.76465 ], [ -155.7244, 19.76384 ], [ -155.7218, 19.76253 ], [ -155.72178, 19.7609 ], [ -155.72206, 19.7609 ], [ -155.72232, 19.75927 ], [ -155.72116, 19.75847 ], [ -155.72115, 19.75793 ], [ -155.72057, 19.7574 ], [ -155.71942, 19.75715 ], [ -155.71941, 19.75633 ], [ -155.71912, 19.75634 ], [ -155.71909, 19.75417 ], [ -155.7188, 19.75418 ], [ -155.71879, 19.75336 ], [ -155.7185, 19.75337 ], [ -155.71819, 19.75202 ], [ -155.71761, 19.75176 ], [ -155.71761, 19.75121 ], [ -155.71644, 19.75015 ], [ -155.71587, 19.75016 ], [ -155.7147, 19.74882 ], [ -155.71413, 19.74883 ], [ -155.7121, 19.74696 ], [ -155.71208, 19.74588 ], [ -155.7115, 19.74562 ], [ -155.71148, 19.74454 ], [ -155.70858, 19.74187 ], [ -155.70855, 19.73998 ], [ -155.70826, 19.73987 ] ] ], [ [ [ -155.73804, 19.70806 ], [ -155.73804, 19.70811 ], [ -155.73799, 19.70811 ], [ -155.73804, 19.70806 ] ] ], [ [ [ -155.73389, 19.6735 ], [ -155.73519, 19.67483 ], [ -155.73576, 19.67482 ], [ -155.7355, 19.67618 ], [ -155.73607, 19.67617 ], [ -155.73608, 19.67699 ], [ -155.73724, 19.67751 ], [ -155.73726, 19.67913 ], [ -155.73755, 19.67913 ], [ -155.73756, 19.67967 ], [ -155.73699, 19.67995 ], [ -155.737, 19.68076 ], [ -155.73815, 19.68075 ], [ -155.73845, 19.68155 ], [ -155.73873, 19.68155 ], [ -155.73875, 19.68263 ], [ -155.73819, 19.68318 ], [ -155.73823, 19.68562 ], [ -155.73766, 19.6859 ], [ -155.73767, 19.68644 ], [ -155.73796, 19.68644 ], [ -155.73798, 19.68752 ], [ -155.73884, 19.68805 ], [ -155.73886, 19.68886 ], [ -155.7406, 19.69046 ], [ -155.74062, 19.69154 ], [ -155.74034, 19.69182 ], [ -155.74092, 19.69235 ], [ -155.74093, 19.69289 ], [ -155.74036, 19.69317 ], [ -155.74038, 19.69453 ], [ -155.73953, 19.69497 ], [ -155.73389, 19.6735 ] ] ] ] } },
{ "type": "Feature", "properties": { "unit_id": "U-005", "name": "Kohala Mtn Forest", "type": "Road-defined", "area_ha": 954.8, "c_firevuln": 33.0, "c_consval": 0.0, "c_commval": 0.0, "c_respmgmt": 53.0, "c_prevmgmt": 70.0 }, "geometry": { "type": "Polygon", "coordinates": [ [ [ -155.75053, 20.10239 ], [ -155.75187, 20.10047 ], [ -155.75025, 20.10014 ], [ -155.74985, 20.09943 ], [ -155.74591, 20.09649 ], [ -155.74564, 20.09608 ], [ -155.7458, 20.09508 ], [ -155.7443, 20.09457 ], [ -155.74419, 20.09399 ], [ -155.74296, 20.09235 ], [ -155.74012, 20.09086 ], [ -155.73815, 20.08828 ], [ -155.73126, 20.09311 ], [ -155.7292, 20.09238 ], [ -155.72727, 20.09251 ], [ -155.72623, 20.09217 ], [ -155.71994, 20.08828 ], [ -155.71828, 20.08641 ], [ -155.71715, 20.086 ], [ -155.71929, 20.08408 ], [ -155.71956, 20.083 ], [ -155.7204, 20.08217 ], [ -155.72126, 20.08189 ], [ -155.72125, 20.08135 ], [ -155.72322, 20.07942 ], [ -155.72468, 20.08075 ], [ -155.72469, 20.08129 ], [ -155.72526, 20.08128 ], [ -155.72556, 20.08182 ], [ -155.72613, 20.08181 ], [ -155.72641, 20.08127 ], [ -155.72727, 20.08125 ], [ -155.72783, 20.0807 ], [ -155.72984, 20.08067 ], [ -155.72984, 20.08094 ], [ -155.7307, 20.08093 ], [ -155.73071, 20.0812 ], [ -155.73185, 20.08118 ], [ -155.73213, 20.08064 ], [ -155.73299, 20.08062 ], [ -155.73299, 20.08035 ], [ -155.73385, 20.08034 ], [ -155.73385, 20.08061 ], [ -155.7393, 20.08052 ], [ -155.73929, 20.08025 ], [ -155.74043, 20.07997 ], [ -155.74071, 20.07942 ], [ -155.74157, 20.07941 ], [ -155.74354, 20.07748 ], [ -155.7444, 20.07747 ], [ -155.74468, 20.07692 ], [ -155.74583, 20.0769 ], [ -155.74667, 20.07608 ], [ -155.74753, 20.07606 ], [ -155.74781, 20.07552 ], [ -155.74867, 20.0755 ], [ -155.74895, 20.07496 ], [ -155.75009, 20.07467 ], [ -155.75065, 20.07385 ], [ -155.75151, 20.07411 ], [ -155.75152, 20.07438 ], [ -155.75238, 20.07436 ], [ -155.75296, 20.0749 ], [ -155.75299, 20.07652 ], [ -155.75356, 20.07651 ], [ -155.75356, 20.07624 ], [ -155.75499, 20.07649 ], [ -155.75527, 20.07621 ], [ -155.75557, 20.07675 ], [ -155.75585, 20.07648 ], [ -155.75901, 20.07643 ], [ -155.75901, 20.0767 ], [ -155.75987, 20.07668 ], [ -155.75987, 20.07641 ], [ -155.76073, 20.0764 ], [ -155.76185, 20.07509 ], [ -155.76429, 20.08338 ], [ -155.76656, 20.08606 ], [ -155.76681, 20.08713 ], [ -155.76788, 20.08793 ], [ -155.76765, 20.08996 ], [ -155.7725, 20.09345 ], [ -155.77347, 20.09522 ], [ -155.77568, 20.09759 ], [ -155.76928, 20.09815 ], [ -155.76842, 20.0983 ], [ -155.76683, 20.09932 ], [ -155.76256, 20.09939 ], [ -155.76113, 20.09969 ], [ -155.75982, 20.10052 ], [ -155.75771, 20.10055 ], [ -155.75761, 20.10144 ], [ -155.75718, 20.10188 ], [ -155.75508, 20.10194 ], [ -155.75308, 20.10435 ], [ -155.75053, 20.10239 ] ] ] } },
{ "type": "Feature", "properties": { "unit_id": "U-006", "name": "Kohala Mtn Forest", "type": "Road-defined", "area_ha": 931.9, "c_firevuln": 33.0, "c_consval": 0.0, "c_commval": 0.0, "c_respmgmt": 51.0, "c_prevmgmt": 64.0 }, "geometry": { "type": "Polygon", "coordinates": [ [ [ -155.73071, 20.0812 ], [ -155.72895, 20.07707 ], [ -155.72691, 20.07531 ], [ -155.7265, 20.07391 ], [ -155.72581, 20.07313 ], [ -155.72514, 20.07142 ], [ -155.72411, 20.07033 ], [ -155.72415, 20.06974 ], [ -155.72491, 20.06871 ], [ -155.7249, 20.06812 ], [ -155.72279, 20.06684 ], [ -155.72206, 20.06592 ], [ -155.72097, 20.06524 ], [ -155.72125, 20.06509 ], [ -155.72124, 20.06401 ], [ -155.72152, 20.06401 ], [ -155.72144, 20.0594 ], [ -155.72201, 20.05912 ], [ -155.722, 20.05858 ], [ -155.72426, 20.05638 ], [ -155.72447, 20.05231 ], [ -155.72504, 20.05203 ], [ -155.72501, 20.05041 ], [ -155.72558, 20.04986 ], [ -155.72546, 20.04323 ], [ -155.7289, 20.04425 ], [ -155.73087, 20.04555 ], [ -155.73319, 20.046 ], [ -155.73954, 20.04917 ], [ -155.7434, 20.05257 ], [ -155.74479, 20.05478 ], [ -155.74633, 20.05597 ], [ -155.74785, 20.06136 ], [ -155.74885, 20.06301 ], [ -155.75182, 20.06478 ], [ -155.75295, 20.06613 ], [ -155.757, 20.06773 ], [ -155.75888, 20.0692 ], [ -155.75803, 20.06994 ], [ -155.75807, 20.07184 ], [ -155.75581, 20.07404 ], [ -155.75438, 20.07406 ], [ -155.75353, 20.07489 ], [ -155.75267, 20.0749 ], [ -155.75238, 20.07436 ], [ -155.75152, 20.07438 ], [ -155.75151, 20.07411 ], [ -155.75065, 20.07385 ], [ -155.75009, 20.07467 ], [ -155.74895, 20.07496 ], [ -155.74867, 20.0755 ], [ -155.74781, 20.07552 ], [ -155.74753, 20.07606 ], [ -155.74667, 20.07608 ], [ -155.74583, 20.0769 ], [ -155.74468, 20.07692 ], [ -155.7444, 20.07747 ], [ -155.74354, 20.07748 ], [ -155.74157, 20.07941 ], [ -155.74071, 20.07942 ], [ -155.74043, 20.07997 ], [ -155.73929, 20.08025 ], [ -155.7393, 20.08052 ], [ -155.73385, 20.08061 ], [ -155.73385, 20.08034 ], [ -155.73299, 20.08035 ], [ -155.73299, 20.08062 ], [ -155.73213, 20.08064 ], [ -155.73185, 20.08118 ], [ -155.73071, 20.0812 ] ] ] } },
{ "type": "Feature", "properties": { "unit_id": "U-007", "name": "Kohala Mtn Forest", "type": "Road-defined", "area_ha": 1536.5, "c_firevuln": 32.0, "c_consval": 0.0, "c_commval": 0.0, "c_respmgmt": 57.0, "c_prevmgmt": 65.0 }, "geometry": { "type": "Polygon", "coordinates": [ [ [ -155.64214, 20.04487 ], [ -155.64224, 20.04258 ], [ -155.64309, 20.04259 ], [ -155.64309, 20.04232 ], [ -155.64424, 20.04207 ], [ -155.6463, 20.03995 ], [ -155.64803, 20.03944 ], [ -155.64861, 20.03864 ], [ -155.64919, 20.03865 ], [ -155.64974, 20.03947 ], [ -155.65089, 20.03922 ], [ -155.65146, 20.03977 ], [ -155.6526, 20.0398 ], [ -155.65377, 20.03873 ], [ -155.65408, 20.03739 ], [ -155.65437, 20.03739 ], [ -155.65439, 20.03631 ], [ -155.65327, 20.03521 ], [ -155.65328, 20.03466 ], [ -155.65357, 20.03467 ], [ -155.65387, 20.03386 ], [ -155.65588, 20.0339 ], [ -155.65643, 20.03472 ], [ -155.65701, 20.03473 ], [ -155.65702, 20.03392 ], [ -155.65788, 20.03421 ], [ -155.65788, 20.03394 ], [ -155.65903, 20.03396 ], [ -155.65903, 20.03369 ], [ -155.66132, 20.03373 ], [ -155.66132, 20.034 ], [ -155.66161, 20.03374 ], [ -155.66304, 20.03377 ], [ -155.66304, 20.03404 ], [ -155.66389, 20.03432 ], [ -155.6639, 20.03405 ], [ -155.66505, 20.0338 ], [ -155.66506, 20.03299 ], [ -155.6662, 20.03328 ], [ -155.6662, 20.03355 ], [ -155.66706, 20.03357 ], [ -155.66706, 20.0333 ], [ -155.67164, 20.03366 ], [ -155.67222, 20.03313 ], [ -155.67423, 20.03289 ], [ -155.67424, 20.03262 ], [ -155.67596, 20.03266 ], [ -155.67596, 20.03238 ], [ -155.67739, 20.03241 ], [ -155.6774, 20.03214 ], [ -155.67969, 20.03218 ], [ -155.6797, 20.03191 ], [ -155.68228, 20.03169 ], [ -155.68229, 20.03142 ], [ -155.68344, 20.03117 ], [ -155.68344, 20.0309 ], [ -155.68372, 20.03118 ], [ -155.68544, 20.03121 ], [ -155.686, 20.03176 ], [ -155.68887, 20.03154 ], [ -155.68916, 20.03128 ], [ -155.68916, 20.03155 ], [ -155.69001, 20.03184 ], [ -155.69, 20.03238 ], [ -155.69087, 20.03212 ], [ -155.69254, 20.03432 ], [ -155.69481, 20.03517 ], [ -155.69537, 20.03573 ], [ -155.69536, 20.03627 ], [ -155.69649, 20.03737 ], [ -155.69763, 20.03766 ], [ -155.69762, 20.03793 ], [ -155.70106, 20.038 ], [ -155.70106, 20.03773 ], [ -155.70163, 20.03774 ], [ -155.70193, 20.0372 ], [ -155.7025, 20.03721 ], [ -155.70309, 20.03668 ], [ -155.7031, 20.03614 ], [ -155.70398, 20.03535 ], [ -155.70399, 20.03453 ], [ -155.70428, 20.03454 ], [ -155.70431, 20.03319 ], [ -155.70605, 20.03214 ], [ -155.70604, 20.03241 ], [ -155.70665, 20.03242 ], [ -155.70671, 20.03387 ], [ -155.70807, 20.03526 ], [ -155.71004, 20.03573 ], [ -155.71162, 20.03709 ], [ -155.71221, 20.03817 ], [ -155.71739, 20.03933 ], [ -155.71864, 20.04075 ], [ -155.72546, 20.04323 ], [ -155.72558, 20.04986 ], [ -155.72501, 20.05041 ], [ -155.72504, 20.05203 ], [ -155.72447, 20.05231 ], [ -155.72426, 20.05638 ], [ -155.722, 20.05858 ], [ -155.72201, 20.05912 ], [ -155.72144, 20.0594 ], [ -155.72152, 20.06401 ], [ -155.72124, 20.06401 ], [ -155.72125, 20.06509 ], [ -155.7203, 20.06493 ], [ -155.71604, 20.06222 ], [ -155.71322, 20.06127 ], [ -155.7121, 20.06055 ], [ -155.71144, 20.06065 ], [ -155.71068, 20.05998 ], [ -155.70947, 20.05982 ], [ -155.70807, 20.05897 ], [ -155.70772, 20.05834 ], [ -155.70351, 20.07298 ], [ -155.70203, 20.07293 ], [ -155.70075, 20.07262 ], [ -155.70012, 20.07203 ], [ -155.70227, 20.05405 ], [ -155.69684, 20.05168 ], [ -155.68791, 20.04871 ], [ -155.67894, 20.04835 ], [ -155.67359, 20.04598 ], [ -155.67233, 20.04459 ], [ -155.66747, 20.04378 ], [ -155.6641, 20.05451 ], [ -155.65817, 20.04312 ], [ -155.65547, 20.04299 ], [ -155.64681, 20.04375 ], [ -155.64214, 20.04487 ] ] ] } },
{ "type": "Feature", "properties": { "unit_id": "U-008", "name": "Kawaihae Inland", "type": "Road-defined", "area_ha": 1214.9, "c_firevuln": 43.0, "c_consval": 0.0, "c_commval": 0.0, "c_respmgmt": 38.0, "c_prevmgmt": 54.0 }, "geometry": { "type": "Polygon", "coordinates": [ [ [ -155.77568, 20.09759 ], [ -155.77347, 20.09522 ], [ -155.7725, 20.09345 ], [ -155.76765, 20.08996 ], [ -155.76788, 20.08793 ], [ -155.76681, 20.08713 ], [ -155.76656, 20.08606 ], [ -155.76429, 20.08338 ], [ -155.76185, 20.07503 ], [ -155.76326, 20.07365 ], [ -155.76383, 20.07364 ], [ -155.76383, 20.07337 ], [ -155.76498, 20.07362 ], [ -155.76525, 20.07281 ], [ -155.7661, 20.07225 ], [ -155.76636, 20.07089 ], [ -155.76952, 20.07112 ], [ -155.7701, 20.07165 ], [ -155.77153, 20.07163 ], [ -155.77182, 20.07135 ], [ -155.77182, 20.07162 ], [ -155.77412, 20.07213 ], [ -155.77442, 20.07266 ], [ -155.77585, 20.07264 ], [ -155.77641, 20.07182 ], [ -155.77756, 20.0718 ], [ -155.77755, 20.07153 ], [ -155.77899, 20.07178 ], [ -155.779, 20.07205 ], [ -155.78214, 20.07173 ], [ -155.78215, 20.072 ], [ -155.78272, 20.07199 ], [ -155.78272, 20.07172 ], [ -155.78358, 20.07198 ], [ -155.78358, 20.07171 ], [ -155.78701, 20.07138 ], [ -155.78757, 20.07056 ], [ -155.78843, 20.07055 ], [ -155.78899, 20.07 ], [ -155.79014, 20.07025 ], [ -155.79099, 20.06942 ], [ -155.79185, 20.06941 ], [ -155.79184, 20.06914 ], [ -155.79299, 20.06885 ], [ -155.79298, 20.06858 ], [ -155.79413, 20.06856 ], [ -155.79497, 20.06773 ], [ -155.79612, 20.06772 ], [ -155.79611, 20.06745 ], [ -155.79812, 20.06768 ], [ -155.79813, 20.06796 ], [ -155.79927, 20.06767 ], [ -155.79928, 20.06794 ], [ -155.80014, 20.06792 ], [ -155.80014, 20.06819 ], [ -155.80157, 20.06817 ], [ -155.80213, 20.06735 ], [ -155.80385, 20.06705 ], [ -155.8061, 20.06458 ], [ -155.80781, 20.06455 ], [ -155.80781, 20.06428 ], [ -155.80896, 20.06426 ], [ -155.80895, 20.06399 ], [ -155.81038, 20.06397 ], [ -155.81038, 20.0637 ], [ -155.8141, 20.06364 ], [ -155.81467, 20.06309 ], [ -155.81581, 20.06307 ], [ -155.81722, 20.06142 ], [ -155.81894, 20.0614 ], [ -155.81921, 20.06085 ], [ -155.82151, 20.06081 ], [ -155.82235, 20.05972 ], [ -155.82377, 20.05942 ], [ -155.82461, 20.05805 ], [ -155.82604, 20.05803 ], [ -155.82745, 20.05638 ], [ -155.82945, 20.05608 ], [ -155.83114, 20.05443 ], [ -155.83171, 20.05442 ], [ -155.83199, 20.05387 ], [ -155.83256, 20.05386 ], [ -155.83312, 20.05304 ], [ -155.83484, 20.05302 ], [ -155.83483, 20.05274 ], [ -155.83541, 20.05274 ], [ -155.83822, 20.04971 ], [ -155.83878, 20.0497 ], [ -155.83938, 20.0505 ], [ -155.84024, 20.05076 ], [ -155.83943, 20.05348 ], [ -155.8383, 20.05404 ], [ -155.83831, 20.05458 ], [ -155.83716, 20.05487 ], [ -155.83717, 20.05514 ], [ -155.83631, 20.05516 ], [ -155.83631, 20.05543 ], [ -155.83431, 20.05573 ], [ -155.83432, 20.05627 ], [ -155.8332, 20.05738 ], [ -155.83234, 20.05739 ], [ -155.83177, 20.05794 ], [ -155.8312, 20.05795 ], [ -155.83092, 20.05849 ], [ -155.83035, 20.0585 ], [ -155.82951, 20.05933 ], [ -155.82836, 20.05935 ], [ -155.82667, 20.061 ], [ -155.82668, 20.06154 ], [ -155.82639, 20.06155 ], [ -155.82642, 20.0629 ], [ -155.82556, 20.06319 ], [ -155.825, 20.06401 ], [ -155.82358, 20.0643 ], [ -155.82359, 20.06484 ], [ -155.82189, 20.06622 ], [ -155.82191, 20.06731 ], [ -155.82135, 20.06786 ], [ -155.82077, 20.06787 ], [ -155.81965, 20.06897 ], [ -155.81879, 20.06898 ], [ -155.81795, 20.07035 ], [ -155.81681, 20.07064 ], [ -155.81653, 20.07118 ], [ -155.81567, 20.0712 ], [ -155.8154, 20.07174 ], [ -155.81482, 20.07175 ], [ -155.81314, 20.07395 ], [ -155.81228, 20.07396 ], [ -155.81172, 20.07478 ], [ -155.81086, 20.07452 ], [ -155.81086, 20.0748 ], [ -155.80972, 20.07508 ], [ -155.80973, 20.07536 ], [ -155.8083, 20.07565 ], [ -155.80774, 20.0762 ], [ -155.80775, 20.07701 ], [ -155.8069, 20.07784 ], [ -155.80633, 20.07785 ], [ -155.80577, 20.07867 ], [ -155.8052, 20.07868 ], [ -155.80492, 20.07922 ], [ -155.80292, 20.07926 ], [ -155.80208, 20.08062 ], [ -155.80093, 20.08064 ], [ -155.80094, 20.08118 ], [ -155.80038, 20.08146 ], [ -155.80039, 20.082 ], [ -155.79953, 20.08229 ], [ -155.79756, 20.08422 ], [ -155.79757, 20.08476 ], [ -155.79587, 20.08614 ], [ -155.79589, 20.08695 ], [ -155.79389, 20.08752 ], [ -155.79304, 20.08835 ], [ -155.78874, 20.08815 ], [ -155.78847, 20.08896 ], [ -155.78818, 20.08897 ], [ -155.78819, 20.08951 ], [ -155.78762, 20.08979 ], [ -155.78792, 20.0906 ], [ -155.78707, 20.09088 ], [ -155.78708, 20.09169 ], [ -155.7868, 20.0917 ], [ -155.78681, 20.09224 ], [ -155.78652, 20.09224 ], [ -155.78653, 20.09279 ], [ -155.78624, 20.09279 ], [ -155.78542, 20.09497 ], [ -155.78457, 20.09526 ], [ -155.78375, 20.09608 ], [ -155.78256, 20.09646 ], [ -155.78079, 20.09692 ], [ -155.77855, 20.0966 ], [ -155.77568, 20.09759 ] ] ] } },
{ "type": "Feature", "properties": { "unit_id": "U-009", "name": "Kawaihae Inland", "type": "Road-defined", "area_ha": 257.8, "c_firevuln": 81.0, "c_consval": 0.0, "c_commval": 0.0, "c_respmgmt": 35.0, "c_prevmgmt": 41.0 }, "geometry": { "type": "MultiPolygon", "coordinates": [ [ [ [ -155.73661, 20.02504 ], [ -155.73802, 20.02366 ], [ -155.74565, 20.02407 ], [ -155.74852, 20.02218 ], [ -155.75728, 20.02438 ], [ -155.76893, 20.0226 ], [ -155.77047, 20.02275 ], [ -155.77334, 20.0217 ], [ -155.77707, 20.02228 ], [ -155.78314, 20.0222 ], [ -155.78436, 20.02152 ], [ -155.785, 20.01971 ], [ -155.78658, 20.01908 ], [ -155.78807, 20.01953 ], [ -155.78954, 20.02079 ], [ -155.79143, 20.02108 ], [ -155.79381, 20.02053 ], [ -155.79594, 20.02053 ], [ -155.79751, 20.01911 ], [ -155.79866, 20.01889 ], [ -155.8008, 20.01978 ], [ -155.80222, 20.01972 ], [ -155.80639, 20.02077 ], [ -155.81067, 20.02282 ], [ -155.81309, 20.02281 ], [ -155.81225, 20.02385 ], [ -155.81168, 20.02386 ], [ -155.81168, 20.02413 ], [ -155.81082, 20.02415 ], [ -155.81082, 20.02388 ], [ -155.80967, 20.02362 ], [ -155.80966, 20.02335 ], [ -155.80594, 20.02341 ], [ -155.80538, 20.02423 ], [ -155.80423, 20.02425 ], [ -155.80396, 20.0248 ], [ -155.8031, 20.02481 ], [ -155.80222, 20.02374 ], [ -155.80136, 20.02376 ], [ -155.80135, 20.02349 ], [ -155.80107, 20.02376 ], [ -155.79964, 20.02378 ], [ -155.79963, 20.02351 ], [ -155.79906, 20.02352 ], [ -155.79907, 20.02379 ], [ -155.79735, 20.02409 ], [ -155.79736, 20.02436 ], [ -155.79707, 20.02409 ], [ -155.79592, 20.02411 ], [ -155.79338, 20.02659 ], [ -155.79281, 20.0266 ], [ -155.79194, 20.0258 ], [ -155.79193, 20.02526 ], [ -155.79105, 20.02446 ], [ -155.78504, 20.02483 ], [ -155.78505, 20.0251 ], [ -155.78276, 20.0254 ], [ -155.78164, 20.02678 ], [ -155.78049, 20.02679 ], [ -155.78021, 20.02734 ], [ -155.77878, 20.02736 ], [ -155.77879, 20.02763 ], [ -155.77764, 20.02765 ], [ -155.77764, 20.02738 ], [ -155.7762, 20.02713 ], [ -155.77619, 20.02686 ], [ -155.77447, 20.02662 ], [ -155.77243, 20.02475 ], [ -155.76928, 20.0248 ], [ -155.76927, 20.02453 ], [ -155.76842, 20.02455 ], [ -155.76754, 20.02375 ], [ -155.76582, 20.02377 ], [ -155.76583, 20.02404 ], [ -155.76468, 20.02406 ], [ -155.76384, 20.02489 ], [ -155.76298, 20.0249 ], [ -155.76298, 20.02517 ], [ -155.76126, 20.0252 ], [ -155.76099, 20.02574 ], [ -155.75897, 20.02551 ], [ -155.75898, 20.02578 ], [ -155.75812, 20.02579 ], [ -155.75812, 20.02606 ], [ -155.75783, 20.02579 ], [ -155.75526, 20.02583 ], [ -155.75525, 20.02556 ], [ -155.75325, 20.02587 ], [ -155.75295, 20.02533 ], [ -155.75238, 20.02534 ], [ -155.7518, 20.0248 ], [ -155.74979, 20.02484 ], [ -155.74979, 20.02456 ], [ -155.74864, 20.02458 ], [ -155.74864, 20.02431 ], [ -155.74749, 20.02433 ], [ -155.74665, 20.02516 ], [ -155.74493, 20.02518 ], [ -155.74464, 20.02492 ], [ -155.74351, 20.02602 ], [ -155.74121, 20.02578 ], [ -155.74063, 20.02525 ], [ -155.73949, 20.02554 ], [ -155.73948, 20.02527 ], [ -155.7369, 20.02531 ], [ -155.73661, 20.02504 ] ] ], [ [ [ -155.73633, 20.02532 ], [ -155.73661, 20.02504 ], [ -155.73662, 20.02531 ], [ -155.73633, 20.02532 ] ] ] ] } },
{ "type": "Feature", "properties": { "unit_id": "U-010", "name": "Kawaihae Inland", "type": "Road-defined", "area_ha": 230.0, "c_firevuln": 68.0, "c_consval": 0.0, "c_commval": 0.0, "c_respmgmt": 36.0, "c_prevmgmt": 58.0 }, "geometry": { "type": "Polygon", "coordinates": [ [ [ -155.70665, 20.03242 ], [ -155.70919, 20.03246 ], [ -155.7092, 20.03219 ], [ -155.71064, 20.03195 ], [ -155.71064, 20.03168 ], [ -155.71151, 20.03142 ], [ -155.71263, 20.03253 ], [ -155.71377, 20.03282 ], [ -155.71376, 20.03309 ], [ -155.71491, 20.03311 ], [ -155.71518, 20.03366 ], [ -155.71604, 20.03368 ], [ -155.71604, 20.03395 ], [ -155.71776, 20.03398 ], [ -155.71775, 20.03425 ], [ -155.72062, 20.03403 ], [ -155.72063, 20.03376 ], [ -155.72206, 20.03352 ], [ -155.72207, 20.03297 ], [ -155.72179, 20.03297 ], [ -155.72181, 20.03216 ], [ -155.72152, 20.03215 ], [ -155.72153, 20.03161 ], [ -155.72097, 20.03106 ], [ -155.7207, 20.02997 ], [ -155.72014, 20.02969 ], [ -155.72015, 20.02915 ], [ -155.71958, 20.02887 ], [ -155.71959, 20.02833 ], [ -155.71875, 20.02777 ], [ -155.71847, 20.02702 ], [ -155.72483, 20.0259 ], [ -155.72765, 20.02481 ], [ -155.73194, 20.02237 ], [ -155.73593, 20.0233 ], [ -155.73917, 20.02355 ], [ -155.73745, 20.02394 ], [ -155.73661, 20.02504 ], [ -155.73489, 20.02507 ], [ -155.7349, 20.02534 ], [ -155.73433, 20.02535 ], [ -155.73349, 20.02671 ], [ -155.7312, 20.02702 ], [ -155.73121, 20.02729 ], [ -155.72834, 20.02733 ], [ -155.72836, 20.02815 ], [ -155.72751, 20.02897 ], [ -155.72666, 20.02926 ], [ -155.72642, 20.03197 ], [ -155.72613, 20.03197 ], [ -155.72619, 20.03576 ], [ -155.72591, 20.03577 ], [ -155.72603, 20.04281 ], [ -155.72546, 20.04323 ], [ -155.71864, 20.04075 ], [ -155.71739, 20.03933 ], [ -155.71221, 20.03817 ], [ -155.71162, 20.03709 ], [ -155.71004, 20.03573 ], [ -155.70837, 20.03544 ], [ -155.70696, 20.03416 ], [ -155.70659, 20.03353 ], [ -155.70665, 20.03242 ] ] ] } },
{ "type": "Feature", "properties": { "unit_id": "U-011", "name": "Kawaihae Inland", "type": "Road-defined", "area_ha": 389.7, "c_firevuln": 53.0, "c_consval": 0.0, "c_commval": 0.0, "c_respmgmt": 35.0, "c_prevmgmt": 47.0 }, "geometry": { "type": "MultiPolygon", "coordinates": [ [ [ [ -155.78792, 20.0906 ], [ -155.78762, 20.08979 ], [ -155.78819, 20.08951 ], [ -155.78818, 20.08897 ], [ -155.78847, 20.08896 ], [ -155.78874, 20.08815 ], [ -155.79304, 20.08835 ], [ -155.79389, 20.08752 ], [ -155.79589, 20.08695 ], [ -155.79587, 20.08614 ], [ -155.79757, 20.08476 ], [ -155.79756, 20.08422 ], [ -155.79953, 20.08229 ], [ -155.80039, 20.082 ], [ -155.80038, 20.08146 ], [ -155.80094, 20.08118 ], [ -155.80093, 20.08064 ], [ -155.80208, 20.08062 ], [ -155.80292, 20.07926 ], [ -155.80492, 20.07922 ], [ -155.8052, 20.07868 ], [ -155.80577, 20.07867 ], [ -155.80633, 20.07785 ], [ -155.8069, 20.07784 ], [ -155.80775, 20.07701 ], [ -155.80774, 20.0762 ], [ -155.8083, 20.07565 ], [ -155.80973, 20.07536 ], [ -155.80972, 20.07508 ], [ -155.81086, 20.0748 ], [ -155.81086, 20.07452 ], [ -155.81172, 20.07478 ], [ -155.81228, 20.07396 ], [ -155.81314, 20.07395 ], [ -155.81482, 20.07175 ], [ -155.8154, 20.07174 ], [ -155.81567, 20.0712 ], [ -155.81653, 20.07118 ], [ -155.81681, 20.07064 ], [ -155.81795, 20.07035 ], [ -155.81879, 20.06898 ], [ -155.81965, 20.06897 ], [ -155.82077, 20.06787 ], [ -155.82135, 20.06786 ], [ -155.82191, 20.06731 ], [ -155.82189, 20.06622 ], [ -155.82359, 20.06484 ], [ -155.82358, 20.0643 ], [ -155.825, 20.06401 ], [ -155.82556, 20.06319 ], [ -155.82642, 20.0629 ], [ -155.82639, 20.06155 ], [ -155.82668, 20.06154 ], [ -155.82667, 20.061 ], [ -155.82836, 20.05935 ], [ -155.82951, 20.05933 ], [ -155.83035, 20.0585 ], [ -155.83092, 20.05849 ], [ -155.8312, 20.05795 ], [ -155.83177, 20.05794 ], [ -155.83234, 20.05739 ], [ -155.8332, 20.05738 ], [ -155.83432, 20.05627 ], [ -155.83431, 20.05573 ], [ -155.83631, 20.05543 ], [ -155.83631, 20.05516 ], [ -155.83717, 20.05514 ], [ -155.83716, 20.05487 ], [ -155.83831, 20.05458 ], [ -155.8383, 20.05404 ], [ -155.83943, 20.05348 ], [ -155.84024, 20.05076 ], [ -155.8407, 20.05059 ], [ -155.84082, 20.05102 ], [ -155.84226, 20.05139 ], [ -155.8428, 20.05226 ], [ -155.84342, 20.05212 ], [ -155.84371, 20.05238 ], [ -155.84351, 20.05319 ], [ -155.84451, 20.05352 ], [ -155.84427, 20.05415 ], [ -155.84318, 20.05445 ], [ -155.84348, 20.05558 ], [ -155.84406, 20.05583 ], [ -155.84292, 20.05613 ], [ -155.84068, 20.05769 ], [ -155.83774, 20.06031 ], [ -155.83612, 20.06225 ], [ -155.83394, 20.06335 ], [ -155.83276, 20.06469 ], [ -155.83193, 20.06636 ], [ -155.82738, 20.06768 ], [ -155.82677, 20.06833 ], [ -155.82621, 20.06978 ], [ -155.82152, 20.07207 ], [ -155.8197, 20.0736 ], [ -155.8158, 20.07567 ], [ -155.81408, 20.07827 ], [ -155.8137, 20.08103 ], [ -155.81317, 20.08183 ], [ -155.80851, 20.08346 ], [ -155.80711, 20.08489 ], [ -155.80281, 20.08668 ], [ -155.8019, 20.08733 ], [ -155.79852, 20.08813 ], [ -155.79701, 20.08936 ], [ -155.79407, 20.09012 ], [ -155.79186, 20.09138 ], [ -155.79005, 20.09201 ], [ -155.78711, 20.09435 ], [ -155.78514, 20.09512 ], [ -155.7857, 20.0947 ], [ -155.78569, 20.09388 ], [ -155.78597, 20.09388 ], [ -155.78597, 20.09334 ], [ -155.78625, 20.09333 ], [ -155.78624, 20.09279 ], [ -155.78653, 20.09279 ], [ -155.78652, 20.09224 ], [ -155.78708, 20.09169 ], [ -155.78707, 20.09088 ], [ -155.78792, 20.0906 ] ] ], [ [ [ -155.78457, 20.09526 ], [ -155.78481, 20.09525 ], [ -155.78457, 20.09542 ], [ -155.78457, 20.09526 ] ] ], [ [ [ -155.78428, 20.09553 ], [ -155.78442, 20.09553 ], [ -155.78429, 20.09562 ], [ -155.78428, 20.09553 ] ] ], [ [ [ -155.784, 20.09581 ], [ -155.78405, 20.0958 ], [ -155.784, 20.09585 ], [ -155.784, 20.09581 ] ] ], [ [ [ -155.78372, 20.09608 ], [ -155.78375, 20.09608 ], [ -155.78372, 20.09609 ], [ -155.78372, 20.09608 ] ] ] ] } },
{ "type": "Feature", "properties": { "unit_id": "U-012", "name": "Kawaihae Inland", "type": "Road-defined", "area_ha": 1577.2, "c_firevuln": 54.0, "c_consval": 0.0, "c_commval": 0.0, "c_respmgmt": 37.0, "c_prevmgmt": 46.0 }, "geometry": { "type": "Polygon", "coordinates": [ [ [ -155.75557, 20.07675 ], [ -155.75527, 20.07621 ], [ -155.75499, 20.07649 ], [ -155.75356, 20.07624 ], [ -155.75356, 20.07651 ], [ -155.75299, 20.07652 ], [ -155.75296, 20.0749 ], [ -155.7541, 20.07461 ], [ -155.75438, 20.07406 ], [ -155.75581, 20.07404 ], [ -155.75637, 20.07322 ], [ -155.75694, 20.07321 ], [ -155.75693, 20.07267 ], [ -155.75807, 20.07184 ], [ -155.75803, 20.06994 ], [ -155.75972, 20.06829 ], [ -155.76201, 20.06771 ], [ -155.76257, 20.06689 ], [ -155.76371, 20.06687 ], [ -155.7654, 20.06522 ], [ -155.76884, 20.06517 ], [ -155.76884, 20.0649 ], [ -155.76941, 20.06489 ], [ -155.76941, 20.06516 ], [ -155.77142, 20.06513 ], [ -155.7717, 20.06458 ], [ -155.77342, 20.06455 ], [ -155.77369, 20.06401 ], [ -155.77427, 20.064 ], [ -155.77483, 20.06345 ], [ -155.77655, 20.06342 ], [ -155.77768, 20.06232 ], [ -155.77941, 20.06283 ], [ -155.7794, 20.06256 ], [ -155.78026, 20.06255 ], [ -155.78026, 20.06228 ], [ -155.7814, 20.06199 ], [ -155.78281, 20.06061 ], [ -155.78279, 20.05953 ], [ -155.7842, 20.05842 ], [ -155.78419, 20.05761 ], [ -155.78476, 20.05733 ], [ -155.78445, 20.05653 ], [ -155.78559, 20.05569 ], [ -155.78558, 20.05515 ], [ -155.78699, 20.05378 ], [ -155.78785, 20.05376 ], [ -155.78925, 20.05212 ], [ -155.79011, 20.0521 ], [ -155.79095, 20.05101 ], [ -155.79181, 20.05126 ], [ -155.79575, 20.04714 ], [ -155.79633, 20.04713 ], [ -155.79689, 20.04631 ], [ -155.79746, 20.0463 ], [ -155.79915, 20.04465 ], [ -155.79914, 20.0441 ], [ -155.79943, 20.0441 ], [ -155.79942, 20.04356 ], [ -155.79998, 20.04301 ], [ -155.80055, 20.043 ], [ -155.80111, 20.04218 ], [ -155.8034, 20.04214 ], [ -155.80396, 20.04132 ], [ -155.80482, 20.04131 ], [ -155.80792, 20.03828 ], [ -155.80992, 20.03797 ], [ -155.8102, 20.03743 ], [ -155.8122, 20.03713 ], [ -155.81249, 20.03739 ], [ -155.81277, 20.03685 ], [ -155.81391, 20.03683 ], [ -155.81475, 20.03573 ], [ -155.81561, 20.03572 ], [ -155.81673, 20.03435 ], [ -155.81845, 20.03405 ], [ -155.81929, 20.03295 ], [ -155.82015, 20.03294 ], [ -155.82043, 20.03239 ], [ -155.821, 20.03238 ], [ -155.82184, 20.03156 ], [ -155.82246, 20.03155 ], [ -155.82705, 20.03725 ], [ -155.82907, 20.03809 ], [ -155.82968, 20.03905 ], [ -155.83205, 20.04105 ], [ -155.8354, 20.04513 ], [ -155.83838, 20.04971 ], [ -155.83541, 20.05274 ], [ -155.83483, 20.05274 ], [ -155.83484, 20.05302 ], [ -155.83312, 20.05304 ], [ -155.83256, 20.05386 ], [ -155.83199, 20.05387 ], [ -155.83171, 20.05442 ], [ -155.83114, 20.05443 ], [ -155.82945, 20.05608 ], [ -155.82745, 20.05638 ], [ -155.82604, 20.05803 ], [ -155.82461, 20.05805 ], [ -155.82377, 20.05942 ], [ -155.82235, 20.05972 ], [ -155.82151, 20.06081 ], [ -155.81921, 20.06085 ], [ -155.81894, 20.0614 ], [ -155.81722, 20.06142 ], [ -155.81581, 20.06307 ], [ -155.81467, 20.06309 ], [ -155.8141, 20.06364 ], [ -155.81038, 20.0637 ], [ -155.81038, 20.06397 ], [ -155.80895, 20.06399 ], [ -155.80896, 20.06426 ], [ -155.80781, 20.06428 ], [ -155.80781, 20.06455 ], [ -155.8061, 20.06458 ], [ -155.80385, 20.06705 ], [ -155.80213, 20.06735 ], [ -155.80157, 20.06817 ], [ -155.80014, 20.06819 ], [ -155.80014, 20.06792 ], [ -155.79928, 20.06794 ], [ -155.79927, 20.06767 ], [ -155.79813, 20.06796 ], [ -155.79812, 20.06768 ], [ -155.79611, 20.06745 ], [ -155.79612, 20.06772 ], [ -155.79497, 20.06773 ], [ -155.79413, 20.06856 ], [ -155.79298, 20.06858 ], [ -155.79299, 20.06885 ], [ -155.79184, 20.06914 ], [ -155.79185, 20.06941 ], [ -155.79099, 20.06942 ], [ -155.79014, 20.07025 ], [ -155.78899, 20.07 ], [ -155.78843, 20.07055 ], [ -155.78757, 20.07056 ], [ -155.78701, 20.07138 ], [ -155.78358, 20.07171 ], [ -155.78358, 20.07198 ], [ -155.78272, 20.07172 ], [ -155.78272, 20.07199 ], [ -155.78215, 20.072 ], [ -155.78214, 20.07173 ], [ -155.779, 20.07205 ], [ -155.77899, 20.07178 ], [ -155.77755, 20.07153 ], [ -155.77756, 20.0718 ], [ -155.77641, 20.07182 ], [ -155.77585, 20.07264 ], [ -155.77442, 20.07266 ], [ -155.77412, 20.07213 ], [ -155.77182, 20.07162 ], [ -155.77182, 20.07135 ], [ -155.77153, 20.07163 ], [ -155.7701, 20.07165 ], [ -155.76952, 20.07112 ], [ -155.76636, 20.07089 ], [ -155.7661, 20.07225 ], [ -155.76525, 20.07281 ], [ -155.76498, 20.07362 ], [ -155.76383, 20.07337 ], [ -155.76383, 20.07364 ], [ -155.76326, 20.07365 ], [ -155.76073, 20.0764 ], [ -155.75901, 20.0767 ], [ -155.75901, 20.07643 ], [ -155.75585, 20.07648 ], [ -155.75557, 20.07675 ] ] ] } },
{ "type": "Feature", "properties": { "unit_id": "U-013", "name": "Road Triangle", "type": "Road-defined", "area_ha": 140.5, "c_firevuln": 73.0, "c_consval": 0.0, "c_commval": 0.0, "c_respmgmt": 42.0, "c_prevmgmt": 66.0 }, "geometry": { "type": "MultiPolygon", "coordinates": [ [ [ [ -155.67621, 19.9103 ], [ -155.67709, 19.91137 ], [ -155.67766, 19.91136 ], [ -155.67797, 19.91271 ], [ -155.67854, 19.9127 ], [ -155.67913, 19.91351 ], [ -155.67999, 19.91349 ], [ -155.67999, 19.91377 ], [ -155.68113, 19.91348 ], [ -155.68171, 19.91401 ], [ -155.68173, 19.91482 ], [ -155.68201, 19.91482 ], [ -155.68207, 19.9178 ], [ -155.68264, 19.91806 ], [ -155.68265, 19.9186 ], [ -155.6818, 19.91916 ], [ -155.68181, 19.9197 ], [ -155.68152, 19.9197 ], [ -155.68125, 19.92052 ], [ -155.68154, 19.92051 ], [ -155.68155, 19.92133 ], [ -155.68272, 19.92239 ], [ -155.68245, 19.92375 ], [ -155.68303, 19.92401 ], [ -155.68307, 19.92618 ], [ -155.68336, 19.92645 ], [ -155.68422, 19.92643 ], [ -155.68421, 19.92616 ], [ -155.68593, 19.92641 ], [ -155.68739, 19.92801 ], [ -155.68825, 19.928 ], [ -155.68855, 19.92853 ], [ -155.68912, 19.92853 ], [ -155.68912, 19.92825 ], [ -155.69027, 19.92851 ], [ -155.69036, 19.92878 ], [ -155.68736, 19.9346 ], [ -155.6827, 19.92955 ], [ -155.67809, 19.92609 ], [ -155.67664, 19.92358 ], [ -155.67576, 19.9211 ], [ -155.67616, 19.91562 ], [ -155.67666, 19.91433 ], [ -155.67545, 19.91004 ], [ -155.67621, 19.9103 ] ] ] ] } },
{ "type": "Feature", "properties": { "unit_id": "U-014", "name": "Road Triangle", "type": "Road-defined", "area_ha": 5603.4, "c_firevuln": 35.0, "c_consval": 0.0, "c_commval": 0.0, "c_respmgmt": 63.0, "c_prevmgmt": 64.0 }, "geometry": { "type": "Polygon", "coordinates": [ [ [ -155.67545, 19.91004 ], [ -155.67466, 19.90808 ], [ -155.67541, 19.9034 ], [ -155.67661, 19.90026 ], [ -155.67694, 19.89806 ], [ -155.66992, 19.89077 ], [ -155.66866, 19.88777 ], [ -155.6686, 19.8854 ], [ -155.66588, 19.88302 ], [ -155.6639, 19.88064 ], [ -155.68223, 19.88056 ], [ -155.68018, 19.84545 ], [ -155.64265, 19.84185 ], [ -155.64188, 19.83748 ], [ -155.63994, 19.83555 ], [ -155.63826, 19.83327 ], [ -155.63892, 19.83151 ], [ -155.63886, 19.83081 ], [ -155.63832, 19.82912 ], [ -155.63685, 19.828 ], [ -155.6359, 19.82605 ], [ -155.63635, 19.82373 ], [ -155.63574, 19.82021 ], [ -155.63409, 19.81818 ], [ -155.63241, 19.81073 ], [ -155.62916, 19.8024 ], [ -155.62584, 19.79244 ], [ -155.62601, 19.79213 ], [ -155.62645, 19.79267 ], [ -155.62817, 19.79318 ], [ -155.62818, 19.79373 ], [ -155.63083, 19.79369 ], [ -155.63791, 19.79474 ], [ -155.64021, 19.79436 ], [ -155.64399, 19.79783 ], [ -155.64485, 19.79808 ], [ -155.64515, 19.79889 ], [ -155.64572, 19.79888 ], [ -155.64575, 19.80024 ], [ -155.64689, 19.80049 ], [ -155.6469, 19.80103 ], [ -155.64748, 19.80102 ], [ -155.64806, 19.80183 ], [ -155.65178, 19.8015 ], [ -155.65236, 19.80204 ], [ -155.65551, 19.80199 ], [ -155.65551, 19.80226 ], [ -155.65608, 19.80198 ], [ -155.65608, 19.80225 ], [ -155.65694, 19.80251 ], [ -155.65695, 19.80305 ], [ -155.6581, 19.80303 ], [ -155.65868, 19.80384 ], [ -155.65926, 19.80383 ], [ -155.66013, 19.80463 ], [ -155.66044, 19.80625 ], [ -155.66016, 19.80625 ], [ -155.66017, 19.80734 ], [ -155.66105, 19.80814 ], [ -155.66248, 19.80812 ], [ -155.66509, 19.81051 ], [ -155.6671, 19.81076 ], [ -155.66826, 19.81182 ], [ -155.66997, 19.81152 ], [ -155.67027, 19.81206 ], [ -155.67142, 19.81232 ], [ -155.67258, 19.81338 ], [ -155.6743, 19.81336 ], [ -155.6743, 19.81363 ], [ -155.67516, 19.81361 ], [ -155.67546, 19.81415 ], [ -155.6766, 19.81413 ], [ -155.67661, 19.81441 ], [ -155.67746, 19.81439 ], [ -155.67747, 19.81466 ], [ -155.67833, 19.81465 ], [ -155.6792, 19.81545 ], [ -155.67922, 19.81653 ], [ -155.68125, 19.8184 ], [ -155.68126, 19.81894 ], [ -155.68212, 19.8192 ], [ -155.68213, 19.81947 ], [ -155.68299, 19.81946 ], [ -155.6833, 19.82081 ], [ -155.68387, 19.82107 ], [ -155.6839, 19.82242 ], [ -155.68505, 19.82322 ], [ -155.68507, 19.82403 ], [ -155.68593, 19.82402 ], [ -155.6868, 19.82482 ], [ -155.68681, 19.82563 ], [ -155.68825, 19.82615 ], [ -155.68826, 19.82669 ], [ -155.68884, 19.82695 ], [ -155.68885, 19.82776 ], [ -155.68943, 19.82803 ], [ -155.68945, 19.82938 ], [ -155.68974, 19.82938 ], [ -155.68975, 19.82992 ], [ -155.69119, 19.83071 ], [ -155.69091, 19.83098 ], [ -155.69093, 19.83207 ], [ -155.69064, 19.83207 ], [ -155.69066, 19.83343 ], [ -155.69212, 19.83476 ], [ -155.69184, 19.83503 ], [ -155.69188, 19.83774 ], [ -155.69274, 19.838 ], [ -155.69277, 19.83935 ], [ -155.69305, 19.83935 ], [ -155.69306, 19.83989 ], [ -155.69364, 19.84042 ], [ -155.69536, 19.84013 ], [ -155.69536, 19.8404 ], [ -155.69593, 19.84039 ], [ -155.69623, 19.8412 ], [ -155.69738, 19.84118 ], [ -155.69796, 19.84198 ], [ -155.6994, 19.84196 ], [ -155.69969, 19.8425 ], [ -155.70055, 19.84249 ], [ -155.70113, 19.84302 ], [ -155.70114, 19.84383 ], [ -155.70172, 19.84382 ], [ -155.70259, 19.84489 ], [ -155.70488, 19.84486 ], [ -155.70489, 19.84513 ], [ -155.70546, 19.84512 ], [ -155.70576, 19.84593 ], [ -155.7072, 19.84618 ], [ -155.7075, 19.84699 ], [ -155.70807, 19.84698 ], [ -155.70924, 19.84831 ], [ -155.70981, 19.8483 ], [ -155.70983, 19.84939 ], [ -155.71126, 19.84937 ], [ -155.71127, 19.84991 ], [ -155.71185, 19.85044 ], [ -155.713, 19.85069 ], [ -155.713, 19.85096 ], [ -155.71328, 19.85069 ], [ -155.71529, 19.85093 ], [ -155.71646, 19.852 ], [ -155.71647, 19.85281 ], [ -155.71763, 19.8536 ], [ -155.71764, 19.85442 ], [ -155.71879, 19.8544 ], [ -155.71937, 19.85493 ], [ -155.71909, 19.85521 ], [ -155.71938, 19.85547 ], [ -155.71939, 19.85628 ], [ -155.71911, 19.85629 ], [ -155.71912, 19.85737 ], [ -155.7197, 19.85763 ], [ -155.71971, 19.85818 ], [ -155.72028, 19.85817 ], [ -155.72029, 19.85871 ], [ -155.72146, 19.85977 ], [ -155.72232, 19.86003 ], [ -155.72233, 19.86057 ], [ -155.7229, 19.86084 ], [ -155.72292, 19.86165 ], [ -155.7235, 19.86218 ], [ -155.72407, 19.86217 ], [ -155.72409, 19.86326 ], [ -155.72466, 19.86325 ], [ -155.72467, 19.86379 ], [ -155.72525, 19.86432 ], [ -155.72554, 19.86405 ], [ -155.72668, 19.86403 ], [ -155.72669, 19.8643 ], [ -155.72726, 19.86429 ], [ -155.72727, 19.86483 ], [ -155.72784, 19.86482 ], [ -155.72814, 19.86536 ], [ -155.72866, 19.86535 ], [ -155.71637, 19.88472 ], [ -155.70936, 19.89638 ], [ -155.70739, 19.90029 ], [ -155.70542, 19.90569 ], [ -155.7004, 19.9155 ], [ -155.69678, 19.9182 ], [ -155.69036, 19.92878 ], [ -155.69027, 19.92851 ], [ -155.68969, 19.92852 ], [ -155.68969, 19.92825 ], [ -155.68855, 19.92853 ], [ -155.68825, 19.928 ], [ -155.68739, 19.92801 ], [ -155.68593, 19.92641 ], [ -155.68421, 19.92616 ], [ -155.68422, 19.92643 ], [ -155.68336, 19.92645 ], [ -155.68307, 19.92618 ], [ -155.68303, 19.92401 ], [ -155.68245, 19.92375 ], [ -155.68272, 19.92239 ], [ -155.68155, 19.92133 ], [ -155.68154, 19.92051 ], [ -155.68125, 19.92052 ], [ -155.68152, 19.9197 ], [ -155.68181, 19.9197 ], [ -155.6818, 19.91916 ], [ -155.68265, 19.9186 ], [ -155.68264, 19.91806 ], [ -155.68207, 19.9178 ], [ -155.68201, 19.91482 ], [ -155.68173, 19.91482 ], [ -155.68171, 19.91401 ], [ -155.68113, 19.91348 ], [ -155.67999, 19.91377 ], [ -155.67999, 19.91349 ], [ -155.67913, 19.91351 ], [ -155.67854, 19.9127 ], [ -155.67797, 19.91271 ], [ -155.67766, 19.91136 ], [ -155.67709, 19.91137 ], [ -155.67621, 19.9103 ], [ -155.67545, 19.91004 ] ] ] } },
{ "type": "Feature", "properties": { "unit_id": "U-015", "name": "Road Triangle", "type": "Road-defined", "area_ha": 3155.4, "c_firevuln": 40.0, "c_consval": 0.0, "c_commval": 0.0, "c_respmgmt": 48.0, "c_prevmgmt": 64.0 }, "geometry": { "type": "MultiPolygon", "coordinates": [ [ [ [ -155.63979, 19.79437 ], [ -155.64191, 19.79329 ], [ -155.64458, 19.79078 ], [ -155.64694, 19.78938 ], [ -155.65004, 19.78849 ], [ -155.653, 19.78847 ], [ -155.65562, 19.78913 ], [ -155.66647, 19.79322 ], [ -155.67506, 19.79296 ], [ -155.67722, 19.79317 ], [ -155.67997, 19.79418 ], [ -155.68748, 19.79918 ], [ -155.69939, 19.80164 ], [ -155.7015, 19.8024 ], [ -155.7164, 19.81374 ], [ -155.72151, 19.81989 ], [ -155.72957, 19.82569 ], [ -155.73086, 19.8274 ], [ -155.73225, 19.83132 ], [ -155.73346, 19.83284 ], [ -155.73518, 19.83379 ], [ -155.74284, 19.83635 ], [ -155.74521, 19.83798 ], [ -155.74709, 19.84067 ], [ -155.7482, 19.84426 ], [ -155.74227, 19.84594 ], [ -155.74031, 19.84722 ], [ -155.72866, 19.86535 ], [ -155.72814, 19.86536 ], [ -155.72784, 19.86482 ], [ -155.72727, 19.86483 ], [ -155.72726, 19.86429 ], [ -155.72669, 19.8643 ], [ -155.72668, 19.86403 ], [ -155.72554, 19.86405 ], [ -155.72525, 19.86432 ], [ -155.72467, 19.86379 ], [ -155.72466, 19.86325 ], [ -155.72409, 19.86326 ], [ -155.72407, 19.86217 ], [ -155.7235, 19.86218 ], [ -155.72292, 19.86165 ], [ -155.7229, 19.86084 ], [ -155.72233, 19.86057 ], [ -155.72232, 19.86003 ], [ -155.72146, 19.85977 ], [ -155.72029, 19.85871 ], [ -155.72028, 19.85817 ], [ -155.71971, 19.85818 ], [ -155.7197, 19.85763 ], [ -155.71912, 19.85737 ], [ -155.71911, 19.85629 ], [ -155.71939, 19.85628 ], [ -155.71938, 19.85547 ], [ -155.71909, 19.85521 ], [ -155.71937, 19.85493 ], [ -155.71879, 19.8544 ], [ -155.71764, 19.85442 ], [ -155.71763, 19.8536 ], [ -155.71647, 19.85281 ], [ -155.71646, 19.852 ], [ -155.71529, 19.85093 ], [ -155.71328, 19.85069 ], [ -155.713, 19.85096 ], [ -155.713, 19.85069 ], [ -155.71185, 19.85044 ], [ -155.71127, 19.84991 ], [ -155.71126, 19.84937 ], [ -155.70983, 19.84939 ], [ -155.70981, 19.8483 ], [ -155.70924, 19.84831 ], [ -155.70807, 19.84698 ], [ -155.7075, 19.84699 ], [ -155.7072, 19.84618 ], [ -155.70576, 19.84593 ], [ -155.70546, 19.84512 ], [ -155.70489, 19.84513 ], [ -155.70488, 19.84486 ], [ -155.70259, 19.84489 ], [ -155.70172, 19.84382 ], [ -155.70114, 19.84383 ], [ -155.70113, 19.84302 ], [ -155.70055, 19.84249 ], [ -155.69969, 19.8425 ], [ -155.6994, 19.84196 ], [ -155.69796, 19.84198 ], [ -155.69738, 19.84118 ], [ -155.69623, 19.8412 ], [ -155.69593, 19.84039 ], [ -155.69536, 19.8404 ], [ -155.69536, 19.84013 ], [ -155.69364, 19.84042 ], [ -155.69306, 19.83989 ], [ -155.69305, 19.83935 ], [ -155.69277, 19.83935 ], [ -155.69274, 19.838 ], [ -155.69188, 19.83774 ], [ -155.69184, 19.83503 ], [ -155.69212, 19.83476 ], [ -155.69066, 19.83343 ], [ -155.69064, 19.83207 ], [ -155.69093, 19.83207 ], [ -155.69091, 19.83098 ], [ -155.69119, 19.83071 ], [ -155.68975, 19.82992 ], [ -155.68974, 19.82938 ], [ -155.68945, 19.82938 ], [ -155.68943, 19.82803 ], [ -155.68885, 19.82776 ], [ -155.68884, 19.82695 ], [ -155.68826, 19.82669 ], [ -155.68825, 19.82615 ], [ -155.68681, 19.82563 ], [ -155.6868, 19.82482 ], [ -155.68593, 19.82402 ], [ -155.68507, 19.82403 ], [ -155.68505, 19.82322 ], [ -155.6839, 19.82242 ], [ -155.68387, 19.82107 ], [ -155.6833, 19.82081 ], [ -155.68299, 19.81946 ], [ -155.68213, 19.81947 ], [ -155.68212, 19.8192 ], [ -155.68126, 19.81894 ], [ -155.68125, 19.8184 ], [ -155.67922, 19.81653 ], [ -155.6792, 19.81545 ], [ -155.67833, 19.81465 ], [ -155.67747, 19.81466 ], [ -155.67746, 19.81439 ], [ -155.67661, 19.81441 ], [ -155.6766, 19.81413 ], [ -155.67546, 19.81415 ], [ -155.67516, 19.81361 ], [ -155.6743, 19.81363 ], [ -155.6743, 19.81336 ], [ -155.67258, 19.81338 ], [ -155.67142, 19.81232 ], [ -155.67027, 19.81206 ], [ -155.66997, 19.81152 ], [ -155.66826, 19.81182 ], [ -155.6671, 19.81076 ], [ -155.66509, 19.81051 ], [ -155.66248, 19.80812 ], [ -155.66105, 19.80814 ], [ -155.66017, 19.80734 ], [ -155.66016, 19.80625 ], [ -155.66044, 19.80625 ], [ -155.66013, 19.80463 ], [ -155.65926, 19.80383 ], [ -155.65868, 19.80384 ], [ -155.6581, 19.80303 ], [ -155.65695, 19.80305 ], [ -155.65694, 19.80251 ], [ -155.65608, 19.80225 ], [ -155.65608, 19.80198 ], [ -155.65551, 19.80226 ], [ -155.65551, 19.80199 ], [ -155.65236, 19.80204 ], [ -155.65178, 19.8015 ], [ -155.64806, 19.80183 ], [ -155.64748, 19.80102 ], [ -155.6469, 19.80103 ], [ -155.64689, 19.80049 ], [ -155.64575, 19.80024 ], [ -155.64572, 19.79888 ], [ -155.64486, 19.79863 ], [ -155.64456, 19.79782 ], [ -155.64399, 19.79783 ], [ -155.64166, 19.79542 ], [ -155.64109, 19.79543 ], [ -155.64021, 19.79436 ], [ -155.63979, 19.79437 ] ] ], [ [ [ -155.62731, 19.79278 ], [ -155.62868, 19.79333 ], [ -155.63083, 19.79369 ], [ -155.62818, 19.79373 ], [ -155.62817, 19.79318 ], [ -155.6276, 19.79319 ], [ -155.62731, 19.79278 ] ] ], [ [ [ -155.62645, 19.79267 ], [ -155.62607, 19.79203 ], [ -155.62711, 19.79266 ], [ -155.62645, 19.79267 ] ] ] ] } },
{ "type": "Feature", "properties": { "unit_id": "U-016", "name": "Waikoloa Inland - North", "type": "Road-defined", "area_ha": 51.8, "c_firevuln": 44.0, "c_consval": 0.0, "c_commval": 0.0, "c_respmgmt": 4.0, "c_prevmgmt": 26.0 }, "geometry": { "type": "MultiPolygon", "coordinates": [ [ [ [ -155.83808, 19.9161 ], [ -155.84215, 19.91724 ], [ -155.8432, 19.91805 ], [ -155.84809, 19.91879 ], [ -155.85408, 19.91906 ], [ -155.85752, 19.92048 ], [ -155.85654, 19.92158 ], [ -155.85453, 19.92134 ], [ -155.85397, 19.92216 ], [ -155.85283, 19.92218 ], [ -155.85283, 19.92245 ], [ -155.85054, 19.92222 ], [ -155.85053, 19.92195 ], [ -155.8491, 19.92197 ], [ -155.84883, 19.92252 ], [ -155.84739, 19.92254 ], [ -155.84652, 19.92174 ], [ -155.84651, 19.9212 ], [ -155.84564, 19.92067 ], [ -155.84534, 19.91986 ], [ -155.84362, 19.91989 ], [ -155.84304, 19.91909 ], [ -155.8416, 19.91884 ], [ -155.84073, 19.91804 ], [ -155.8393, 19.91806 ], [ -155.839, 19.91726 ], [ -155.83726, 19.9162 ], [ -155.83725, 19.91552 ], [ -155.83808, 19.9161 ] ] ], [ [ [ -155.85984, 19.92125 ], [ -155.8594, 19.92126 ], [ -155.8594, 19.92112 ], [ -155.85984, 19.92125 ] ] ], [ [ [ -155.85801, 19.9207 ], [ -155.85815, 19.92074 ], [ -155.85767, 19.92075 ], [ -155.85767, 19.92054 ], [ -155.85801, 19.9207 ] ] ], [ [ [ -155.83707, 19.91539 ], [ -155.83696, 19.91539 ], [ -155.83696, 19.91531 ], [ -155.83707, 19.91539 ] ] ], [ [ [ -155.83669, 19.91513 ], [ -155.83667, 19.91513 ], [ -155.83667, 19.91511 ], [ -155.83669, 19.91513 ] ] ], [ [ [ -155.83584, 19.9146 ], [ -155.8358, 19.9146 ], [ -155.8358, 19.91457 ], [ -155.83584, 19.9146 ] ] ], [ [ [ -155.83536, 19.91433 ], [ -155.83522, 19.91434 ], [ -155.83522, 19.91425 ], [ -155.83536, 19.91433 ] ] ] ] } },
{ "type": "Feature", "properties": { "unit_id": "U-017", "name": "Waikoloa Inland - North", "type": "Road-defined", "area_ha": 561.3, "c_firevuln": 72.0, "c_consval": 0.0, "c_commval": 0.0, "c_respmgmt": 52.0, "c_prevmgmt": 30.0 }, "geometry": { "type": "Polygon", "coordinates": [ [ [ -155.73917, 20.02355 ], [ -155.73916, 20.0231 ], [ -155.73972, 20.02255 ], [ -155.7403, 20.02255 ], [ -155.74086, 20.02199 ], [ -155.74172, 20.02198 ], [ -155.74171, 20.02171 ], [ -155.74257, 20.0217 ], [ -155.7437, 20.0206 ], [ -155.74513, 20.02057 ], [ -155.74541, 20.02003 ], [ -155.74656, 20.02001 ], [ -155.74768, 20.01891 ], [ -155.74912, 20.01889 ], [ -155.74941, 20.01942 ], [ -155.75114, 20.01994 ], [ -155.75115, 20.02021 ], [ -155.75372, 20.02017 ], [ -155.75541, 20.01852 ], [ -155.75685, 20.0185 ], [ -155.75684, 20.01823 ], [ -155.7577, 20.01821 ], [ -155.75798, 20.01767 ], [ -155.75884, 20.01792 ], [ -155.75883, 20.01738 ], [ -155.75941, 20.01737 ], [ -155.75968, 20.01656 ], [ -155.76025, 20.01655 ], [ -155.76052, 20.01573 ], [ -155.76137, 20.0149 ], [ -155.76251, 20.01489 ], [ -155.76336, 20.01406 ], [ -155.76451, 20.01431 ], [ -155.76452, 20.01458 ], [ -155.76709, 20.01427 ], [ -155.76796, 20.01507 ], [ -155.7694, 20.01505 ], [ -155.7694, 20.01532 ], [ -155.77084, 20.01557 ], [ -155.772, 20.01663 ], [ -155.77372, 20.01661 ], [ -155.77373, 20.01688 ], [ -155.77917, 20.01679 ], [ -155.77973, 20.01597 ], [ -155.78087, 20.01595 ], [ -155.78115, 20.01541 ], [ -155.78287, 20.01538 ], [ -155.78371, 20.01428 ], [ -155.78543, 20.01453 ], [ -155.78599, 20.01371 ], [ -155.78714, 20.01369 ], [ -155.78741, 20.01314 ], [ -155.78971, 20.01311 ], [ -155.7897, 20.01284 ], [ -155.79027, 20.01283 ], [ -155.79027, 20.01228 ], [ -155.79084, 20.01228 ], [ -155.7914, 20.01172 ], [ -155.79167, 20.01091 ], [ -155.79368, 20.01088 ], [ -155.79398, 20.01141 ], [ -155.79541, 20.01139 ], [ -155.79571, 20.0122 ], [ -155.79629, 20.01246 ], [ -155.7963, 20.01327 ], [ -155.79716, 20.01326 ], [ -155.79716, 20.01353 ], [ -155.79945, 20.01322 ], [ -155.79973, 20.01268 ], [ -155.80116, 20.01265 ], [ -155.80116, 20.01238 ], [ -155.8023, 20.01209 ], [ -155.80229, 20.01182 ], [ -155.80372, 20.01153 ], [ -155.804, 20.01098 ], [ -155.806, 20.01095 ], [ -155.80601, 20.01122 ], [ -155.80687, 20.01121 ], [ -155.80745, 20.01174 ], [ -155.80888, 20.01172 ], [ -155.80889, 20.01199 ], [ -155.80975, 20.01198 ], [ -155.80974, 20.01171 ], [ -155.81261, 20.01193 ], [ -155.81312, 20.01246 ], [ -155.81281, 20.01452 ], [ -155.81305, 20.02277 ], [ -155.81067, 20.02282 ], [ -155.80639, 20.02077 ], [ -155.80222, 20.01972 ], [ -155.8008, 20.01978 ], [ -155.79833, 20.01886 ], [ -155.79751, 20.01911 ], [ -155.79554, 20.02065 ], [ -155.79381, 20.02053 ], [ -155.79143, 20.02108 ], [ -155.78989, 20.02093 ], [ -155.78775, 20.01935 ], [ -155.78658, 20.01908 ], [ -155.785, 20.01971 ], [ -155.78436, 20.02152 ], [ -155.78314, 20.0222 ], [ -155.77707, 20.02228 ], [ -155.77334, 20.0217 ], [ -155.77047, 20.02275 ], [ -155.76893, 20.0226 ], [ -155.76084, 20.02367 ], [ -155.75767, 20.02437 ], [ -155.74891, 20.02219 ], [ -155.74789, 20.02241 ], [ -155.74642, 20.02375 ], [ -155.74565, 20.02407 ], [ -155.73917, 20.02355 ] ] ] } },
{ "type": "Feature", "properties": { "unit_id": "U-018", "name": "Waikoloa Inland - North", "type": "Road-defined", "area_ha": 2407.0, "c_firevuln": 59.0, "c_consval": 0.0, "c_commval": 0.0, "c_respmgmt": 57.0, "c_prevmgmt": 49.0 }, "geometry": { "type": "Polygon", "coordinates": [ [ [ -155.67908, 20.00672 ], [ -155.6794, 20.0062 ], [ -155.6837, 20.00676 ], [ -155.68589, 20.00574 ], [ -155.69317, 20.00072 ], [ -155.70634, 19.99788 ], [ -155.70853, 19.99679 ], [ -155.71048, 19.99727 ], [ -155.71439, 19.99956 ], [ -155.71712, 20.00069 ], [ -155.71814, 20.00164 ], [ -155.72235, 20.0008 ], [ -155.73132, 19.99756 ], [ -155.73382, 19.99622 ], [ -155.73414, 19.99799 ], [ -155.73471, 19.99798 ], [ -155.73472, 19.99825 ], [ -155.73557, 19.99797 ], [ -155.73558, 19.99824 ], [ -155.73615, 19.99823 ], [ -155.73731, 19.9993 ], [ -155.73817, 19.99928 ], [ -155.73876, 19.99982 ], [ -155.73933, 19.99981 ], [ -155.73932, 19.99927 ], [ -155.74018, 19.99925 ], [ -155.74017, 19.99898 ], [ -155.74132, 19.99924 ], [ -155.74133, 19.99951 ], [ -155.74219, 19.99949 ], [ -155.74218, 19.99922 ], [ -155.74534, 19.99944 ], [ -155.74593, 20.00052 ], [ -155.74765, 20.00076 ], [ -155.74795, 20.0013 ], [ -155.74881, 20.00156 ], [ -155.74882, 20.0021 ], [ -155.74997, 20.00208 ], [ -155.74997, 20.00235 ], [ -155.75083, 20.00234 ], [ -155.75142, 20.00287 ], [ -155.75228, 20.00286 ], [ -155.75257, 20.00339 ], [ -155.75372, 20.00365 ], [ -155.75373, 20.00392 ], [ -155.75572, 20.00335 ], [ -155.75656, 20.00225 ], [ -155.75771, 20.00223 ], [ -155.7577, 20.00196 ], [ -155.75942, 20.00166 ], [ -155.7597, 20.00112 ], [ -155.7617, 20.00109 ], [ -155.76345, 20.00268 ], [ -155.76545, 20.00265 ], [ -155.76573, 20.00184 ], [ -155.77031, 20.00176 ], [ -155.77118, 20.00256 ], [ -155.77175, 20.00228 ], [ -155.77205, 20.00282 ], [ -155.77434, 20.00305 ], [ -155.77435, 20.00333 ], [ -155.77521, 20.00331 ], [ -155.77521, 20.00358 ], [ -155.77549, 20.00331 ], [ -155.7775, 20.00355 ], [ -155.7775, 20.00328 ], [ -155.77807, 20.00327 ], [ -155.77864, 20.00272 ], [ -155.77952, 20.00406 ], [ -155.78009, 20.00405 ], [ -155.78009, 20.00378 ], [ -155.78181, 20.00375 ], [ -155.78239, 20.00428 ], [ -155.78296, 20.00427 ], [ -155.78352, 20.00372 ], [ -155.78467, 20.00371 ], [ -155.78496, 20.00397 ], [ -155.78496, 20.0037 ], [ -155.7861, 20.00341 ], [ -155.7861, 20.00368 ], [ -155.78753, 20.00366 ], [ -155.78841, 20.00446 ], [ -155.7884, 20.00419 ], [ -155.79041, 20.00416 ], [ -155.79125, 20.00333 ], [ -155.79242, 20.0044 ], [ -155.79385, 20.00437 ], [ -155.79531, 20.0057 ], [ -155.79703, 20.00595 ], [ -155.79704, 20.00622 ], [ -155.79818, 20.0062 ], [ -155.79819, 20.00647 ], [ -155.79962, 20.00645 ], [ -155.80021, 20.00725 ], [ -155.80135, 20.00723 ], [ -155.80136, 20.0075 ], [ -155.80422, 20.00746 ], [ -155.80422, 20.00719 ], [ -155.80479, 20.00718 ], [ -155.80479, 20.00745 ], [ -155.80594, 20.00743 ], [ -155.80624, 20.00797 ], [ -155.80796, 20.00821 ], [ -155.80796, 20.00848 ], [ -155.80968, 20.00819 ], [ -155.81026, 20.00872 ], [ -155.81255, 20.00868 ], [ -155.81256, 20.00895 ], [ -155.81313, 20.00894 ], [ -155.81354, 20.01002 ], [ -155.81312, 20.01246 ], [ -155.81261, 20.01193 ], [ -155.80974, 20.01171 ], [ -155.80975, 20.01198 ], [ -155.80889, 20.01199 ], [ -155.80888, 20.01172 ], [ -155.80745, 20.01174 ], [ -155.80687, 20.01121 ], [ -155.80601, 20.01122 ], [ -155.806, 20.01095 ], [ -155.804, 20.01098 ], [ -155.80372, 20.01153 ], [ -155.80229, 20.01182 ], [ -155.8023, 20.01209 ], [ -155.80116, 20.01238 ], [ -155.80116, 20.01265 ], [ -155.79973, 20.01268 ], [ -155.79945, 20.01322 ], [ -155.79802, 20.01325 ], [ -155.79802, 20.01352 ], [ -155.7963, 20.01327 ], [ -155.79629, 20.01246 ], [ -155.79571, 20.0122 ], [ -155.79541, 20.01139 ], [ -155.79398, 20.01141 ], [ -155.79368, 20.01088 ], [ -155.79167, 20.01091 ], [ -155.7914, 20.01172 ], [ -155.79084, 20.01228 ], [ -155.79027, 20.01228 ], [ -155.79027, 20.01283 ], [ -155.7897, 20.01284 ], [ -155.78971, 20.01311 ], [ -155.78741, 20.01314 ], [ -155.78714, 20.01369 ], [ -155.78599, 20.01371 ], [ -155.78543, 20.01453 ], [ -155.78371, 20.01428 ], [ -155.78287, 20.01538 ], [ -155.78115, 20.01541 ], [ -155.78087, 20.01595 ], [ -155.77973, 20.01597 ], [ -155.77917, 20.01679 ], [ -155.77373, 20.01688 ], [ -155.77372, 20.01661 ], [ -155.772, 20.01663 ], [ -155.77084, 20.01557 ], [ -155.7694, 20.01532 ], [ -155.7694, 20.01505 ], [ -155.76796, 20.01507 ], [ -155.76709, 20.01427 ], [ -155.76452, 20.01458 ], [ -155.76451, 20.01431 ], [ -155.76336, 20.01406 ], [ -155.76251, 20.01489 ], [ -155.76137, 20.0149 ], [ -155.76052, 20.01573 ], [ -155.76025, 20.01655 ], [ -155.75968, 20.01656 ], [ -155.75941, 20.01737 ], [ -155.75883, 20.01738 ], [ -155.75884, 20.01792 ], [ -155.75798, 20.01767 ], [ -155.7577, 20.01821 ], [ -155.75684, 20.01823 ], [ -155.75685, 20.0185 ], [ -155.75541, 20.01852 ], [ -155.75372, 20.02017 ], [ -155.75115, 20.02021 ], [ -155.75114, 20.01994 ], [ -155.74941, 20.01942 ], [ -155.74912, 20.01889 ], [ -155.74768, 20.01891 ], [ -155.74656, 20.02001 ], [ -155.74541, 20.02003 ], [ -155.74513, 20.02057 ], [ -155.7437, 20.0206 ], [ -155.74257, 20.0217 ], [ -155.74171, 20.02171 ], [ -155.74172, 20.02198 ], [ -155.74086, 20.02199 ], [ -155.7403, 20.02255 ], [ -155.73972, 20.02255 ], [ -155.73916, 20.0231 ], [ -155.73917, 20.02355 ], [ -155.73593, 20.0233 ], [ -155.73194, 20.02237 ], [ -155.72765, 20.02481 ], [ -155.72483, 20.0259 ], [ -155.71847, 20.02702 ], [ -155.71539, 20.02392 ], [ -155.71481, 20.02391 ], [ -155.71426, 20.02308 ], [ -155.71369, 20.02307 ], [ -155.71256, 20.02197 ], [ -155.71086, 20.02139 ], [ -155.71086, 20.02112 ], [ -155.70972, 20.02083 ], [ -155.70973, 20.02056 ], [ -155.70485, 20.02074 ], [ -155.70486, 20.02047 ], [ -155.70085, 20.0204 ], [ -155.70085, 20.02067 ], [ -155.69854, 20.02117 ], [ -155.69827, 20.02062 ], [ -155.69713, 20.02033 ], [ -155.69716, 20.0187 ], [ -155.69631, 20.01842 ], [ -155.69631, 20.01815 ], [ -155.69546, 20.01813 ], [ -155.69546, 20.01786 ], [ -155.6946, 20.01784 ], [ -155.69461, 20.01757 ], [ -155.69346, 20.01755 ], [ -155.69347, 20.01728 ], [ -155.69175, 20.01725 ], [ -155.69176, 20.01698 ], [ -155.68803, 20.01691 ], [ -155.68804, 20.01637 ], [ -155.68776, 20.01636 ], [ -155.68777, 20.01582 ], [ -155.68748, 20.01581 ], [ -155.68749, 20.01527 ], [ -155.68693, 20.01472 ], [ -155.68694, 20.01418 ], [ -155.68638, 20.0139 ], [ -155.68639, 20.01336 ], [ -155.68582, 20.01308 ], [ -155.68583, 20.01253 ], [ -155.68499, 20.01198 ], [ -155.685, 20.01144 ], [ -155.68163, 20.00812 ], [ -155.68106, 20.00811 ], [ -155.6805, 20.00729 ], [ -155.67993, 20.00728 ], [ -155.67965, 20.00673 ], [ -155.67908, 20.00672 ] ] ] } },
{ "type": "Feature", "properties": { "unit_id": "U-019", "name": "Waikoloa Inland - North", "type": "Road-defined", "area_ha": 1222.9, "c_firevuln": 66.0, "c_consval": 0.0, "c_commval": 0.0, "c_respmgmt": 56.0, "c_prevmgmt": 43.0 }, "geometry": { "type": "MultiPolygon", "coordinates": [ [ [ [ -155.73382, 19.99622 ], [ -155.73731, 19.99427 ], [ -155.75812, 19.98851 ], [ -155.76622, 19.98499 ], [ -155.77154, 19.98366 ], [ -155.77165, 19.97845 ], [ -155.77191, 19.97872 ], [ -155.77277, 19.9787 ], [ -155.77365, 19.97977 ], [ -155.77624, 19.98054 ], [ -155.77682, 19.98108 ], [ -155.77684, 19.98189 ], [ -155.77799, 19.98214 ], [ -155.778, 19.98268 ], [ -155.77886, 19.98267 ], [ -155.77916, 19.98348 ], [ -155.78088, 19.98372 ], [ -155.78088, 19.98345 ], [ -155.78202, 19.98343 ], [ -155.78258, 19.98288 ], [ -155.78487, 19.98258 ], [ -155.78543, 19.98202 ], [ -155.78602, 19.98256 ], [ -155.78659, 19.98255 ], [ -155.78689, 19.98309 ], [ -155.7886, 19.98306 ], [ -155.7886, 19.98279 ], [ -155.78917, 19.98278 ], [ -155.78946, 19.98304 ], [ -155.79003, 19.98249 ], [ -155.79003, 19.98277 ], [ -155.79089, 19.98275 ], [ -155.79119, 19.98356 ], [ -155.79176, 19.98355 ], [ -155.79177, 19.98409 ], [ -155.79235, 19.98408 ], [ -155.79262, 19.98354 ], [ -155.79521, 19.98377 ], [ -155.79639, 19.98564 ], [ -155.79696, 19.98564 ], [ -155.79723, 19.98509 ], [ -155.79781, 19.98508 ], [ -155.79781, 19.98535 ], [ -155.79867, 19.98534 ], [ -155.79868, 19.98561 ], [ -155.80069, 19.98585 ], [ -155.80098, 19.98611 ], [ -155.80099, 19.98693 ], [ -155.80071, 19.98693 ], [ -155.80072, 19.98774 ], [ -155.80215, 19.98772 ], [ -155.80245, 19.98826 ], [ -155.80216, 19.98826 ], [ -155.80217, 19.9888 ], [ -155.80304, 19.9896 ], [ -155.80362, 19.98959 ], [ -155.80362, 19.98986 ], [ -155.80448, 19.98958 ], [ -155.80449, 19.99012 ], [ -155.80563, 19.9901 ], [ -155.80651, 19.9909 ], [ -155.8088, 19.99087 ], [ -155.80967, 19.99166 ], [ -155.80969, 19.99248 ], [ -155.80998, 19.99274 ], [ -155.81227, 19.99298 ], [ -155.81284, 19.99243 ], [ -155.81455, 19.9924 ], [ -155.81514, 19.99293 ], [ -155.81571, 19.99292 ], [ -155.81599, 19.99238 ], [ -155.81712, 19.99236 ], [ -155.81569, 19.99942 ], [ -155.81411, 19.99945 ], [ -155.81354, 20.0 ], [ -155.81182, 19.99976 ], [ -155.81182, 19.99948 ], [ -155.81124, 19.99949 ], [ -155.81066, 19.99896 ], [ -155.81067, 19.9995 ], [ -155.80751, 19.99928 ], [ -155.80667, 20.00011 ], [ -155.80438, 20.00014 ], [ -155.80409, 19.99988 ], [ -155.8038, 20.00015 ], [ -155.80322, 19.99962 ], [ -155.80208, 19.99964 ], [ -155.80208, 19.99991 ], [ -155.80094, 19.99993 ], [ -155.80038, 20.00075 ], [ -155.79894, 20.00077 ], [ -155.79865, 20.00051 ], [ -155.79838, 20.00105 ], [ -155.79723, 20.0008 ], [ -155.79723, 20.00107 ], [ -155.79637, 20.00108 ], [ -155.79637, 20.00081 ], [ -155.79579, 20.00082 ], [ -155.7958, 20.00109 ], [ -155.79465, 20.00111 ], [ -155.79466, 20.00138 ], [ -155.79408, 20.00139 ], [ -155.79379, 20.00085 ], [ -155.79264, 20.00087 ], [ -155.7918, 20.0017 ], [ -155.7895, 20.00146 ], [ -155.78951, 20.00173 ], [ -155.78893, 20.00174 ], [ -155.78863, 20.00066 ], [ -155.78834, 20.00067 ], [ -155.78833, 19.99986 ], [ -155.78775, 19.99986 ], [ -155.78746, 19.99933 ], [ -155.78689, 19.99934 ], [ -155.78688, 19.9988 ], [ -155.78601, 19.99854 ], [ -155.78572, 19.998 ], [ -155.78285, 19.99805 ], [ -155.78286, 19.99832 ], [ -155.78113, 19.99807 ], [ -155.78114, 19.99834 ], [ -155.7754, 19.99816 ], [ -155.77541, 19.9987 ], [ -155.7737, 19.999 ], [ -155.77285, 19.99983 ], [ -155.77286, 20.00037 ], [ -155.772, 20.00038 ], [ -155.7706, 20.00176 ], [ -155.76573, 20.00184 ], [ -155.76545, 20.00265 ], [ -155.76345, 20.00268 ], [ -155.7617, 20.00109 ], [ -155.7597, 20.00112 ], [ -155.75942, 20.00166 ], [ -155.7577, 20.00196 ], [ -155.75771, 20.00223 ], [ -155.75656, 20.00225 ], [ -155.75572, 20.00335 ], [ -155.75401, 20.00364 ], [ -155.75401, 20.00391 ], [ -155.75315, 20.00366 ], [ -155.75314, 20.00339 ], [ -155.75257, 20.00339 ], [ -155.75228, 20.00286 ], [ -155.75084, 20.00261 ], [ -155.75083, 20.00234 ], [ -155.74882, 20.0021 ], [ -155.74881, 20.00156 ], [ -155.74795, 20.0013 ], [ -155.74765, 20.00076 ], [ -155.74593, 20.00052 ], [ -155.74534, 19.99944 ], [ -155.74218, 19.99922 ], [ -155.74219, 19.99949 ], [ -155.74133, 19.99951 ], [ -155.74132, 19.99924 ], [ -155.74017, 19.99898 ], [ -155.74018, 19.99925 ], [ -155.73932, 19.99927 ], [ -155.73933, 19.99981 ], [ -155.73876, 19.99982 ], [ -155.73817, 19.99928 ], [ -155.73731, 19.9993 ], [ -155.73615, 19.99823 ], [ -155.73558, 19.99824 ], [ -155.73557, 19.99797 ], [ -155.73472, 19.99825 ], [ -155.73471, 19.99798 ], [ -155.73414, 19.99799 ], [ -155.73382, 19.99622 ] ] ], [ [ [ -155.70491, 19.99807 ], [ -155.70492, 19.99817 ], [ -155.70443, 19.99818 ], [ -155.70491, 19.99807 ] ] ], [ [ [ -155.70577, 19.99787 ], [ -155.70634, 19.99772 ], [ -155.70634, 19.99788 ], [ -155.70577, 19.99787 ] ] ], [ [ [ -155.7068, 19.99759 ], [ -155.70691, 19.9976 ], [ -155.70676, 19.9976 ], [ -155.7068, 19.99759 ] ] ] ] } },
{ "type": "Feature", "properties": { "unit_id": "U-020", "name": "Waikoloa Inland - North", "type": "Road-defined", "area_ha": 804.1, "c_firevuln": 69.0, "c_consval": 0.0, "c_commval": 0.0, "c_respmgmt": 60.0, "c_prevmgmt": 24.0 }, "geometry": { "type": "Polygon", "coordinates": [ [ [ -155.78628, 19.98147 ], [ -155.78487, 19.9823 ], [ -155.78487, 19.98258 ], [ -155.78258, 19.98288 ], [ -155.78202, 19.98343 ], [ -155.78002, 19.98374 ], [ -155.78002, 19.98346 ], [ -155.77916, 19.98348 ], [ -155.77886, 19.98267 ], [ -155.778, 19.98268 ], [ -155.77799, 19.98214 ], [ -155.77713, 19.98216 ], [ -155.77684, 19.98189 ], [ -155.77682, 19.98108 ], [ -155.77624, 19.98054 ], [ -155.77365, 19.97977 ], [ -155.77277, 19.9787 ], [ -155.77191, 19.97872 ], [ -155.77165, 19.97845 ], [ -155.77118, 19.96546 ], [ -155.77167, 19.96491 ], [ -155.77367, 19.96487 ], [ -155.77451, 19.96351 ], [ -155.77508, 19.9635 ], [ -155.77565, 19.96295 ], [ -155.7765, 19.96293 ], [ -155.77651, 19.96321 ], [ -155.77966, 19.96343 ], [ -155.77996, 19.96396 ], [ -155.78082, 19.96395 ], [ -155.78082, 19.96422 ], [ -155.78627, 19.96441 ], [ -155.78628, 19.96468 ], [ -155.78713, 19.96466 ], [ -155.78772, 19.9652 ], [ -155.79058, 19.96515 ], [ -155.79059, 19.96542 ], [ -155.7923, 19.96512 ], [ -155.7923, 19.96539 ], [ -155.79345, 19.96565 ], [ -155.79346, 19.96592 ], [ -155.79575, 19.96588 ], [ -155.79575, 19.96561 ], [ -155.79632, 19.9656 ], [ -155.79632, 19.96587 ], [ -155.79747, 19.96613 ], [ -155.79777, 19.96666 ], [ -155.79892, 19.96692 ], [ -155.79892, 19.96719 ], [ -155.80179, 19.96741 ], [ -155.8018, 19.96768 ], [ -155.8041, 19.96846 ], [ -155.80411, 19.96873 ], [ -155.80468, 19.96872 ], [ -155.80469, 19.96899 ], [ -155.80526, 19.96898 ], [ -155.80526, 19.96925 ], [ -155.80699, 19.9695 ], [ -155.80757, 19.9703 ], [ -155.80872, 19.97028 ], [ -155.8093, 19.97081 ], [ -155.80931, 19.97136 ], [ -155.81075, 19.9716 ], [ -155.81075, 19.97187 ], [ -155.8119, 19.97213 ], [ -155.81191, 19.9724 ], [ -155.81277, 19.97238 ], [ -155.81422, 19.97372 ], [ -155.8145, 19.97344 ], [ -155.81537, 19.9737 ], [ -155.81595, 19.97423 ], [ -155.81596, 19.97477 ], [ -155.8174, 19.97502 ], [ -155.81739, 19.97448 ], [ -155.81825, 19.97446 ], [ -155.81881, 19.97391 ], [ -155.82048, 19.97416 ], [ -155.81998, 19.97867 ], [ -155.81897, 19.98366 ], [ -155.8184, 19.98313 ], [ -155.81582, 19.98317 ], [ -155.81583, 19.98344 ], [ -155.81497, 19.98345 ], [ -155.81497, 19.98372 ], [ -155.81411, 19.98374 ], [ -155.81382, 19.9832 ], [ -155.81354, 19.98348 ], [ -155.8121, 19.9835 ], [ -155.81122, 19.98216 ], [ -155.80864, 19.9822 ], [ -155.80864, 19.98193 ], [ -155.80664, 19.98223 ], [ -155.80663, 19.98196 ], [ -155.80491, 19.98172 ], [ -155.80435, 19.98227 ], [ -155.80263, 19.9823 ], [ -155.80117, 19.98096 ], [ -155.79888, 19.981 ], [ -155.7986, 19.98155 ], [ -155.79631, 19.98158 ], [ -155.79602, 19.98105 ], [ -155.79487, 19.98106 ], [ -155.79486, 19.98052 ], [ -155.79429, 19.98053 ], [ -155.79399, 19.97999 ], [ -155.79285, 19.98001 ], [ -155.79284, 19.97974 ], [ -155.79256, 19.98002 ], [ -155.78912, 19.98007 ], [ -155.78913, 19.98034 ], [ -155.78798, 19.98036 ], [ -155.78769, 19.98009 ], [ -155.7877, 19.98036 ], [ -155.78712, 19.98037 ], [ -155.78713, 19.98091 ], [ -155.78627, 19.98093 ], [ -155.78628, 19.98147 ] ] ] } },
{ "type": "Feature", "properties": { "unit_id": "U-021", "name": "Waikoloa Inland - North", "type": "Road-defined", "area_ha": 1440.8, "c_firevuln": 66.0, "c_consval": 0.0, "c_commval": 0.0, "c_respmgmt": 63.0, "c_prevmgmt": 23.0 }, "geometry": { "type": "MultiPolygon", "coordinates": [ [ [ [ -155.77118, 19.96546 ], [ -155.77098, 19.95936 ], [ -155.77087, 19.95973 ], [ -155.77055, 19.95959 ], [ -155.77054, 19.95918 ], [ -155.71728, 19.93704 ], [ -155.71733, 19.93676 ], [ -155.7179, 19.93676 ], [ -155.71818, 19.93621 ], [ -155.7199, 19.93618 ], [ -155.72018, 19.93564 ], [ -155.7219, 19.93588 ], [ -155.7219, 19.93615 ], [ -155.72448, 19.93584 ], [ -155.72446, 19.93503 ], [ -155.72474, 19.93475 ], [ -155.7279, 19.93525 ], [ -155.7279, 19.93498 ], [ -155.72904, 19.93469 ], [ -155.72903, 19.93442 ], [ -155.72961, 19.93441 ], [ -155.72991, 19.93522 ], [ -155.73163, 19.93573 ], [ -155.73193, 19.93627 ], [ -155.73336, 19.93598 ], [ -155.73394, 19.93651 ], [ -155.7348, 19.9365 ], [ -155.73509, 19.93703 ], [ -155.73624, 19.93702 ], [ -155.73683, 19.93782 ], [ -155.73797, 19.9378 ], [ -155.73797, 19.93753 ], [ -155.73854, 19.93752 ], [ -155.73881, 19.9367 ], [ -155.73967, 19.93669 ], [ -155.73995, 19.93642 ], [ -155.73994, 19.9356 ], [ -155.7405, 19.93505 ], [ -155.74279, 19.93502 ], [ -155.74337, 19.93555 ], [ -155.74509, 19.93552 ], [ -155.74509, 19.93525 ], [ -155.74566, 19.93524 ], [ -155.74566, 19.93552 ], [ -155.74653, 19.93577 ], [ -155.74654, 19.93631 ], [ -155.74682, 19.93604 ], [ -155.74739, 19.93603 ], [ -155.7474, 19.9363 ], [ -155.74911, 19.93627 ], [ -155.74939, 19.93573 ], [ -155.75054, 19.93571 ], [ -155.75083, 19.93598 ], [ -155.75082, 19.93571 ], [ -155.75196, 19.93542 ], [ -155.75196, 19.93515 ], [ -155.75483, 19.93537 ], [ -155.75482, 19.93483 ], [ -155.75825, 19.93451 ], [ -155.75853, 19.93396 ], [ -155.75939, 19.93395 ], [ -155.75939, 19.93422 ], [ -155.76025, 19.93421 ], [ -155.76055, 19.93474 ], [ -155.76083, 19.93447 ], [ -155.76197, 19.93445 ], [ -155.76197, 19.93418 ], [ -155.7634, 19.93416 ], [ -155.76457, 19.93549 ], [ -155.76485, 19.93522 ], [ -155.76542, 19.93521 ], [ -155.76543, 19.93548 ], [ -155.76915, 19.93542 ], [ -155.77003, 19.93649 ], [ -155.77175, 19.93701 ], [ -155.77178, 19.93863 ], [ -155.7715, 19.93864 ], [ -155.77151, 19.93918 ], [ -155.77179, 19.93917 ], [ -155.77211, 19.94079 ], [ -155.77297, 19.94078 ], [ -155.77298, 19.94132 ], [ -155.77355, 19.94131 ], [ -155.77328, 19.94213 ], [ -155.77242, 19.94214 ], [ -155.77243, 19.94268 ], [ -155.773, 19.94267 ], [ -155.77332, 19.94457 ], [ -155.77504, 19.94481 ], [ -155.77505, 19.94535 ], [ -155.77563, 19.94561 ], [ -155.77539, 19.94731 ], [ -155.7751, 19.9473 ], [ -155.77479, 19.94865 ], [ -155.7745, 19.94865 ], [ -155.77448, 19.94973 ], [ -155.7742, 19.94972 ], [ -155.77413, 19.9527 ], [ -155.7747, 19.95325 ], [ -155.77469, 19.95379 ], [ -155.77525, 19.95408 ], [ -155.77552, 19.95516 ], [ -155.77636, 19.95599 ], [ -155.77778, 19.95629 ], [ -155.77778, 19.95656 ], [ -155.78207, 19.95664 ], [ -155.78263, 19.95719 ], [ -155.78636, 19.95699 ], [ -155.78664, 19.95753 ], [ -155.78834, 19.9581 ], [ -155.78834, 19.95837 ], [ -155.79091, 19.95842 ], [ -155.79092, 19.95815 ], [ -155.79265, 19.95764 ], [ -155.79382, 19.95658 ], [ -155.79383, 19.95604 ], [ -155.7944, 19.95578 ], [ -155.79471, 19.9547 ], [ -155.79529, 19.95444 ], [ -155.79561, 19.95282 ], [ -155.7959, 19.95283 ], [ -155.79592, 19.95152 ], [ -155.79607, 19.95179 ], [ -155.79665, 19.95178 ], [ -155.79664, 19.95151 ], [ -155.79907, 19.95153 ], [ -155.79907, 19.9518 ], [ -155.79951, 19.95181 ], [ -155.79954, 19.95336 ], [ -155.80268, 19.95304 ], [ -155.80298, 19.95358 ], [ -155.80355, 19.95357 ], [ -155.80444, 19.95518 ], [ -155.80501, 19.95517 ], [ -155.80502, 19.95544 ], [ -155.80588, 19.9557 ], [ -155.80591, 19.95733 ], [ -155.80648, 19.95732 ], [ -155.80649, 19.95786 ], [ -155.80821, 19.95756 ], [ -155.80822, 19.9581 ], [ -155.80909, 19.95863 ], [ -155.80909, 19.95917 ], [ -155.80968, 19.9597 ], [ -155.81082, 19.95969 ], [ -155.81112, 19.96049 ], [ -155.81313, 19.96073 ], [ -155.81343, 19.96127 ], [ -155.81515, 19.96124 ], [ -155.81544, 19.96178 ], [ -155.81831, 19.962 ], [ -155.81861, 19.96281 ], [ -155.81948, 19.96307 ], [ -155.81949, 19.96361 ], [ -155.82063, 19.96359 ], [ -155.82122, 19.9644 ], [ -155.82208, 19.96438 ], [ -155.82098, 19.96836 ], [ -155.82055, 19.97253 ], [ -155.81908, 19.97283 ], [ -155.81878, 19.97229 ], [ -155.81592, 19.97233 ], [ -155.81565, 19.97315 ], [ -155.81421, 19.97317 ], [ -155.81422, 19.97344 ], [ -155.81335, 19.97319 ], [ -155.81277, 19.97238 ], [ -155.81191, 19.9724 ], [ -155.8119, 19.97213 ], [ -155.81075, 19.97187 ], [ -155.81075, 19.9716 ], [ -155.80931, 19.97136 ], [ -155.8093, 19.97081 ], [ -155.80872, 19.97028 ], [ -155.80757, 19.9703 ], [ -155.80641, 19.96923 ], [ -155.80526, 19.96925 ], [ -155.80526, 19.96898 ], [ -155.80469, 19.96899 ], [ -155.80468, 19.96872 ], [ -155.80411, 19.96873 ], [ -155.8041, 19.96846 ], [ -155.8018, 19.96768 ], [ -155.80179, 19.96741 ], [ -155.79892, 19.96719 ], [ -155.79892, 19.96692 ], [ -155.79777, 19.96666 ], [ -155.79747, 19.96613 ], [ -155.79632, 19.96587 ], [ -155.79632, 19.9656 ], [ -155.79575, 19.96561 ], [ -155.79575, 19.96588 ], [ -155.79346, 19.96592 ], [ -155.79345, 19.96565 ], [ -155.7923, 19.96539 ], [ -155.7923, 19.96512 ], [ -155.79059, 19.96542 ], [ -155.79058, 19.96515 ], [ -155.78772, 19.9652 ], [ -155.78713, 19.96466 ], [ -155.78628, 19.96468 ], [ -155.78627, 19.96441 ], [ -155.78082, 19.96422 ], [ -155.78082, 19.96395 ], [ -155.77996, 19.96396 ], [ -155.77966, 19.96343 ], [ -155.77651, 19.96321 ], [ -155.7765, 19.96293 ], [ -155.77565, 19.96295 ], [ -155.77508, 19.9635 ], [ -155.77451, 19.96351 ], [ -155.77367, 19.96487 ], [ -155.77167, 19.96491 ], [ -155.77118, 19.96546 ] ] ], [ [ [ -155.7154, 19.93625 ], [ -155.7156, 19.93625 ], [ -155.7156, 19.93634 ], [ -155.7154, 19.93625 ] ] ] ] } },
{ "type": "Feature", "properties": { "unit_id": "U-022", "name": "Waikoloa Inland - North", "type": "Road-defined", "area_ha": 4126.6, "c_firevuln": 63.0, "c_consval": 0.0, "c_commval": 0.0, "c_respmgmt": 63.0, "c_prevmgmt": 29.0 }, "geometry": { "type": "MultiPolygon", "coordinates": [ [ [ [ -155.79951, 19.95181 ], [ -155.8025, 19.95186 ], [ -155.80251, 19.95159 ], [ -155.80424, 19.95108 ], [ -155.80511, 19.95028 ], [ -155.80512, 19.94974 ], [ -155.8057, 19.94948 ], [ -155.80602, 19.94786 ], [ -155.8063, 19.94787 ], [ -155.80669, 19.94273 ], [ -155.80641, 19.94273 ], [ -155.80644, 19.94137 ], [ -155.80615, 19.94137 ], [ -155.80618, 19.93974 ], [ -155.8059, 19.93974 ], [ -155.80564, 19.93811 ], [ -155.80479, 19.93755 ], [ -155.8048, 19.93701 ], [ -155.8034, 19.93563 ], [ -155.80283, 19.93562 ], [ -155.80284, 19.93481 ], [ -155.80371, 19.93428 ], [ -155.80373, 19.93374 ], [ -155.80431, 19.93321 ], [ -155.80433, 19.9324 ], [ -155.80461, 19.9324 ], [ -155.80463, 19.93159 ], [ -155.80377, 19.93158 ], [ -155.80407, 19.93077 ], [ -155.80436, 19.93077 ], [ -155.80412, 19.92837 ], [ -155.80454, 19.92837 ], [ -155.80542, 19.92944 ], [ -155.80714, 19.92968 ], [ -155.80716, 19.93076 ], [ -155.80773, 19.93075 ], [ -155.80803, 19.93156 ], [ -155.80861, 19.93155 ], [ -155.80948, 19.93235 ], [ -155.80949, 19.93316 ], [ -155.81036, 19.93369 ], [ -155.81037, 19.93423 ], [ -155.81154, 19.9353 ], [ -155.81211, 19.93529 ], [ -155.81213, 19.93664 ], [ -155.81272, 19.93717 ], [ -155.81329, 19.93717 ], [ -155.81358, 19.9377 ], [ -155.81502, 19.93768 ], [ -155.81589, 19.93875 ], [ -155.81704, 19.939 ], [ -155.81705, 19.93927 ], [ -155.81791, 19.93926 ], [ -155.81792, 19.94007 ], [ -155.8188, 19.94087 ], [ -155.82051, 19.94084 ], [ -155.82079, 19.9403 ], [ -155.82165, 19.94028 ], [ -155.82195, 19.94082 ], [ -155.82338, 19.9408 ], [ -155.82368, 19.94161 ], [ -155.82396, 19.9416 ], [ -155.82397, 19.94214 ], [ -155.82543, 19.94347 ], [ -155.826, 19.94346 ], [ -155.8263, 19.944 ], [ -155.82687, 19.94399 ], [ -155.8292, 19.94612 ], [ -155.82921, 19.94693 ], [ -155.83037, 19.94773 ], [ -155.83038, 19.94827 ], [ -155.83125, 19.94853 ], [ -155.83126, 19.94913 ], [ -155.82468, 19.95867 ], [ -155.82208, 19.96439 ], [ -155.82122, 19.9644 ], [ -155.82063, 19.96359 ], [ -155.81949, 19.96361 ], [ -155.81948, 19.96307 ], [ -155.81861, 19.96281 ], [ -155.81831, 19.962 ], [ -155.81544, 19.96178 ], [ -155.81515, 19.96124 ], [ -155.81343, 19.96127 ], [ -155.81313, 19.96073 ], [ -155.81112, 19.96049 ], [ -155.81082, 19.95969 ], [ -155.80968, 19.9597 ], [ -155.80909, 19.95917 ], [ -155.80909, 19.95863 ], [ -155.80822, 19.9581 ], [ -155.80821, 19.95756 ], [ -155.80649, 19.95786 ], [ -155.80648, 19.95732 ], [ -155.80591, 19.95733 ], [ -155.80588, 19.9557 ], [ -155.80502, 19.95544 ], [ -155.80501, 19.95517 ], [ -155.80444, 19.95518 ], [ -155.80355, 19.95357 ], [ -155.80298, 19.95358 ], [ -155.80268, 19.95304 ], [ -155.79954, 19.95336 ], [ -155.79951, 19.95181 ] ] ], [ [ [ -155.79592, 19.95152 ], [ -155.79621, 19.95148 ], [ -155.79622, 19.95094 ], [ -155.79651, 19.95094 ], [ -155.79652, 19.9504 ], [ -155.79738, 19.95042 ], [ -155.79793, 19.95124 ], [ -155.79879, 19.95125 ], [ -155.79879, 19.95148 ], [ -155.79664, 19.95151 ], [ -155.79665, 19.95178 ], [ -155.79607, 19.95179 ], [ -155.79592, 19.95152 ] ] ], [ [ [ -155.71728, 19.93704 ], [ -155.69518, 19.92785 ], [ -155.69276, 19.92477 ], [ -155.69678, 19.9182 ], [ -155.7004, 19.9155 ], [ -155.70542, 19.90569 ], [ -155.70739, 19.90029 ], [ -155.70936, 19.89638 ], [ -155.7214, 19.87671 ], [ -155.72246, 19.87708 ], [ -155.72418, 19.87695 ], [ -155.72519, 19.87722 ], [ -155.72644, 19.87819 ], [ -155.72722, 19.8793 ], [ -155.72808, 19.88268 ], [ -155.72917, 19.88365 ], [ -155.73337, 19.88508 ], [ -155.73593, 19.8878 ], [ -155.74091, 19.9022 ], [ -155.74217, 19.90423 ], [ -155.74406, 19.9052 ], [ -155.75537, 19.90632 ], [ -155.75937, 19.90532 ], [ -155.76146, 19.90554 ], [ -155.76825, 19.90677 ], [ -155.77023, 19.90741 ], [ -155.77373, 19.9103 ], [ -155.77561, 19.91367 ], [ -155.77825, 19.91555 ], [ -155.77871, 19.91656 ], [ -155.7786, 19.91784 ], [ -155.77739, 19.92087 ], [ -155.77774, 19.9226 ], [ -155.77844, 19.92337 ], [ -155.783, 19.9251 ], [ -155.78298, 19.92579 ], [ -155.7824, 19.92632 ], [ -155.78239, 19.92686 ], [ -155.78181, 19.92712 ], [ -155.78147, 19.93009 ], [ -155.78118, 19.93008 ], [ -155.78087, 19.93116 ], [ -155.78059, 19.93116 ], [ -155.78027, 19.93278 ], [ -155.77998, 19.93277 ], [ -155.77966, 19.93439 ], [ -155.77937, 19.93438 ], [ -155.77935, 19.93547 ], [ -155.77907, 19.93546 ], [ -155.77905, 19.93627 ], [ -155.77876, 19.93627 ], [ -155.77814, 19.93869 ], [ -155.77786, 19.93869 ], [ -155.77783, 19.94004 ], [ -155.77754, 19.94004 ], [ -155.77723, 19.94139 ], [ -155.77694, 19.94138 ], [ -155.77693, 19.94219 ], [ -155.77664, 19.94219 ], [ -155.77661, 19.94354 ], [ -155.77633, 19.94354 ], [ -155.77571, 19.94588 ], [ -155.77505, 19.94535 ], [ -155.77504, 19.94481 ], [ -155.77332, 19.94457 ], [ -155.773, 19.94267 ], [ -155.77243, 19.94268 ], [ -155.77242, 19.94214 ], [ -155.77328, 19.94213 ], [ -155.77355, 19.94131 ], [ -155.77298, 19.94132 ], [ -155.77297, 19.94078 ], [ -155.77211, 19.94079 ], [ -155.77179, 19.93917 ], [ -155.77151, 19.93918 ], [ -155.7715, 19.93864 ], [ -155.77178, 19.93863 ], [ -155.77175, 19.93701 ], [ -155.77003, 19.93649 ], [ -155.76915, 19.93542 ], [ -155.76543, 19.93548 ], [ -155.76542, 19.93521 ], [ -155.76485, 19.93522 ], [ -155.76457, 19.93549 ], [ -155.7634, 19.93416 ], [ -155.76197, 19.93418 ], [ -155.76197, 19.93445 ], [ -155.76083, 19.93447 ], [ -155.76055, 19.93474 ], [ -155.76025, 19.93421 ], [ -155.75853, 19.93396 ], [ -155.75825, 19.93451 ], [ -155.75482, 19.93483 ], [ -155.75483, 19.93537 ], [ -155.75196, 19.93515 ], [ -155.75196, 19.93542 ], [ -155.75082, 19.93571 ], [ -155.75083, 19.93598 ], [ -155.75054, 19.93571 ], [ -155.74939, 19.93573 ], [ -155.74911, 19.93627 ], [ -155.7474, 19.9363 ], [ -155.74739, 19.93603 ], [ -155.74682, 19.93604 ], [ -155.74654, 19.93631 ], [ -155.74653, 19.93577 ], [ -155.74566, 19.93552 ], [ -155.74566, 19.93524 ], [ -155.74509, 19.93525 ], [ -155.74509, 19.93552 ], [ -155.74337, 19.93555 ], [ -155.74279, 19.93502 ], [ -155.7405, 19.93505 ], [ -155.73994, 19.9356 ], [ -155.73995, 19.93642 ], [ -155.73881, 19.9367 ], [ -155.73854, 19.93752 ], [ -155.73797, 19.93753 ], [ -155.73797, 19.9378 ], [ -155.73683, 19.93782 ], [ -155.73624, 19.93702 ], [ -155.73509, 19.93703 ], [ -155.7348, 19.9365 ], [ -155.73394, 19.93651 ], [ -155.73336, 19.93598 ], [ -155.73193, 19.93627 ], [ -155.73163, 19.93573 ], [ -155.72991, 19.93522 ], [ -155.72961, 19.93441 ], [ -155.7279, 19.93498 ], [ -155.7279, 19.93525 ], [ -155.72474, 19.93475 ], [ -155.72446, 19.93503 ], [ -155.72448, 19.93584 ], [ -155.72304, 19.93586 ], [ -155.72305, 19.93613 ], [ -155.7219, 19.93615 ], [ -155.7219, 19.93588 ], [ -155.72018, 19.93564 ], [ -155.7199, 19.93618 ], [ -155.71818, 19.93621 ], [ -155.7179, 19.93676 ], [ -155.71733, 19.93676 ], [ -155.71728, 19.93704 ] ] ], [ [ [ -155.80419, 19.92512 ], [ -155.80422, 19.9262 ], [ -155.80387, 19.92643 ], [ -155.80389, 19.92562 ], [ -155.80418, 19.92563 ], [ -155.80419, 19.92512 ] ] ], [ [ [ -155.8039, 19.92508 ], [ -155.80391, 19.92485 ], [ -155.80391, 19.92508 ], [ -155.8039, 19.92508 ] ] ] ] } },
{ "type": "Feature", "properties": { "unit_id": "U-023", "name": "Waikoloa Inland - North", "type": "Road-defined", "area_ha": 973.0, "c_firevuln": 36.0, "c_consval": 0.0, "c_commval": 0.0, "c_respmgmt": 8.0, "c_prevmgmt": 25.0 }, "geometry": { "type": "Polygon", "coordinates": [ [ [ -155.80412, 19.92837 ], [ -155.80414, 19.92725 ], [ -155.80386, 19.92725 ], [ -155.80387, 19.9267 ], [ -155.80415, 19.92671 ], [ -155.80393, 19.92621 ], [ -155.80422, 19.9262 ], [ -155.80393, 19.92373 ], [ -155.80308, 19.9229 ], [ -155.8031, 19.92236 ], [ -155.80253, 19.92208 ], [ -155.80254, 19.92154 ], [ -155.80169, 19.92125 ], [ -155.80169, 19.921 ], [ -155.80379, 19.91969 ], [ -155.80648, 19.91607 ], [ -155.81343, 19.90996 ], [ -155.81527, 19.90926 ], [ -155.81672, 19.90929 ], [ -155.81817, 19.90977 ], [ -155.82497, 19.91543 ], [ -155.82637, 19.91586 ], [ -155.82695, 19.91636 ], [ -155.82697, 19.91745 ], [ -155.82755, 19.91771 ], [ -155.82756, 19.91852 ], [ -155.82843, 19.91905 ], [ -155.82817, 19.92068 ], [ -155.8305, 19.92254 ], [ -155.83052, 19.92389 ], [ -155.8311, 19.92442 ], [ -155.83225, 19.92468 ], [ -155.83226, 19.92522 ], [ -155.83284, 19.92548 ], [ -155.83315, 19.92656 ], [ -155.83373, 19.92709 ], [ -155.83488, 19.92707 ], [ -155.83515, 19.92653 ], [ -155.83745, 19.92676 ], [ -155.83891, 19.92863 ], [ -155.83977, 19.92862 ], [ -155.84035, 19.92915 ], [ -155.84037, 19.92996 ], [ -155.84124, 19.93076 ], [ -155.84181, 19.93075 ], [ -155.84211, 19.93129 ], [ -155.84325, 19.931 ], [ -155.84355, 19.93154 ], [ -155.84469, 19.93152 ], [ -155.84499, 19.93233 ], [ -155.84614, 19.93231 ], [ -155.84643, 19.93262 ], [ -155.84127, 19.93684 ], [ -155.83785, 19.94033 ], [ -155.83415, 19.94477 ], [ -155.83126, 19.94913 ], [ -155.83125, 19.94853 ], [ -155.83038, 19.94827 ], [ -155.83037, 19.94773 ], [ -155.82921, 19.94693 ], [ -155.8292, 19.94612 ], [ -155.82687, 19.94399 ], [ -155.8263, 19.944 ], [ -155.826, 19.94346 ], [ -155.82543, 19.94347 ], [ -155.82397, 19.94214 ], [ -155.82396, 19.9416 ], [ -155.82368, 19.94161 ], [ -155.82338, 19.9408 ], [ -155.82195, 19.94082 ], [ -155.82165, 19.94028 ], [ -155.82079, 19.9403 ], [ -155.82051, 19.94084 ], [ -155.8188, 19.94087 ], [ -155.81792, 19.94007 ], [ -155.81791, 19.93926 ], [ -155.81705, 19.93927 ], [ -155.81704, 19.939 ], [ -155.81589, 19.93875 ], [ -155.81502, 19.93768 ], [ -155.81358, 19.9377 ], [ -155.81329, 19.93717 ], [ -155.81272, 19.93717 ], [ -155.81213, 19.93664 ], [ -155.81211, 19.93529 ], [ -155.81154, 19.9353 ], [ -155.81037, 19.93423 ], [ -155.81036, 19.93369 ], [ -155.80949, 19.93316 ], [ -155.80948, 19.93235 ], [ -155.80861, 19.93155 ], [ -155.80803, 19.93156 ], [ -155.80773, 19.93075 ], [ -155.80716, 19.93076 ], [ -155.80714, 19.92968 ], [ -155.80542, 19.92944 ], [ -155.80454, 19.92837 ], [ -155.80412, 19.92837 ] ] ] } },
{ "type": "Feature", "properties": { "unit_id": "U-024", "name": "Waikoloa Inland - North", "type": "Road-defined", "area_ha": 217.0, "c_firevuln": 10.0, "c_consval": 0.0, "c_commval": 0.0, "c_respmgmt": 4.0, "c_prevmgmt": 25.0 }, "geometry": { "type": "Polygon", "coordinates": [ [ [ -155.82637, 19.91586 ], [ -155.83104, 19.9156 ], [ -155.83272, 19.91436 ], [ -155.83436, 19.91409 ], [ -155.83466, 19.91489 ], [ -155.83524, 19.91515 ], [ -155.83524, 19.91569 ], [ -155.83612, 19.91649 ], [ -155.83669, 19.91648 ], [ -155.84018, 19.91967 ], [ -155.84021, 19.9213 ], [ -155.8405, 19.92129 ], [ -155.84051, 19.92184 ], [ -155.84137, 19.92182 ], [ -155.84136, 19.92155 ], [ -155.84165, 19.92182 ], [ -155.84309, 19.92179 ], [ -155.84396, 19.92286 ], [ -155.84482, 19.92285 ], [ -155.84541, 19.92365 ], [ -155.84598, 19.92364 ], [ -155.84657, 19.92418 ], [ -155.84657, 19.92472 ], [ -155.84773, 19.92551 ], [ -155.84775, 19.92632 ], [ -155.84833, 19.92659 ], [ -155.84838, 19.92929 ], [ -155.84867, 19.92956 ], [ -155.84895, 19.92928 ], [ -155.85051, 19.92953 ], [ -155.84643, 19.93262 ], [ -155.84614, 19.93231 ], [ -155.84499, 19.93233 ], [ -155.84469, 19.93152 ], [ -155.84355, 19.93154 ], [ -155.84325, 19.931 ], [ -155.84211, 19.93129 ], [ -155.84181, 19.93075 ], [ -155.84124, 19.93076 ], [ -155.84037, 19.92996 ], [ -155.84035, 19.92915 ], [ -155.83977, 19.92862 ], [ -155.83891, 19.92863 ], [ -155.83745, 19.92676 ], [ -155.83515, 19.92653 ], [ -155.83488, 19.92707 ], [ -155.83373, 19.92709 ], [ -155.83315, 19.92656 ], [ -155.83284, 19.92548 ], [ -155.83226, 19.92522 ], [ -155.83225, 19.92468 ], [ -155.8311, 19.92442 ], [ -155.83052, 19.92389 ], [ -155.8305, 19.92254 ], [ -155.82817, 19.92068 ], [ -155.82843, 19.91905 ], [ -155.82756, 19.91852 ], [ -155.82755, 19.91771 ], [ -155.82697, 19.91745 ], [ -155.82695, 19.91636 ], [ -155.82637, 19.91586 ] ] ] } },
{ "type": "Feature", "properties": { "unit_id": "U-025", "name": "Waikoloa Inland - North", "type": "Road-defined", "area_ha": 291.9, "c_firevuln": 66.0, "c_consval": 0.0, "c_commval": 46.0, "c_respmgmt": 57.0, "c_prevmgmt": 23.0 }, "geometry": { "type": "Polygon", "coordinates": [ [ [ -155.77031, 20.00176 ], [ -155.77116, 20.00148 ], [ -155.772, 20.00038 ], [ -155.77286, 20.00037 ], [ -155.77285, 19.99983 ], [ -155.7737, 19.999 ], [ -155.77541, 19.9987 ], [ -155.7754, 19.99816 ], [ -155.78114, 19.99834 ], [ -155.78113, 19.99807 ], [ -155.78286, 19.99832 ], [ -155.78285, 19.99805 ], [ -155.78572, 19.998 ], [ -155.78601, 19.99854 ], [ -155.78688, 19.9988 ], [ -155.78689, 19.99934 ], [ -155.78746, 19.99933 ], [ -155.78775, 19.99986 ], [ -155.78833, 19.99986 ], [ -155.78834, 20.00067 ], [ -155.78863, 20.00066 ], [ -155.78893, 20.00174 ], [ -155.78951, 20.00173 ], [ -155.7895, 20.00146 ], [ -155.7918, 20.0017 ], [ -155.79264, 20.00087 ], [ -155.79379, 20.00085 ], [ -155.79408, 20.00139 ], [ -155.79466, 20.00138 ], [ -155.79465, 20.00111 ], [ -155.7958, 20.00109 ], [ -155.79579, 20.00082 ], [ -155.79637, 20.00081 ], [ -155.79637, 20.00108 ], [ -155.79723, 20.00107 ], [ -155.79723, 20.0008 ], [ -155.79838, 20.00105 ], [ -155.79865, 20.00051 ], [ -155.79894, 20.00077 ], [ -155.80038, 20.00075 ], [ -155.80094, 19.99993 ], [ -155.80208, 19.99991 ], [ -155.80208, 19.99964 ], [ -155.80322, 19.99962 ], [ -155.8038, 20.00015 ], [ -155.80409, 19.99988 ], [ -155.80438, 20.00014 ], [ -155.80667, 20.00011 ], [ -155.80751, 19.99928 ], [ -155.81067, 19.9995 ], [ -155.81066, 19.99896 ], [ -155.81124, 19.99949 ], [ -155.81182, 19.99948 ], [ -155.81182, 19.99976 ], [ -155.81297, 19.99974 ], [ -155.81297, 20.00001 ], [ -155.81354, 20.0 ], [ -155.81411, 19.99945 ], [ -155.81569, 19.99942 ], [ -155.81354, 20.01002 ], [ -155.81313, 20.00894 ], [ -155.81256, 20.00895 ], [ -155.81255, 20.00868 ], [ -155.81026, 20.00872 ], [ -155.80968, 20.00819 ], [ -155.80796, 20.00848 ], [ -155.80796, 20.00821 ], [ -155.80624, 20.00797 ], [ -155.80594, 20.00743 ], [ -155.80479, 20.00745 ], [ -155.80479, 20.00718 ], [ -155.80422, 20.00719 ], [ -155.80422, 20.00746 ], [ -155.80136, 20.0075 ], [ -155.80135, 20.00723 ], [ -155.80021, 20.00725 ], [ -155.79962, 20.00645 ], [ -155.79819, 20.00647 ], [ -155.79818, 20.0062 ], [ -155.79704, 20.00622 ], [ -155.79703, 20.00595 ], [ -155.79531, 20.0057 ], [ -155.79385, 20.00437 ], [ -155.79242, 20.0044 ], [ -155.79125, 20.00333 ], [ -155.79041, 20.00416 ], [ -155.7884, 20.00419 ], [ -155.78841, 20.00446 ], [ -155.78753, 20.00366 ], [ -155.7861, 20.00368 ], [ -155.7861, 20.00341 ], [ -155.78496, 20.0037 ], [ -155.78496, 20.00397 ], [ -155.78467, 20.00371 ], [ -155.78352, 20.00372 ], [ -155.78296, 20.00427 ], [ -155.78239, 20.00428 ], [ -155.78181, 20.00375 ], [ -155.78009, 20.00378 ], [ -155.78009, 20.00405 ], [ -155.77952, 20.00406 ], [ -155.77864, 20.00272 ], [ -155.77807, 20.00327 ], [ -155.7775, 20.00328 ], [ -155.7775, 20.00355 ], [ -155.77549, 20.00331 ], [ -155.77521, 20.00358 ], [ -155.77521, 20.00331 ], [ -155.77435, 20.00333 ], [ -155.77434, 20.00305 ], [ -155.77205, 20.00282 ], [ -155.77175, 20.00228 ], [ -155.77118, 20.00256 ], [ -155.77031, 20.00176 ] ] ] } },
{ "type": "Feature", "properties": { "unit_id": "U-026", "name": "Waikoloa Inland - North", "type": "Road-defined", "area_ha": 232.8, "c_firevuln": 66.0, "c_consval": 0.0, "c_commval": 0.0, "c_respmgmt": 47.0, "c_prevmgmt": 44.0 }, "geometry": { "type": "Polygon", "coordinates": [ [ [ -155.78572, 19.98202 ], [ -155.78628, 19.98147 ], [ -155.78627, 19.98093 ], [ -155.78713, 19.98091 ], [ -155.78712, 19.98037 ], [ -155.7877, 19.98036 ], [ -155.78769, 19.98009 ], [ -155.78798, 19.98036 ], [ -155.78913, 19.98034 ], [ -155.78912, 19.98007 ], [ -155.79256, 19.98002 ], [ -155.79284, 19.97974 ], [ -155.79285, 19.98001 ], [ -155.79399, 19.97999 ], [ -155.79429, 19.98053 ], [ -155.79486, 19.98052 ], [ -155.79487, 19.98106 ], [ -155.79602, 19.98105 ], [ -155.79631, 19.98158 ], [ -155.7986, 19.98155 ], [ -155.79888, 19.981 ], [ -155.80117, 19.98096 ], [ -155.80263, 19.9823 ], [ -155.80435, 19.98227 ], [ -155.80491, 19.98172 ], [ -155.80663, 19.98196 ], [ -155.80664, 19.98223 ], [ -155.80864, 19.98193 ], [ -155.80864, 19.9822 ], [ -155.81122, 19.98216 ], [ -155.8121, 19.9835 ], [ -155.81354, 19.98348 ], [ -155.81382, 19.9832 ], [ -155.81411, 19.98374 ], [ -155.81497, 19.98372 ], [ -155.81497, 19.98345 ], [ -155.81583, 19.98344 ], [ -155.81582, 19.98317 ], [ -155.8184, 19.98313 ], [ -155.81897, 19.98366 ], [ -155.81712, 19.99236 ], [ -155.81599, 19.99238 ], [ -155.81571, 19.99292 ], [ -155.81514, 19.99293 ], [ -155.81455, 19.9924 ], [ -155.81284, 19.99243 ], [ -155.81227, 19.99298 ], [ -155.81084, 19.993 ], [ -155.81084, 19.99273 ], [ -155.80969, 19.99248 ], [ -155.80967, 19.99166 ], [ -155.8088, 19.99087 ], [ -155.80651, 19.9909 ], [ -155.80563, 19.9901 ], [ -155.80449, 19.99012 ], [ -155.80448, 19.98958 ], [ -155.80362, 19.98986 ], [ -155.80362, 19.98959 ], [ -155.80304, 19.9896 ], [ -155.80217, 19.9888 ], [ -155.80216, 19.98826 ], [ -155.80245, 19.98826 ], [ -155.80215, 19.98772 ], [ -155.80072, 19.98774 ], [ -155.80071, 19.98693 ], [ -155.80099, 19.98693 ], [ -155.80098, 19.98611 ], [ -155.80069, 19.98585 ], [ -155.79868, 19.98561 ], [ -155.79867, 19.98534 ], [ -155.79781, 19.98535 ], [ -155.79781, 19.98508 ], [ -155.79723, 19.98509 ], [ -155.79696, 19.98564 ], [ -155.79639, 19.98564 ], [ -155.79521, 19.98377 ], [ -155.79262, 19.98354 ], [ -155.79235, 19.98408 ], [ -155.79177, 19.98409 ], [ -155.79176, 19.98355 ], [ -155.7909, 19.98329 ], [ -155.79089, 19.98275 ], [ -155.78974, 19.9825 ], [ -155.78946, 19.98304 ], [ -155.78917, 19.98278 ], [ -155.7886, 19.98279 ], [ -155.7886, 19.98306 ], [ -155.78689, 19.98309 ], [ -155.78572, 19.98202 ] ] ] } },
{ "type": "Feature", "properties": { "unit_id": "U-027", "name": "Waikoloa Inland - North", "type": "Road-defined", "area_ha": 104.1, "c_firevuln": 33.0, "c_consval": 0.0, "c_commval": 0.0, "c_respmgmt": 4.0, "c_prevmgmt": 25.0 }, "geometry": { "type": "Polygon", "coordinates": [ [ [ -155.83436, 19.91409 ], [ -155.8351, 19.91419 ], [ -155.83725, 19.91552 ], [ -155.83726, 19.9162 ], [ -155.839, 19.91726 ], [ -155.8393, 19.91806 ], [ -155.84073, 19.91804 ], [ -155.8416, 19.91884 ], [ -155.84304, 19.91909 ], [ -155.84362, 19.91989 ], [ -155.84534, 19.91986 ], [ -155.84564, 19.92067 ], [ -155.84651, 19.9212 ], [ -155.84652, 19.92174 ], [ -155.84739, 19.92254 ], [ -155.84883, 19.92252 ], [ -155.8491, 19.92197 ], [ -155.85053, 19.92195 ], [ -155.85054, 19.92222 ], [ -155.85283, 19.92245 ], [ -155.85283, 19.92218 ], [ -155.85397, 19.92216 ], [ -155.85453, 19.92134 ], [ -155.85654, 19.92158 ], [ -155.85738, 19.92048 ], [ -155.85992, 19.92128 ], [ -155.86037, 19.92205 ], [ -155.85051, 19.92953 ], [ -155.84895, 19.92928 ], [ -155.84867, 19.92956 ], [ -155.84838, 19.92929 ], [ -155.84833, 19.92659 ], [ -155.84775, 19.92632 ], [ -155.84773, 19.92551 ], [ -155.84657, 19.92472 ], [ -155.84657, 19.92418 ], [ -155.84598, 19.92364 ], [ -155.84541, 19.92365 ], [ -155.84482, 19.92285 ], [ -155.84396, 19.92286 ], [ -155.84309, 19.92179 ], [ -155.84165, 19.92182 ], [ -155.84136, 19.92155 ], [ -155.84137, 19.92182 ], [ -155.84051, 19.92184 ], [ -155.8405, 19.92129 ], [ -155.84021, 19.9213 ], [ -155.84018, 19.91967 ], [ -155.83669, 19.91648 ], [ -155.83612, 19.91649 ], [ -155.83524, 19.91569 ], [ -155.83524, 19.91515 ], [ -155.83466, 19.91489 ], [ -155.83436, 19.91409 ] ] ] } },
{ "type": "Feature", "properties": { "unit_id": "U-028", "name": "Mauna Kea", "type": "Reserve", "area_ha": 87.1, "c_firevuln": 28.0, "c_consval": 44.0, "c_commval": 0.0, "c_respmgmt": 56.0, "c_prevmgmt": 40.0 }, "geometry": { "type": "MultiPolygon", "coordinates": [ [ [ [ -155.50763, 19.86291 ], [ -155.50935, 19.86316 ], [ -155.51023, 19.86423 ], [ -155.51109, 19.86422 ], [ -155.52213, 19.87463 ], [ -155.52271, 19.87462 ], [ -155.52271, 19.87489 ], [ -155.52357, 19.87515 ], [ -155.52363, 19.87894 ], [ -155.52421, 19.8792 ], [ -155.52422, 19.88002 ], [ -155.52451, 19.88001 ], [ -155.52423, 19.88029 ], [ -155.52425, 19.88164 ], [ -155.52512, 19.88244 ], [ -155.52515, 19.88407 ], [ -155.52543, 19.88406 ], [ -155.52545, 19.88488 ], [ -155.52569, 19.88487 ], [ -155.52234, 19.88789 ], [ -155.5223, 19.88492 ], [ -155.52172, 19.88466 ], [ -155.52171, 19.88384 ], [ -155.52142, 19.88385 ], [ -155.52137, 19.8806 ], [ -155.5225, 19.8795 ], [ -155.52248, 19.87842 ], [ -155.52191, 19.87842 ], [ -155.52161, 19.87789 ], [ -155.52075, 19.8779 ], [ -155.51988, 19.87683 ], [ -155.51931, 19.87684 ], [ -155.51727, 19.87497 ], [ -155.51696, 19.87308 ], [ -155.51638, 19.87281 ], [ -155.51637, 19.87227 ], [ -155.5126, 19.86907 ], [ -155.51229, 19.86799 ], [ -155.51143, 19.86747 ], [ -155.51112, 19.86639 ], [ -155.50996, 19.86559 ], [ -155.50996, 19.86505 ], [ -155.50763, 19.86291 ] ] ], [ [ [ -155.50735, 19.86292 ], [ -155.50763, 19.86264 ], [ -155.50763, 19.86291 ], [ -155.50735, 19.86292 ] ] ] ] } },
{ "type": "Feature", "properties": { "unit_id": "U-029", "name": "Mauna Kea", "type": "Reserve", "area_ha": 3897.4, "c_firevuln": 12.0, "c_consval": 33.0, "c_commval": 0.0, "c_respmgmt": 50.0, "c_prevmgmt": 37.0 }, "geometry": { "type": "Polygon", "coordinates": [ [ [ -155.52358, 19.87542 ], [ -155.52328, 19.87488 ], [ -155.52213, 19.87463 ], [ -155.51109, 19.86422 ], [ -155.51023, 19.86423 ], [ -155.50935, 19.86316 ], [ -155.50706, 19.86265 ], [ -155.50589, 19.86131 ], [ -155.50445, 19.86106 ], [ -155.50329, 19.85972 ], [ -155.49871, 19.85979 ], [ -155.49812, 19.85898 ], [ -155.4964, 19.85874 ], [ -155.49552, 19.85739 ], [ -155.49473, 19.85713 ], [ -155.4932, 19.85553 ], [ -155.49278, 19.85551 ], [ -155.49185, 19.85419 ], [ -155.49173, 19.85311 ], [ -155.49114, 19.85196 ], [ -155.49082, 19.8496 ], [ -155.48993, 19.84772 ], [ -155.48683, 19.84505 ], [ -155.48562, 19.84182 ], [ -155.4855, 19.83911 ], [ -155.4852, 19.8383 ], [ -155.48326, 19.83571 ], [ -155.47998, 19.82899 ], [ -155.47874, 19.82772 ], [ -155.47849, 19.82648 ], [ -155.47929, 19.82647 ], [ -155.47871, 19.82593 ], [ -155.4787, 19.82539 ], [ -155.47985, 19.82565 ], [ -155.48159, 19.82725 ], [ -155.48617, 19.82691 ], [ -155.48645, 19.82664 ], [ -155.48644, 19.82583 ], [ -155.48728, 19.825 ], [ -155.49015, 19.82496 ], [ -155.49099, 19.82414 ], [ -155.49214, 19.82412 ], [ -155.49215, 19.82466 ], [ -155.49157, 19.82467 ], [ -155.49158, 19.82494 ], [ -155.49215, 19.8252 ], [ -155.49217, 19.82602 ], [ -155.49332, 19.82627 ], [ -155.49332, 19.82654 ], [ -155.49417, 19.82626 ], [ -155.49417, 19.82599 ], [ -155.49446, 19.82625 ], [ -155.49646, 19.82623 ], [ -155.49731, 19.8254 ], [ -155.50933, 19.82496 ], [ -155.50933, 19.82523 ], [ -155.51191, 19.8252 ], [ -155.5122, 19.82574 ], [ -155.51277, 19.82573 ], [ -155.51481, 19.82759 ], [ -155.51511, 19.8284 ], [ -155.51597, 19.82866 ], [ -155.51599, 19.83029 ], [ -155.51745, 19.83162 ], [ -155.51888, 19.83187 ], [ -155.51918, 19.83241 ], [ -155.52461, 19.83206 ], [ -155.52549, 19.83313 ], [ -155.52663, 19.83339 ], [ -155.52693, 19.83393 ], [ -155.52807, 19.83391 ], [ -155.52892, 19.83281 ], [ -155.53292, 19.83249 ], [ -155.53321, 19.83302 ], [ -155.53407, 19.83301 ], [ -155.53466, 19.83382 ], [ -155.5358, 19.8338 ], [ -155.53581, 19.83407 ], [ -155.53724, 19.83432 ], [ -155.53725, 19.83486 ], [ -155.53783, 19.8354 ], [ -155.53869, 19.83538 ], [ -155.53957, 19.83645 ], [ -155.54013, 19.8359 ], [ -155.5407, 19.8359 ], [ -155.54549, 19.83122 ], [ -155.54664, 19.83121 ], [ -155.54692, 19.83066 ], [ -155.54749, 19.83065 ], [ -155.54834, 19.82983 ], [ -155.54832, 19.82902 ], [ -155.54917, 19.82819 ], [ -155.54974, 19.82818 ], [ -155.54974, 19.82791 ], [ -155.5526, 19.82787 ], [ -155.55288, 19.82732 ], [ -155.55459, 19.82703 ], [ -155.55458, 19.82676 ], [ -155.55917, 19.82696 ], [ -155.55916, 19.82669 ], [ -155.56117, 19.82694 ], [ -155.56117, 19.82666 ], [ -155.56346, 19.82663 ], [ -155.56375, 19.82717 ], [ -155.5649, 19.82742 ], [ -155.5649, 19.82769 ], [ -155.56719, 19.82766 ], [ -155.5672, 19.82793 ], [ -155.56777, 19.82792 ], [ -155.57039, 19.83032 ], [ -155.57124, 19.83031 ], [ -155.57154, 19.83085 ], [ -155.57297, 19.83083 ], [ -155.57385, 19.8319 ], [ -155.57528, 19.83188 ], [ -155.57586, 19.83241 ], [ -155.57758, 19.83239 ], [ -155.57758, 19.83266 ], [ -155.58016, 19.83262 ], [ -155.58016, 19.83289 ], [ -155.58274, 19.83313 ], [ -155.58333, 19.83393 ], [ -155.58418, 19.83392 ], [ -155.58477, 19.83445 ], [ -155.58735, 19.83468 ], [ -155.5888, 19.83602 ], [ -155.58995, 19.83627 ], [ -155.58995, 19.83654 ], [ -155.59081, 19.83653 ], [ -155.57186, 19.85173 ], [ -155.55854, 19.86299 ], [ -155.53113, 19.87802 ], [ -155.52706, 19.87808 ], [ -155.52704, 19.877 ], [ -155.52675, 19.87673 ], [ -155.5256, 19.87648 ], [ -155.52532, 19.87675 ], [ -155.52415, 19.87541 ], [ -155.52358, 19.87542 ] ] ] } },
{ "type": "Feature", "properties": { "unit_id": "U-030", "name": "Mauna Kea", "type": "Reserve", "area_ha": 2833.6, "c_firevuln": 33.0, "c_consval": 33.0, "c_commval": 0.0, "c_respmgmt": 39.0, "c_prevmgmt": 47.0 }, "geometry": { "type": "Polygon", "coordinates": [ [ [ -155.59081, 19.83675 ], [ -155.59081, 19.83653 ], [ -155.58995, 19.83654 ], [ -155.58995, 19.83627 ], [ -155.5888, 19.83602 ], [ -155.58735, 19.83468 ], [ -155.58477, 19.83445 ], [ -155.58418, 19.83392 ], [ -155.58333, 19.83393 ], [ -155.58274, 19.83313 ], [ -155.58016, 19.83289 ], [ -155.58016, 19.83262 ], [ -155.57758, 19.83266 ], [ -155.57758, 19.83239 ], [ -155.57586, 19.83241 ], [ -155.57528, 19.83188 ], [ -155.57385, 19.8319 ], [ -155.57297, 19.83083 ], [ -155.57154, 19.83085 ], [ -155.57124, 19.83031 ], [ -155.57039, 19.83032 ], [ -155.56777, 19.82792 ], [ -155.5672, 19.82793 ], [ -155.56719, 19.82766 ], [ -155.5649, 19.82769 ], [ -155.5649, 19.82742 ], [ -155.56375, 19.82717 ], [ -155.56346, 19.82663 ], [ -155.56117, 19.82666 ], [ -155.56117, 19.82694 ], [ -155.55916, 19.82669 ], [ -155.55917, 19.82696 ], [ -155.55458, 19.82676 ], [ -155.55459, 19.82703 ], [ -155.55288, 19.82732 ], [ -155.5526, 19.82787 ], [ -155.54974, 19.82791 ], [ -155.54974, 19.82818 ], [ -155.54917, 19.82819 ], [ -155.54832, 19.82902 ], [ -155.54834, 19.82983 ], [ -155.54749, 19.83065 ], [ -155.54692, 19.83066 ], [ -155.54664, 19.83121 ], [ -155.54549, 19.83122 ], [ -155.5407, 19.8359 ], [ -155.54013, 19.8359 ], [ -155.53957, 19.83645 ], [ -155.53869, 19.83538 ], [ -155.53783, 19.8354 ], [ -155.53725, 19.83486 ], [ -155.53724, 19.83432 ], [ -155.53581, 19.83407 ], [ -155.5358, 19.8338 ], [ -155.53466, 19.83382 ], [ -155.53407, 19.83301 ], [ -155.53321, 19.83302 ], [ -155.53292, 19.83249 ], [ -155.52892, 19.83281 ], [ -155.52807, 19.83391 ], [ -155.52693, 19.83393 ], [ -155.52663, 19.83339 ], [ -155.52549, 19.83313 ], [ -155.52461, 19.83206 ], [ -155.51918, 19.83241 ], [ -155.51888, 19.83187 ], [ -155.51745, 19.83162 ], [ -155.51599, 19.83029 ], [ -155.51597, 19.82866 ], [ -155.51511, 19.8284 ], [ -155.51481, 19.82759 ], [ -155.51277, 19.82573 ], [ -155.5122, 19.82574 ], [ -155.51191, 19.8252 ], [ -155.50274, 19.82506 ], [ -155.50275, 19.82533 ], [ -155.49731, 19.8254 ], [ -155.49646, 19.82623 ], [ -155.49446, 19.82625 ], [ -155.49446, 19.82598 ], [ -155.49474, 19.82598 ], [ -155.49473, 19.82544 ], [ -155.49671, 19.82351 ], [ -155.49842, 19.82322 ], [ -155.49927, 19.8224 ], [ -155.50155, 19.82209 ], [ -155.50212, 19.82154 ], [ -155.50355, 19.82152 ], [ -155.50411, 19.8207 ], [ -155.5127, 19.82085 ], [ -155.5127, 19.82112 ], [ -155.51327, 19.82111 ], [ -155.51383, 19.82029 ], [ -155.51498, 19.82028 ], [ -155.51498, 19.82055 ], [ -155.52357, 19.8207 ], [ -155.52531, 19.8223 ], [ -155.52533, 19.82311 ], [ -155.52676, 19.82309 ], [ -155.52676, 19.82336 ], [ -155.52848, 19.82361 ], [ -155.52879, 19.82469 ], [ -155.52993, 19.82467 ], [ -155.52993, 19.8244 ], [ -155.53451, 19.82434 ], [ -155.53563, 19.82297 ], [ -155.53678, 19.82295 ], [ -155.53677, 19.82268 ], [ -155.54164, 19.82261 ], [ -155.54193, 19.82315 ], [ -155.54393, 19.82312 ], [ -155.54393, 19.82285 ], [ -155.54708, 19.8228 ], [ -155.54707, 19.82253 ], [ -155.54765, 19.82307 ], [ -155.55195, 19.823 ], [ -155.55194, 19.82273 ], [ -155.55252, 19.82272 ], [ -155.55252, 19.823 ], [ -155.55338, 19.82298 ], [ -155.55394, 19.82243 ], [ -155.5554, 19.82404 ], [ -155.55769, 19.82401 ], [ -155.55797, 19.82346 ], [ -155.56569, 19.82335 ], [ -155.5657, 19.82362 ], [ -155.56656, 19.82361 ], [ -155.56712, 19.82306 ], [ -155.56711, 19.82224 ], [ -155.56653, 19.82225 ], [ -155.56651, 19.8209 ], [ -155.56764, 19.82007 ], [ -155.56764, 19.81953 ], [ -155.56876, 19.81843 ], [ -155.56991, 19.81841 ], [ -155.57188, 19.81622 ], [ -155.57302, 19.81593 ], [ -155.57386, 19.81483 ], [ -155.57557, 19.81454 ], [ -155.57754, 19.81261 ], [ -155.57809, 19.81098 ], [ -155.5795, 19.8096 ], [ -155.58036, 19.80959 ], [ -155.58092, 19.80877 ], [ -155.5835, 19.80901 ], [ -155.58379, 19.80981 ], [ -155.58408, 19.80981 ], [ -155.58409, 19.81035 ], [ -155.58525, 19.81142 ], [ -155.58725, 19.81139 ], [ -155.58726, 19.81166 ], [ -155.58841, 19.81191 ], [ -155.58841, 19.81218 ], [ -155.58927, 19.81217 ], [ -155.58957, 19.81271 ], [ -155.59071, 19.81269 ], [ -155.59071, 19.81296 ], [ -155.59157, 19.81295 ], [ -155.59158, 19.81322 ], [ -155.59301, 19.8132 ], [ -155.59301, 19.81347 ], [ -155.59387, 19.81346 ], [ -155.59388, 19.81373 ], [ -155.59788, 19.8134 ], [ -155.59872, 19.81258 ], [ -155.60073, 19.81255 ], [ -155.60157, 19.81172 ], [ -155.60214, 19.81171 ], [ -155.60215, 19.81198 ], [ -155.6053, 19.81194 ], [ -155.60529, 19.81167 ], [ -155.60701, 19.81164 ], [ -155.60757, 19.81109 ], [ -155.60872, 19.81108 ], [ -155.61012, 19.80943 ], [ -155.61069, 19.80942 ], [ -155.61068, 19.80888 ], [ -155.6104, 19.80888 ], [ -155.61038, 19.8078 ], [ -155.61066, 19.80753 ], [ -155.60805, 19.8054 ], [ -155.60801, 19.80269 ], [ -155.60998, 19.80076 ], [ -155.61055, 19.80076 ], [ -155.61054, 19.80021 ], [ -155.6114, 19.79993 ], [ -155.61336, 19.79773 ], [ -155.61422, 19.79772 ], [ -155.61563, 19.79608 ], [ -155.61677, 19.79579 ], [ -155.61761, 19.79496 ], [ -155.6176, 19.79442 ], [ -155.61845, 19.79387 ], [ -155.61844, 19.79333 ], [ -155.6193, 19.79304 ], [ -155.62014, 19.79195 ], [ -155.62128, 19.79166 ], [ -155.62184, 19.79111 ], [ -155.62499, 19.79106 ], [ -155.62601, 19.79213 ], [ -155.62584, 19.79244 ], [ -155.62916, 19.8024 ], [ -155.63241, 19.81073 ], [ -155.63409, 19.81818 ], [ -155.63572, 19.82017 ], [ -155.63591, 19.82443 ], [ -155.62551, 19.84176 ], [ -155.61974, 19.84391 ], [ -155.61792, 19.84287 ], [ -155.61649, 19.84302 ], [ -155.61132, 19.84091 ], [ -155.60961, 19.83958 ], [ -155.60907, 19.83867 ], [ -155.60675, 19.83884 ], [ -155.60524, 19.83806 ], [ -155.60245, 19.83741 ], [ -155.59484, 19.83391 ], [ -155.59427, 19.83401 ], [ -155.59081, 19.83675 ] ] ] } },
{ "type": "Feature", "properties": { "unit_id": "U-031", "name": "Mauna Kea", "type": "Reserve", "area_ha": 11244.8, "c_firevuln": 32.0, "c_consval": 33.0, "c_commval": 0.0, "c_respmgmt": 31.0, "c_prevmgmt": 44.0 }, "geometry": { "type": "MultiPolygon", "coordinates": [ [ [ [ -155.47849, 19.82648 ], [ -155.47813, 19.82567 ], [ -155.47749, 19.82538 ], [ -155.47544, 19.82547 ], [ -155.47459, 19.8263 ], [ -155.47322, 19.8264 ], [ -155.46942, 19.82583 ], [ -155.46868, 19.82509 ], [ -155.46922, 19.82281 ], [ -155.4681, 19.82113 ], [ -155.46801, 19.8192 ], [ -155.47, 19.81793 ], [ -155.47209, 19.81493 ], [ -155.4731, 19.8149 ], [ -155.47338, 19.81463 ], [ -155.47337, 19.81354 ], [ -155.47249, 19.8125 ], [ -155.47244, 19.80895 ], [ -155.47091, 19.80525 ], [ -155.46813, 19.80391 ], [ -155.4663, 19.80091 ], [ -155.46629, 19.8001 ], [ -155.46489, 19.79899 ], [ -155.46531, 19.79253 ], [ -155.46458, 19.77533 ], [ -155.4648, 19.77411 ], [ -155.46813, 19.77108 ], [ -155.46812, 19.77054 ], [ -155.46897, 19.76999 ], [ -155.46896, 19.76945 ], [ -155.47122, 19.76752 ], [ -155.47122, 19.76698 ], [ -155.47178, 19.7667 ], [ -155.47205, 19.76534 ], [ -155.47262, 19.76506 ], [ -155.47258, 19.7629 ], [ -155.47143, 19.76264 ], [ -155.47114, 19.76183 ], [ -155.47085, 19.76184 ], [ -155.47052, 19.75913 ], [ -155.46937, 19.75888 ], [ -155.46879, 19.75834 ], [ -155.46792, 19.75754 ], [ -155.46791, 19.75673 ], [ -155.4682, 19.75673 ], [ -155.46819, 19.75618 ], [ -155.46847, 19.75618 ], [ -155.46875, 19.75536 ], [ -155.46932, 19.75535 ], [ -155.46931, 19.75454 ], [ -155.47128, 19.75262 ], [ -155.47127, 19.75181 ], [ -155.47183, 19.75126 ], [ -155.47181, 19.7499 ], [ -155.47094, 19.74937 ], [ -155.47092, 19.74802 ], [ -155.47205, 19.74692 ], [ -155.47204, 19.74611 ], [ -155.47232, 19.7461 ], [ -155.47227, 19.74258 ], [ -155.47283, 19.74203 ], [ -155.47341, 19.74202 ], [ -155.47366, 19.74012 ], [ -155.47451, 19.73957 ], [ -155.47447, 19.73659 ], [ -155.47644, 19.73494 ], [ -155.47642, 19.73331 ], [ -155.47755, 19.73221 ], [ -155.47812, 19.73221 ], [ -155.47868, 19.73166 ], [ -155.47896, 19.73084 ], [ -155.47952, 19.73056 ], [ -155.47952, 19.73002 ], [ -155.48065, 19.72919 ], [ -155.48033, 19.72703 ], [ -155.48232, 19.72619 ], [ -155.48229, 19.72429 ], [ -155.48313, 19.72347 ], [ -155.48313, 19.72293 ], [ -155.48369, 19.72265 ], [ -155.48338, 19.72075 ], [ -155.48423, 19.72047 ], [ -155.48422, 19.71966 ], [ -155.48479, 19.71965 ], [ -155.48591, 19.71828 ], [ -155.48649, 19.71827 ], [ -155.48676, 19.71773 ], [ -155.48762, 19.71772 ], [ -155.48819, 19.71717 ], [ -155.48817, 19.71635 ], [ -155.48789, 19.71636 ], [ -155.48787, 19.71527 ], [ -155.48758, 19.71501 ], [ -155.48815, 19.71473 ], [ -155.48814, 19.71419 ], [ -155.48927, 19.71309 ], [ -155.48896, 19.71149 ], [ -155.49349, 19.71755 ], [ -155.49958, 19.72388 ], [ -155.5007, 19.72549 ], [ -155.50168, 19.72917 ], [ -155.50256, 19.73046 ], [ -155.51501, 19.74241 ], [ -155.51664, 19.74379 ], [ -155.51819, 19.74459 ], [ -155.52594, 19.74701 ], [ -155.52794, 19.74866 ], [ -155.52915, 19.75106 ], [ -155.5301, 19.75551 ], [ -155.53213, 19.75844 ], [ -155.53507, 19.76013 ], [ -155.54519, 19.76144 ], [ -155.55056, 19.76306 ], [ -155.55332, 19.76356 ], [ -155.58136, 19.76721 ], [ -155.58343, 19.76799 ], [ -155.58493, 19.76894 ], [ -155.59424, 19.77679 ], [ -155.59605, 19.77788 ], [ -155.59799, 19.77854 ], [ -155.61218, 19.78086 ], [ -155.61485, 19.78171 ], [ -155.61688, 19.78304 ], [ -155.62607, 19.79203 ], [ -155.62586, 19.79213 ], [ -155.62499, 19.79106 ], [ -155.62184, 19.79111 ], [ -155.62128, 19.79166 ], [ -155.62014, 19.79195 ], [ -155.6193, 19.79304 ], [ -155.61844, 19.79333 ], [ -155.61845, 19.79387 ], [ -155.6176, 19.79442 ], [ -155.61761, 19.79496 ], [ -155.61677, 19.79579 ], [ -155.61563, 19.79608 ], [ -155.61422, 19.79772 ], [ -155.61336, 19.79773 ], [ -155.6114, 19.79993 ], [ -155.61054, 19.80021 ], [ -155.61055, 19.80076 ], [ -155.60998, 19.80076 ], [ -155.60801, 19.80269 ], [ -155.60805, 19.8054 ], [ -155.61066, 19.80753 ], [ -155.61038, 19.8078 ], [ -155.6104, 19.80888 ], [ -155.61068, 19.80888 ], [ -155.61069, 19.80942 ], [ -155.61012, 19.80943 ], [ -155.60872, 19.81108 ], [ -155.60757, 19.81109 ], [ -155.60701, 19.81164 ], [ -155.60529, 19.81167 ], [ -155.6053, 19.81194 ], [ -155.60215, 19.81198 ], [ -155.60214, 19.81171 ], [ -155.60157, 19.81172 ], [ -155.60073, 19.81255 ], [ -155.59872, 19.81258 ], [ -155.59788, 19.8134 ], [ -155.59388, 19.81373 ], [ -155.59387, 19.81346 ], [ -155.59301, 19.81347 ], [ -155.59301, 19.8132 ], [ -155.59158, 19.81322 ], [ -155.59157, 19.81295 ], [ -155.59071, 19.81296 ], [ -155.59071, 19.81269 ], [ -155.58957, 19.81271 ], [ -155.58927, 19.81217 ], [ -155.58841, 19.81218 ], [ -155.58841, 19.81191 ], [ -155.58726, 19.81166 ], [ -155.58725, 19.81139 ], [ -155.58525, 19.81142 ], [ -155.58409, 19.81035 ], [ -155.58408, 19.80981 ], [ -155.58379, 19.80981 ], [ -155.5835, 19.80901 ], [ -155.58092, 19.80877 ], [ -155.58036, 19.80959 ], [ -155.5795, 19.8096 ], [ -155.57809, 19.81098 ], [ -155.57754, 19.81261 ], [ -155.57557, 19.81454 ], [ -155.57386, 19.81483 ], [ -155.57302, 19.81593 ], [ -155.57188, 19.81622 ], [ -155.56991, 19.81841 ], [ -155.56876, 19.81843 ], [ -155.56764, 19.81953 ], [ -155.56764, 19.82007 ], [ -155.56651, 19.8209 ], [ -155.56653, 19.82225 ], [ -155.56711, 19.82224 ], [ -155.56712, 19.82306 ], [ -155.56656, 19.82361 ], [ -155.5657, 19.82362 ], [ -155.56569, 19.82335 ], [ -155.55797, 19.82346 ], [ -155.55769, 19.82401 ], [ -155.5554, 19.82404 ], [ -155.55394, 19.82243 ], [ -155.55338, 19.82298 ], [ -155.55252, 19.823 ], [ -155.55252, 19.82272 ], [ -155.55194, 19.82273 ], [ -155.55195, 19.823 ], [ -155.54765, 19.82307 ], [ -155.54707, 19.82253 ], [ -155.54708, 19.8228 ], [ -155.54393, 19.82285 ], [ -155.54393, 19.82312 ], [ -155.54193, 19.82315 ], [ -155.54164, 19.82261 ], [ -155.53677, 19.82268 ], [ -155.53678, 19.82295 ], [ -155.53563, 19.82297 ], [ -155.53451, 19.82434 ], [ -155.52993, 19.8244 ], [ -155.52993, 19.82467 ], [ -155.52879, 19.82469 ], [ -155.52848, 19.82361 ], [ -155.52676, 19.82336 ], [ -155.52676, 19.82309 ], [ -155.52533, 19.82311 ], [ -155.52531, 19.8223 ], [ -155.52357, 19.8207 ], [ -155.51498, 19.82055 ], [ -155.51498, 19.82028 ], [ -155.51383, 19.82029 ], [ -155.51327, 19.82111 ], [ -155.5127, 19.82112 ], [ -155.5127, 19.82085 ], [ -155.50411, 19.8207 ], [ -155.50355, 19.82152 ], [ -155.50212, 19.82154 ], [ -155.50155, 19.82209 ], [ -155.49927, 19.8224 ], [ -155.49842, 19.82322 ], [ -155.49671, 19.82351 ], [ -155.49473, 19.82544 ], [ -155.49474, 19.82598 ], [ -155.4936, 19.82627 ], [ -155.49361, 19.82654 ], [ -155.49217, 19.82602 ], [ -155.49215, 19.8252 ], [ -155.49158, 19.82494 ], [ -155.49157, 19.82467 ], [ -155.49215, 19.82466 ], [ -155.49214, 19.82412 ], [ -155.49099, 19.82414 ], [ -155.49015, 19.82496 ], [ -155.48728, 19.825 ], [ -155.48644, 19.82583 ], [ -155.48645, 19.82664 ], [ -155.48617, 19.82691 ], [ -155.48159, 19.82725 ], [ -155.47985, 19.82565 ], [ -155.47899, 19.82566 ], [ -155.47899, 19.82539 ], [ -155.4787, 19.82539 ], [ -155.47871, 19.82593 ], [ -155.47929, 19.82647 ], [ -155.47849, 19.82648 ] ] ], [ [ [ -155.48721, 19.70943 ], [ -155.48738, 19.70959 ], [ -155.48721, 19.70959 ], [ -155.48721, 19.70943 ] ] ] ] } },
{ "type": "Feature", "properties": { "unit_id": "U-032", "name": "Mauna Kea", "type": "Reserve", "area_ha": 184.7, "c_firevuln": 13.0, "c_consval": 33.0, "c_commval": 0.0, "c_respmgmt": 50.0, "c_prevmgmt": 34.0 }, "geometry": { "type": "MultiPolygon", "coordinates": [ [ [ [ -155.49698, 19.859 ], [ -155.49812, 19.85898 ], [ -155.49871, 19.85979 ], [ -155.50329, 19.85972 ], [ -155.50445, 19.86106 ], [ -155.50589, 19.86131 ], [ -155.50996, 19.86505 ], [ -155.50996, 19.86559 ], [ -155.51112, 19.86639 ], [ -155.51143, 19.86747 ], [ -155.51229, 19.86799 ], [ -155.5126, 19.86907 ], [ -155.51637, 19.87227 ], [ -155.51638, 19.87281 ], [ -155.51696, 19.87308 ], [ -155.51727, 19.87497 ], [ -155.51931, 19.87684 ], [ -155.51988, 19.87683 ], [ -155.52075, 19.8779 ], [ -155.52161, 19.87789 ], [ -155.52191, 19.87842 ], [ -155.52248, 19.87842 ], [ -155.5225, 19.8795 ], [ -155.52137, 19.8806 ], [ -155.52142, 19.88385 ], [ -155.52171, 19.88384 ], [ -155.52172, 19.88466 ], [ -155.5223, 19.88492 ], [ -155.52234, 19.88789 ], [ -155.5206, 19.88946 ], [ -155.5198, 19.88676 ], [ -155.5185, 19.88555 ], [ -155.51664, 19.88243 ], [ -155.51602, 19.87973 ], [ -155.51211, 19.8745 ], [ -155.51117, 19.87367 ], [ -155.51068, 19.87262 ], [ -155.50997, 19.87187 ], [ -155.50918, 19.87156 ], [ -155.50627, 19.86727 ], [ -155.50592, 19.86727 ], [ -155.50337, 19.86514 ], [ -155.50059, 19.86382 ], [ -155.49989, 19.86221 ], [ -155.49848, 19.86115 ], [ -155.49698, 19.859 ] ] ], [ [ [ -155.4964, 19.85874 ], [ -155.49697, 19.85873 ], [ -155.49698, 19.859 ], [ -155.49664, 19.859 ], [ -155.4964, 19.85874 ] ] ] ] } },
{ "type": "Feature", "properties": { "unit_id": "U-033", "name": "Mauna Kea", "type": "Reserve", "area_ha": 528.2, "c_firevuln": 48.0, "c_consval": 0.0, "c_commval": 0.0, "c_respmgmt": 45.0, "c_prevmgmt": 57.0 }, "geometry": { "type": "Polygon", "coordinates": [ [ [ -155.4648, 19.77411 ], [ -155.4666, 19.76487 ], [ -155.46792, 19.75318 ], [ -155.473, 19.72577 ], [ -155.47612, 19.71381 ], [ -155.47932, 19.69812 ], [ -155.48039, 19.69424 ], [ -155.4814, 19.69261 ], [ -155.48208, 19.69321 ], [ -155.48302, 19.69489 ], [ -155.48357, 19.69733 ], [ -155.48436, 19.70614 ], [ -155.48518, 19.70754 ], [ -155.48896, 19.71149 ], [ -155.48927, 19.71309 ], [ -155.48814, 19.71419 ], [ -155.48815, 19.71473 ], [ -155.48758, 19.71501 ], [ -155.48787, 19.71527 ], [ -155.48789, 19.71636 ], [ -155.48817, 19.71635 ], [ -155.48819, 19.71717 ], [ -155.48762, 19.71772 ], [ -155.48676, 19.71773 ], [ -155.48649, 19.71827 ], [ -155.48591, 19.71828 ], [ -155.48479, 19.71965 ], [ -155.48422, 19.71966 ], [ -155.48423, 19.72047 ], [ -155.48338, 19.72075 ], [ -155.48369, 19.72265 ], [ -155.48313, 19.72293 ], [ -155.48313, 19.72347 ], [ -155.48229, 19.72429 ], [ -155.48232, 19.72619 ], [ -155.48033, 19.72703 ], [ -155.48065, 19.72919 ], [ -155.47952, 19.73002 ], [ -155.47952, 19.73056 ], [ -155.47896, 19.73084 ], [ -155.47868, 19.73166 ], [ -155.47812, 19.73221 ], [ -155.47755, 19.73221 ], [ -155.47642, 19.73331 ], [ -155.47644, 19.73494 ], [ -155.47447, 19.73659 ], [ -155.47451, 19.73957 ], [ -155.47366, 19.74012 ], [ -155.47341, 19.74202 ], [ -155.47283, 19.74203 ], [ -155.47227, 19.74258 ], [ -155.47232, 19.7461 ], [ -155.47204, 19.74611 ], [ -155.47205, 19.74692 ], [ -155.47092, 19.74802 ], [ -155.47094, 19.74937 ], [ -155.47181, 19.7499 ], [ -155.47183, 19.75126 ], [ -155.47127, 19.75181 ], [ -155.47128, 19.75262 ], [ -155.46931, 19.75454 ], [ -155.46932, 19.75535 ], [ -155.46875, 19.75536 ], [ -155.46847, 19.75618 ], [ -155.46819, 19.75618 ], [ -155.4682, 19.75673 ], [ -155.46791, 19.75673 ], [ -155.46792, 19.75754 ], [ -155.46879, 19.75834 ], [ -155.46937, 19.75888 ], [ -155.47052, 19.75913 ], [ -155.47085, 19.76184 ], [ -155.47114, 19.76183 ], [ -155.47143, 19.76264 ], [ -155.47258, 19.7629 ], [ -155.47262, 19.76506 ], [ -155.47205, 19.76534 ], [ -155.47178, 19.7667 ], [ -155.47122, 19.76698 ], [ -155.47122, 19.76752 ], [ -155.46896, 19.76945 ], [ -155.46897, 19.76999 ], [ -155.46812, 19.77054 ], [ -155.46813, 19.77108 ], [ -155.4648, 19.77411 ] ] ] } },
{ "type": "Feature", "properties": { "unit_id": "U-034", "name": "Parker Ranch - East", "type": "Major Landowner", "area_ha": 3518.1, "c_firevuln": 37.0, "c_consval": 0.0, "c_commval": 0.0, "c_respmgmt": 76.0, "c_prevmgmt": 38.0 }, "geometry": { "type": "Polygon", "coordinates": [ [ [ -155.65203, 20.01271 ], [ -155.65204, 20.01244 ], [ -155.65089, 20.01242 ], [ -155.6509, 20.01215 ], [ -155.6506, 20.01241 ], [ -155.64946, 20.01239 ], [ -155.64947, 20.01185 ], [ -155.64976, 20.01185 ], [ -155.64948, 20.01158 ], [ -155.6495, 20.0105 ], [ -155.64978, 20.0105 ], [ -155.6498, 20.00996 ], [ -155.65066, 20.00971 ], [ -155.65067, 20.00916 ], [ -155.65155, 20.00837 ], [ -155.65157, 20.00729 ], [ -155.65186, 20.00729 ], [ -155.65189, 20.00594 ], [ -155.6516, 20.00593 ], [ -155.65161, 20.00539 ], [ -155.64931, 20.00589 ], [ -155.6493, 20.00616 ], [ -155.64815, 20.00641 ], [ -155.64815, 20.00668 ], [ -155.645, 20.00662 ], [ -155.64499, 20.00689 ], [ -155.64327, 20.00686 ], [ -155.64327, 20.00713 ], [ -155.64212, 20.00711 ], [ -155.64212, 20.00738 ], [ -155.64126, 20.00736 ], [ -155.64125, 20.00763 ], [ -155.63953, 20.00787 ], [ -155.63952, 20.00814 ], [ -155.63866, 20.0084 ], [ -155.63893, 20.00894 ], [ -155.63836, 20.00893 ], [ -155.63864, 20.00948 ], [ -155.63805, 20.01001 ], [ -155.63748, 20.01 ], [ -155.63718, 20.01053 ], [ -155.63661, 20.01052 ], [ -155.63661, 20.01025 ], [ -155.63575, 20.01051 ], [ -155.63547, 20.00996 ], [ -155.6349, 20.00995 ], [ -155.6346, 20.01048 ], [ -155.63403, 20.01047 ], [ -155.63349, 20.011 ], [ -155.62948, 19.99918 ], [ -155.62711, 19.99501 ], [ -155.6214, 19.989 ], [ -155.61628, 19.98657 ], [ -155.61419, 19.98524 ], [ -155.61317, 19.98393 ], [ -155.61143, 19.98326 ], [ -155.60865, 19.9816 ], [ -155.60863, 19.98038 ], [ -155.60834, 19.98039 ], [ -155.60832, 19.9793 ], [ -155.60804, 19.97931 ], [ -155.60802, 19.97822 ], [ -155.60715, 19.97742 ], [ -155.60713, 19.97661 ], [ -155.60685, 19.97662 ], [ -155.60683, 19.9758 ], [ -155.60626, 19.97554 ], [ -155.60625, 19.975 ], [ -155.60567, 19.97447 ], [ -155.60509, 19.97447 ], [ -155.60422, 19.9734 ], [ -155.60364, 19.97341 ], [ -155.60277, 19.97234 ], [ -155.60105, 19.97237 ], [ -155.59784, 19.96889 ], [ -155.59669, 19.96864 ], [ -155.59581, 19.96784 ], [ -155.59608, 19.96675 ], [ -155.5958, 19.96675 ], [ -155.59548, 19.96486 ], [ -155.59519, 19.96487 ], [ -155.59544, 19.9627 ], [ -155.59458, 19.96217 ], [ -155.59457, 19.96163 ], [ -155.59399, 19.96163 ], [ -155.59398, 19.96082 ], [ -155.59341, 19.96083 ], [ -155.59311, 19.96029 ], [ -155.59254, 19.9603 ], [ -155.59224, 19.95976 ], [ -155.59139, 19.95978 ], [ -155.58935, 19.95791 ], [ -155.58823, 19.95793 ], [ -155.5879, 19.95712 ], [ -155.58721, 19.9574 ], [ -155.58271, 19.95671 ], [ -155.57763, 19.95741 ], [ -155.57646, 19.95734 ], [ -155.57459, 19.95666 ], [ -155.57271, 19.95665 ], [ -155.57213, 19.95626 ], [ -155.57212, 19.95572 ], [ -155.57155, 19.95546 ], [ -155.57154, 19.95492 ], [ -155.57096, 19.95466 ], [ -155.57095, 19.95411 ], [ -155.57037, 19.95358 ], [ -155.56923, 19.9536 ], [ -155.56864, 19.95279 ], [ -155.56778, 19.95281 ], [ -155.56748, 19.95173 ], [ -155.56631, 19.95066 ], [ -155.56574, 19.95067 ], [ -155.56515, 19.94959 ], [ -155.56487, 19.94987 ], [ -155.56344, 19.94989 ], [ -155.56314, 19.94908 ], [ -155.56139, 19.94748 ], [ -155.56025, 19.9475 ], [ -155.5585, 19.94563 ], [ -155.55792, 19.94563 ], [ -155.55817, 19.94292 ], [ -155.55673, 19.9424 ], [ -155.55669, 19.94023 ], [ -155.5564, 19.94024 ], [ -155.5564, 19.9397 ], [ -155.55581, 19.93916 ], [ -155.55438, 19.93918 ], [ -155.55437, 19.93864 ], [ -155.55321, 19.93757 ], [ -155.5532, 19.93703 ], [ -155.55118, 19.93571 ], [ -155.55116, 19.9349 ], [ -155.55058, 19.93436 ], [ -155.55056, 19.93328 ], [ -155.5497, 19.93275 ], [ -155.5494, 19.93194 ], [ -155.54825, 19.93169 ], [ -155.54795, 19.93088 ], [ -155.5465, 19.92982 ], [ -155.54647, 19.92792 ], [ -155.54532, 19.92766 ], [ -155.54531, 19.92712 ], [ -155.54416, 19.92714 ], [ -155.54414, 19.92579 ], [ -155.54356, 19.92552 ], [ -155.54354, 19.92417 ], [ -155.54238, 19.9231 ], [ -155.54152, 19.92311 ], [ -155.54151, 19.92257 ], [ -155.54094, 19.92231 ], [ -155.54092, 19.9215 ], [ -155.54035, 19.92123 ], [ -155.54031, 19.9188 ], [ -155.54059, 19.91852 ], [ -155.5403, 19.91853 ], [ -155.54028, 19.91744 ], [ -155.53971, 19.91718 ], [ -155.5394, 19.91556 ], [ -155.53852, 19.91476 ], [ -155.53737, 19.9145 ], [ -155.53736, 19.91396 ], [ -155.53649, 19.91316 ], [ -155.5342, 19.91292 ], [ -155.5336, 19.91131 ], [ -155.53303, 19.91132 ], [ -155.53186, 19.91025 ], [ -155.53184, 19.90862 ], [ -155.53068, 19.90783 ], [ -155.53064, 19.90512 ], [ -155.53035, 19.90512 ], [ -155.53034, 19.90458 ], [ -155.52976, 19.90432 ], [ -155.52946, 19.90324 ], [ -155.52743, 19.90164 ], [ -155.52683, 19.89976 ], [ -155.52508, 19.89815 ], [ -155.52507, 19.89707 ], [ -155.52535, 19.89707 ], [ -155.52502, 19.89436 ], [ -155.52444, 19.89383 ], [ -155.52443, 19.89302 ], [ -155.5224, 19.89115 ], [ -155.52234, 19.88789 ], [ -155.52573, 19.88487 ], [ -155.52602, 19.88514 ], [ -155.52604, 19.88622 ], [ -155.52923, 19.88889 ], [ -155.52926, 19.89051 ], [ -155.52984, 19.89077 ], [ -155.52985, 19.89186 ], [ -155.53102, 19.89292 ], [ -155.53074, 19.89374 ], [ -155.53249, 19.89534 ], [ -155.53334, 19.89533 ], [ -155.53509, 19.89693 ], [ -155.5351, 19.89747 ], [ -155.53626, 19.89854 ], [ -155.53741, 19.89879 ], [ -155.5377, 19.89933 ], [ -155.53828, 19.89932 ], [ -155.53886, 19.89985 ], [ -155.53917, 19.90121 ], [ -155.54004, 19.90201 ], [ -155.54007, 19.9039 ], [ -155.54065, 19.90416 ], [ -155.54066, 19.90498 ], [ -155.54182, 19.90604 ], [ -155.54326, 19.90629 ], [ -155.54356, 19.9071 ], [ -155.54413, 19.90709 ], [ -155.54471, 19.9079 ], [ -155.54672, 19.90814 ], [ -155.5473, 19.90867 ], [ -155.54732, 19.90949 ], [ -155.54819, 19.91029 ], [ -155.54934, 19.91027 ], [ -155.55108, 19.91187 ], [ -155.55109, 19.91268 ], [ -155.55196, 19.91321 ], [ -155.55226, 19.91429 ], [ -155.55284, 19.91455 ], [ -155.55315, 19.9159 ], [ -155.5543, 19.91616 ], [ -155.5543, 19.91643 ], [ -155.55516, 19.91642 ], [ -155.55634, 19.9183 ], [ -155.55806, 19.91854 ], [ -155.55806, 19.91881 ], [ -155.55921, 19.91853 ], [ -155.55921, 19.9188 ], [ -155.55978, 19.91879 ], [ -155.56008, 19.91933 ], [ -155.56065, 19.91932 ], [ -155.56095, 19.91986 ], [ -155.56152, 19.91985 ], [ -155.5621, 19.92038 ], [ -155.56212, 19.92173 ], [ -155.56241, 19.922 ], [ -155.56213, 19.92201 ], [ -155.56215, 19.92336 ], [ -155.56331, 19.92416 ], [ -155.56332, 19.9247 ], [ -155.56448, 19.92576 ], [ -155.56449, 19.92658 ], [ -155.56478, 19.92684 ], [ -155.5645, 19.92685 ], [ -155.56452, 19.92847 ], [ -155.56481, 19.92847 ], [ -155.56511, 19.92955 ], [ -155.56569, 19.92981 ], [ -155.5657, 19.93035 ], [ -155.56598, 19.93035 ], [ -155.566, 19.93116 ], [ -155.56686, 19.93115 ], [ -155.56831, 19.93248 ], [ -155.56832, 19.93329 ], [ -155.56804, 19.93357 ], [ -155.56862, 19.93383 ], [ -155.56863, 19.93437 ], [ -155.57036, 19.93543 ], [ -155.57037, 19.93597 ], [ -155.57153, 19.93677 ], [ -155.57154, 19.93731 ], [ -155.57299, 19.93864 ], [ -155.57385, 19.93863 ], [ -155.57415, 19.93917 ], [ -155.57558, 19.93915 ], [ -155.57559, 19.93969 ], [ -155.57617, 19.94022 ], [ -155.57645, 19.93995 ], [ -155.57818, 19.94019 ], [ -155.58051, 19.9426 ], [ -155.58136, 19.94231 ], [ -155.58194, 19.94285 ], [ -155.58222, 19.94257 ], [ -155.58337, 19.94256 ], [ -155.58338, 19.94337 ], [ -155.58396, 19.94336 ], [ -155.58396, 19.9439 ], [ -155.58454, 19.94416 ], [ -155.58457, 19.94579 ], [ -155.58485, 19.94579 ], [ -155.58486, 19.94633 ], [ -155.58572, 19.94631 ], [ -155.58602, 19.94685 ], [ -155.58659, 19.94684 ], [ -155.5866, 19.94766 ], [ -155.58717, 19.94738 ], [ -155.58719, 19.94873 ], [ -155.58834, 19.94871 ], [ -155.58834, 19.94844 ], [ -155.58976, 19.94815 ], [ -155.58975, 19.94761 ], [ -155.59032, 19.94733 ], [ -155.59031, 19.94679 ], [ -155.59089, 19.94678 ], [ -155.59118, 19.94732 ], [ -155.59204, 19.94731 ], [ -155.59231, 19.94649 ], [ -155.59375, 19.94647 ], [ -155.59405, 19.94728 ], [ -155.59491, 19.94753 ], [ -155.59579, 19.94861 ], [ -155.59808, 19.94857 ], [ -155.59808, 19.94884 ], [ -155.59894, 19.94883 ], [ -155.59953, 19.94963 ], [ -155.60182, 19.94987 ], [ -155.60212, 19.95041 ], [ -155.60297, 19.95013 ], [ -155.60297, 19.94985 ], [ -155.60412, 19.95038 ], [ -155.60497, 19.94955 ], [ -155.60669, 19.94953 ], [ -155.6067, 19.95007 ], [ -155.60756, 19.95006 ], [ -155.60785, 19.9506 ], [ -155.60842, 19.95059 ], [ -155.60844, 19.95167 ], [ -155.60816, 19.95195 ], [ -155.60845, 19.95221 ], [ -155.60816, 19.95222 ], [ -155.60789, 19.95303 ], [ -155.60847, 19.9533 ], [ -155.60849, 19.95465 ], [ -155.60906, 19.95464 ], [ -155.60936, 19.95545 ], [ -155.60994, 19.95544 ], [ -155.6111, 19.95651 ], [ -155.61111, 19.95705 ], [ -155.61197, 19.95704 ], [ -155.61255, 19.95757 ], [ -155.61287, 19.95946 ], [ -155.61315, 19.95946 ], [ -155.61346, 19.96081 ], [ -155.61433, 19.96107 ], [ -155.61607, 19.96266 ], [ -155.61664, 19.96266 ], [ -155.61694, 19.96319 ], [ -155.61751, 19.96319 ], [ -155.6181, 19.96426 ], [ -155.62011, 19.96423 ], [ -155.62069, 19.96503 ], [ -155.62127, 19.96503 ], [ -155.62099, 19.96584 ], [ -155.62042, 19.96585 ], [ -155.62072, 19.96666 ], [ -155.62043, 19.96666 ], [ -155.62045, 19.96775 ], [ -155.62074, 19.96801 ], [ -155.62046, 19.96802 ], [ -155.62047, 19.96883 ], [ -155.61961, 19.96857 ], [ -155.61933, 19.96912 ], [ -155.61876, 19.96913 ], [ -155.61848, 19.96994 ], [ -155.61877, 19.96994 ], [ -155.61878, 19.97048 ], [ -155.61993, 19.97073 ], [ -155.62022, 19.97127 ], [ -155.62108, 19.97099 ], [ -155.62166, 19.97152 ], [ -155.62252, 19.97151 ], [ -155.6234, 19.97258 ], [ -155.62541, 19.97282 ], [ -155.62628, 19.97389 ], [ -155.62714, 19.97388 ], [ -155.62744, 19.97442 ], [ -155.62801, 19.97441 ], [ -155.62918, 19.97547 ], [ -155.62921, 19.97737 ], [ -155.62949, 19.97736 ], [ -155.6295, 19.97791 ], [ -155.63036, 19.97789 ], [ -155.63066, 19.97843 ], [ -155.63123, 19.97842 ], [ -155.6321, 19.97922 ], [ -155.63241, 19.9803 ], [ -155.63269, 19.9803 ], [ -155.6327, 19.98084 ], [ -155.63329, 19.98137 ], [ -155.63414, 19.98136 ], [ -155.63531, 19.98242 ], [ -155.63645, 19.98214 ], [ -155.63703, 19.98267 ], [ -155.63731, 19.9824 ], [ -155.63846, 19.98238 ], [ -155.63846, 19.98211 ], [ -155.63989, 19.98209 ], [ -155.64019, 19.98289 ], [ -155.6422, 19.98314 ], [ -155.6422, 19.98341 ], [ -155.64277, 19.9834 ], [ -155.64278, 19.98394 ], [ -155.64364, 19.98393 ], [ -155.64392, 19.98338 ], [ -155.64535, 19.98336 ], [ -155.64535, 19.98309 ], [ -155.64593, 19.98362 ], [ -155.64621, 19.98335 ], [ -155.6485, 19.98331 ], [ -155.6488, 19.98385 ], [ -155.64966, 19.98384 ], [ -155.64967, 19.98438 ], [ -155.65024, 19.98464 ], [ -155.65026, 19.98572 ], [ -155.65141, 19.98571 ], [ -155.65141, 19.98598 ], [ -155.65399, 19.98594 ], [ -155.65427, 19.98566 ], [ -155.65428, 19.98593 ], [ -155.65571, 19.98591 ], [ -155.65571, 19.98564 ], [ -155.65628, 19.98563 ], [ -155.65658, 19.98644 ], [ -155.65716, 19.9867 ], [ -155.65717, 19.98725 ], [ -155.65803, 19.9875 ], [ -155.65805, 19.98886 ], [ -155.65834, 19.98912 ], [ -155.65806, 19.98913 ], [ -155.65807, 19.98994 ], [ -155.65836, 19.99021 ], [ -155.66151, 19.99016 ], [ -155.66209, 19.99069 ], [ -155.66241, 19.99258 ], [ -155.66328, 19.99284 ], [ -155.66328, 19.99311 ], [ -155.66385, 19.9931 ], [ -155.66385, 19.99283 ], [ -155.66585, 19.9928 ], [ -155.66586, 19.99307 ], [ -155.6673, 19.99332 ], [ -155.66818, 19.99466 ], [ -155.66932, 19.99438 ], [ -155.67019, 19.99518 ], [ -155.67105, 19.99489 ], [ -155.67104, 19.99435 ], [ -155.67219, 19.9946 ], [ -155.67218, 19.99433 ], [ -155.67304, 19.99432 ], [ -155.67304, 19.99405 ], [ -155.67361, 19.99404 ], [ -155.67391, 19.99458 ], [ -155.67505, 19.99456 ], [ -155.67564, 19.99509 ], [ -155.6765, 19.99508 ], [ -155.67651, 19.99481 ], [ -155.67741, 20.00067 ], [ -155.67683, 20.00533 ], [ -155.67568, 20.00503 ], [ -155.67512, 20.00448 ], [ -155.67426, 20.00447 ], [ -155.67426, 20.00419 ], [ -155.67168, 20.00442 ], [ -155.6711, 20.00495 ], [ -155.66995, 20.0052 ], [ -155.66936, 20.00573 ], [ -155.66935, 20.00627 ], [ -155.66877, 20.00653 ], [ -155.66813, 20.00977 ], [ -155.66641, 20.01 ], [ -155.66524, 20.01106 ], [ -155.66381, 20.01104 ], [ -155.66381, 20.01077 ], [ -155.6621, 20.01073 ], [ -155.66182, 20.01046 ], [ -155.66181, 20.01073 ], [ -155.66009, 20.0107 ], [ -155.65951, 20.01123 ], [ -155.65894, 20.01122 ], [ -155.65864, 20.01175 ], [ -155.65749, 20.012 ], [ -155.65719, 20.01254 ], [ -155.65691, 20.01226 ], [ -155.65405, 20.01221 ], [ -155.65346, 20.01274 ], [ -155.65203, 20.01271 ] ] ] } },
{ "type": "Feature", "properties": { "unit_id": "U-035", "name": "Parker Ranch - East", "type": "Major Landowner", "area_ha": 2746.9, "c_firevuln": 41.0, "c_consval": 0.0, "c_commval": 0.0, "c_respmgmt": 79.0, "c_prevmgmt": 32.0 }, "geometry": { "type": "Polygon", "coordinates": [ [ [ -155.67019, 19.99518 ], [ -155.66932, 19.99438 ], [ -155.66818, 19.99466 ], [ -155.6676, 19.99413 ], [ -155.66759, 19.99359 ], [ -155.66672, 19.99333 ], [ -155.66672, 19.99306 ], [ -155.66385, 19.99283 ], [ -155.66385, 19.9931 ], [ -155.66328, 19.99311 ], [ -155.66328, 19.99284 ], [ -155.6627, 19.99285 ], [ -155.66241, 19.99258 ], [ -155.6624, 19.99177 ], [ -155.66211, 19.99178 ], [ -155.66209, 19.99069 ], [ -155.66151, 19.99016 ], [ -155.65836, 19.99021 ], [ -155.65807, 19.98994 ], [ -155.65806, 19.98913 ], [ -155.65834, 19.98912 ], [ -155.65805, 19.98886 ], [ -155.65803, 19.9875 ], [ -155.65717, 19.98725 ], [ -155.65716, 19.9867 ], [ -155.65658, 19.98644 ], [ -155.65628, 19.98563 ], [ -155.65571, 19.98564 ], [ -155.65571, 19.98591 ], [ -155.65428, 19.98593 ], [ -155.65427, 19.98566 ], [ -155.65399, 19.98594 ], [ -155.65141, 19.98598 ], [ -155.65141, 19.98571 ], [ -155.65026, 19.98572 ], [ -155.65024, 19.98464 ], [ -155.64967, 19.98438 ], [ -155.64966, 19.98384 ], [ -155.6488, 19.98385 ], [ -155.6485, 19.98331 ], [ -155.64621, 19.98335 ], [ -155.64593, 19.98362 ], [ -155.64535, 19.98309 ], [ -155.64535, 19.98336 ], [ -155.64392, 19.98338 ], [ -155.64364, 19.98393 ], [ -155.64278, 19.98394 ], [ -155.64277, 19.9834 ], [ -155.6422, 19.98341 ], [ -155.6422, 19.98314 ], [ -155.64019, 19.98289 ], [ -155.63989, 19.98209 ], [ -155.63846, 19.98211 ], [ -155.63846, 19.98238 ], [ -155.63731, 19.9824 ], [ -155.63703, 19.98267 ], [ -155.63645, 19.98214 ], [ -155.63531, 19.98242 ], [ -155.63414, 19.98136 ], [ -155.63329, 19.98137 ], [ -155.6327, 19.98084 ], [ -155.63269, 19.9803 ], [ -155.63241, 19.9803 ], [ -155.6321, 19.97922 ], [ -155.63123, 19.97842 ], [ -155.63066, 19.97843 ], [ -155.63036, 19.97789 ], [ -155.6295, 19.97791 ], [ -155.62949, 19.97736 ], [ -155.62921, 19.97737 ], [ -155.62918, 19.97547 ], [ -155.62801, 19.97441 ], [ -155.62744, 19.97442 ], [ -155.62714, 19.97388 ], [ -155.62628, 19.97389 ], [ -155.62541, 19.97282 ], [ -155.6234, 19.97258 ], [ -155.62252, 19.97151 ], [ -155.62166, 19.97152 ], [ -155.62108, 19.97099 ], [ -155.62022, 19.97127 ], [ -155.61993, 19.97073 ], [ -155.61878, 19.97048 ], [ -155.61877, 19.96994 ], [ -155.61848, 19.96994 ], [ -155.61876, 19.96913 ], [ -155.61933, 19.96912 ], [ -155.61961, 19.96857 ], [ -155.62047, 19.96883 ], [ -155.62046, 19.96802 ], [ -155.62074, 19.96801 ], [ -155.62045, 19.96775 ], [ -155.62043, 19.96666 ], [ -155.62072, 19.96666 ], [ -155.62042, 19.96585 ], [ -155.62099, 19.96584 ], [ -155.62127, 19.96503 ], [ -155.62069, 19.96503 ], [ -155.62011, 19.96423 ], [ -155.6181, 19.96426 ], [ -155.61751, 19.96319 ], [ -155.61694, 19.96319 ], [ -155.61664, 19.96266 ], [ -155.61607, 19.96266 ], [ -155.61433, 19.96107 ], [ -155.61346, 19.96081 ], [ -155.61315, 19.95946 ], [ -155.61287, 19.95946 ], [ -155.61255, 19.95757 ], [ -155.61197, 19.95704 ], [ -155.61111, 19.95705 ], [ -155.6111, 19.95651 ], [ -155.60994, 19.95544 ], [ -155.60936, 19.95545 ], [ -155.60906, 19.95464 ], [ -155.60849, 19.95465 ], [ -155.60847, 19.9533 ], [ -155.60789, 19.95303 ], [ -155.60816, 19.95222 ], [ -155.60845, 19.95221 ], [ -155.60816, 19.95195 ], [ -155.60844, 19.95167 ], [ -155.60842, 19.95059 ], [ -155.60785, 19.9506 ], [ -155.60756, 19.95006 ], [ -155.6067, 19.95007 ], [ -155.60669, 19.94953 ], [ -155.60497, 19.94955 ], [ -155.60412, 19.95038 ], [ -155.60297, 19.94985 ], [ -155.60297, 19.95013 ], [ -155.60212, 19.95041 ], [ -155.60182, 19.94987 ], [ -155.59953, 19.94963 ], [ -155.59894, 19.94883 ], [ -155.59808, 19.94884 ], [ -155.59808, 19.94857 ], [ -155.59579, 19.94861 ], [ -155.59491, 19.94753 ], [ -155.59405, 19.94728 ], [ -155.59375, 19.94647 ], [ -155.59231, 19.94649 ], [ -155.59204, 19.94731 ], [ -155.59118, 19.94732 ], [ -155.59089, 19.94678 ], [ -155.59031, 19.94679 ], [ -155.59032, 19.94733 ], [ -155.58975, 19.94761 ], [ -155.58976, 19.94815 ], [ -155.58834, 19.94844 ], [ -155.58834, 19.94871 ], [ -155.58719, 19.94873 ], [ -155.58717, 19.94738 ], [ -155.5866, 19.94766 ], [ -155.58659, 19.94684 ], [ -155.58602, 19.94685 ], [ -155.58572, 19.94631 ], [ -155.58486, 19.94633 ], [ -155.58485, 19.94579 ], [ -155.58457, 19.94579 ], [ -155.58454, 19.94416 ], [ -155.58396, 19.9439 ], [ -155.58396, 19.94336 ], [ -155.58338, 19.94337 ], [ -155.58337, 19.94256 ], [ -155.58222, 19.94257 ], [ -155.58194, 19.94285 ], [ -155.58136, 19.94231 ], [ -155.58051, 19.9426 ], [ -155.57818, 19.94019 ], [ -155.57645, 19.93995 ], [ -155.57617, 19.94022 ], [ -155.57559, 19.93969 ], [ -155.57558, 19.93915 ], [ -155.57415, 19.93917 ], [ -155.57385, 19.93863 ], [ -155.57299, 19.93864 ], [ -155.57154, 19.93731 ], [ -155.57153, 19.93677 ], [ -155.57037, 19.93597 ], [ -155.57036, 19.93543 ], [ -155.56863, 19.93437 ], [ -155.56862, 19.93383 ], [ -155.56804, 19.93357 ], [ -155.56832, 19.93329 ], [ -155.56831, 19.93248 ], [ -155.56686, 19.93115 ], [ -155.566, 19.93116 ], [ -155.56598, 19.93035 ], [ -155.5657, 19.93035 ], [ -155.56569, 19.92981 ], [ -155.56511, 19.92955 ], [ -155.56481, 19.92847 ], [ -155.56452, 19.92847 ], [ -155.5645, 19.92685 ], [ -155.56478, 19.92684 ], [ -155.56449, 19.92658 ], [ -155.56448, 19.92576 ], [ -155.56332, 19.9247 ], [ -155.56331, 19.92416 ], [ -155.56215, 19.92336 ], [ -155.56213, 19.92201 ], [ -155.56241, 19.922 ], [ -155.56212, 19.92173 ], [ -155.5621, 19.92038 ], [ -155.56152, 19.91985 ], [ -155.56095, 19.91986 ], [ -155.56065, 19.91932 ], [ -155.56008, 19.91933 ], [ -155.55978, 19.91879 ], [ -155.55921, 19.9188 ], [ -155.55921, 19.91853 ], [ -155.55806, 19.91881 ], [ -155.55806, 19.91854 ], [ -155.55634, 19.9183 ], [ -155.55516, 19.91642 ], [ -155.55344, 19.91617 ], [ -155.55314, 19.91536 ], [ -155.55285, 19.91537 ], [ -155.55284, 19.91455 ], [ -155.55197, 19.91375 ], [ -155.55196, 19.91321 ], [ -155.55109, 19.91268 ], [ -155.55108, 19.91187 ], [ -155.54934, 19.91027 ], [ -155.54819, 19.91029 ], [ -155.54732, 19.90949 ], [ -155.5473, 19.90867 ], [ -155.54672, 19.90814 ], [ -155.54471, 19.9079 ], [ -155.54413, 19.90709 ], [ -155.54356, 19.9071 ], [ -155.54326, 19.90629 ], [ -155.54182, 19.90604 ], [ -155.54066, 19.90498 ], [ -155.54065, 19.90416 ], [ -155.54007, 19.9039 ], [ -155.54004, 19.90201 ], [ -155.53917, 19.90121 ], [ -155.53886, 19.89985 ], [ -155.53828, 19.89932 ], [ -155.5377, 19.89933 ], [ -155.53741, 19.89879 ], [ -155.53626, 19.89854 ], [ -155.5351, 19.89747 ], [ -155.53509, 19.89693 ], [ -155.53334, 19.89533 ], [ -155.53249, 19.89534 ], [ -155.53074, 19.89374 ], [ -155.53102, 19.89292 ], [ -155.52985, 19.89186 ], [ -155.52984, 19.89077 ], [ -155.52926, 19.89051 ], [ -155.52923, 19.88889 ], [ -155.52604, 19.88622 ], [ -155.52602, 19.88514 ], [ -155.52545, 19.88488 ], [ -155.52512, 19.88244 ], [ -155.52425, 19.88164 ], [ -155.52423, 19.88029 ], [ -155.52451, 19.88001 ], [ -155.52422, 19.88002 ], [ -155.52421, 19.8792 ], [ -155.52363, 19.87894 ], [ -155.52358, 19.87542 ], [ -155.52415, 19.87541 ], [ -155.52532, 19.87675 ], [ -155.5256, 19.87648 ], [ -155.52675, 19.87673 ], [ -155.52704, 19.877 ], [ -155.52706, 19.87808 ], [ -155.53221, 19.87801 ], [ -155.5325, 19.87854 ], [ -155.53336, 19.87853 ], [ -155.53366, 19.87907 ], [ -155.53653, 19.8793 ], [ -155.53711, 19.8801 ], [ -155.53826, 19.88009 ], [ -155.53971, 19.88142 ], [ -155.53972, 19.88196 ], [ -155.54117, 19.88303 ], [ -155.54118, 19.88357 ], [ -155.54204, 19.8841 ], [ -155.54236, 19.88572 ], [ -155.54322, 19.88625 ], [ -155.54324, 19.88706 ], [ -155.5444, 19.88813 ], [ -155.54441, 19.88867 ], [ -155.54644, 19.89027 ], [ -155.54645, 19.89108 ], [ -155.54732, 19.89161 ], [ -155.54734, 19.89296 ], [ -155.54763, 19.89296 ], [ -155.54764, 19.89377 ], [ -155.54822, 19.89403 ], [ -155.54824, 19.89539 ], [ -155.54852, 19.89538 ], [ -155.54883, 19.89646 ], [ -155.55086, 19.89833 ], [ -155.55229, 19.89831 ], [ -155.55259, 19.89912 ], [ -155.55317, 19.89938 ], [ -155.5532, 19.90127 ], [ -155.55378, 19.90181 ], [ -155.5541, 19.9037 ], [ -155.55438, 19.9037 ], [ -155.55468, 19.9045 ], [ -155.55554, 19.90449 ], [ -155.55612, 19.90503 ], [ -155.55616, 19.90692 ], [ -155.55702, 19.90718 ], [ -155.5576, 19.90798 ], [ -155.55875, 19.90797 ], [ -155.55934, 19.90931 ], [ -155.56049, 19.90957 ], [ -155.56082, 19.91173 ], [ -155.56167, 19.91172 ], [ -155.56197, 19.91226 ], [ -155.56311, 19.91197 ], [ -155.56369, 19.9125 ], [ -155.56402, 19.91521 ], [ -155.56517, 19.91546 ], [ -155.56547, 19.916 ], [ -155.56604, 19.91599 ], [ -155.56662, 19.91652 ], [ -155.56722, 19.91814 ], [ -155.5698, 19.9181 ], [ -155.57067, 19.9189 ], [ -155.57068, 19.91971 ], [ -155.57126, 19.91998 ], [ -155.57099, 19.92079 ], [ -155.57127, 19.92079 ], [ -155.57129, 19.92187 ], [ -155.57244, 19.9224 ], [ -155.57246, 19.92321 ], [ -155.57303, 19.9232 ], [ -155.5739, 19.924 ], [ -155.57448, 19.92399 ], [ -155.57478, 19.92507 ], [ -155.5765, 19.92505 ], [ -155.5765, 19.92532 ], [ -155.57707, 19.92531 ], [ -155.57707, 19.92477 ], [ -155.57878, 19.92474 ], [ -155.57937, 19.92528 ], [ -155.57937, 19.92582 ], [ -155.58052, 19.9258 ], [ -155.58111, 19.92661 ], [ -155.58168, 19.9266 ], [ -155.58169, 19.92741 ], [ -155.58227, 19.92767 ], [ -155.58228, 19.92849 ], [ -155.58257, 19.92875 ], [ -155.58372, 19.92874 ], [ -155.58372, 19.92901 ], [ -155.58487, 19.92926 ], [ -155.58488, 19.92953 ], [ -155.58603, 19.92979 ], [ -155.58632, 19.93005 ], [ -155.58633, 19.93114 ], [ -155.58749, 19.93193 ], [ -155.58752, 19.93329 ], [ -155.5881, 19.93382 ], [ -155.58811, 19.93463 ], [ -155.58898, 19.93543 ], [ -155.59013, 19.93541 ], [ -155.59013, 19.93569 ], [ -155.59099, 19.93567 ], [ -155.59129, 19.93621 ], [ -155.59186, 19.9362 ], [ -155.59247, 19.93863 ], [ -155.59363, 19.93943 ], [ -155.59364, 19.93997 ], [ -155.59451, 19.94077 ], [ -155.59595, 19.94102 ], [ -155.59594, 19.94075 ], [ -155.59709, 19.94073 ], [ -155.59709, 19.941 ], [ -155.5991, 19.94124 ], [ -155.59939, 19.94151 ], [ -155.59941, 19.94259 ], [ -155.60114, 19.94284 ], [ -155.60114, 19.94311 ], [ -155.60142, 19.94283 ], [ -155.60285, 19.94281 ], [ -155.60314, 19.94308 ], [ -155.60316, 19.94389 ], [ -155.60231, 19.94445 ], [ -155.60203, 19.94526 ], [ -155.60232, 19.94526 ], [ -155.60233, 19.94607 ], [ -155.6032, 19.9466 ], [ -155.6035, 19.94741 ], [ -155.6058, 19.94765 ], [ -155.60609, 19.94818 ], [ -155.60867, 19.94842 ], [ -155.60926, 19.94895 ], [ -155.60927, 19.95003 ], [ -155.61013, 19.95002 ], [ -155.61015, 19.9511 ], [ -155.61044, 19.9511 ], [ -155.61044, 19.95137 ], [ -155.60987, 19.95138 ], [ -155.6099, 19.953 ], [ -155.61104, 19.95299 ], [ -155.61104, 19.95272 ], [ -155.61305, 19.95296 ], [ -155.61335, 19.95377 ], [ -155.61363, 19.95376 ], [ -155.61364, 19.9543 ], [ -155.61421, 19.95429 ], [ -155.61422, 19.95484 ], [ -155.61537, 19.95509 ], [ -155.61538, 19.95536 ], [ -155.61595, 19.95508 ], [ -155.61593, 19.95427 ], [ -155.61621, 19.95399 ], [ -155.61736, 19.95398 ], [ -155.61738, 19.95506 ], [ -155.61796, 19.95532 ], [ -155.61826, 19.95667 ], [ -155.61885, 19.95721 ], [ -155.61971, 19.95719 ], [ -155.62001, 19.958 ], [ -155.62088, 19.9588 ], [ -155.62145, 19.95879 ], [ -155.62146, 19.95906 ], [ -155.62231, 19.95878 ], [ -155.62318, 19.95958 ], [ -155.62292, 19.96094 ], [ -155.62436, 19.96119 ], [ -155.62494, 19.96172 ], [ -155.62495, 19.96226 ], [ -155.62581, 19.96252 ], [ -155.62609, 19.96225 ], [ -155.62607, 19.96116 ], [ -155.62664, 19.96061 ], [ -155.62721, 19.9606 ], [ -155.62721, 19.96033 ], [ -155.62778, 19.96032 ], [ -155.62866, 19.96139 ], [ -155.62952, 19.96138 ], [ -155.62951, 19.96111 ], [ -155.63037, 19.9611 ], [ -155.63037, 19.96083 ], [ -155.63151, 19.96081 ], [ -155.63151, 19.96054 ], [ -155.63208, 19.9608 ], [ -155.63264, 19.95998 ], [ -155.63379, 19.95996 ], [ -155.63496, 19.9613 ], [ -155.63668, 19.96128 ], [ -155.63668, 19.96155 ], [ -155.63725, 19.96154 ], [ -155.63727, 19.96262 ], [ -155.63813, 19.96288 ], [ -155.63814, 19.96315 ], [ -155.63871, 19.96314 ], [ -155.63872, 19.96341 ], [ -155.63929, 19.9634 ], [ -155.63929, 19.96367 ], [ -155.63987, 19.96367 ], [ -155.63986, 19.9634 ], [ -155.64187, 19.96337 ], [ -155.64162, 19.96581 ], [ -155.64219, 19.9658 ], [ -155.64249, 19.96634 ], [ -155.64364, 19.96632 ], [ -155.64509, 19.96765 ], [ -155.64594, 19.96683 ], [ -155.64709, 19.96708 ], [ -155.64764, 19.96599 ], [ -155.64993, 19.96595 ], [ -155.65022, 19.96622 ], [ -155.65079, 19.96567 ], [ -155.65222, 19.96565 ], [ -155.65362, 19.964 ], [ -155.65592, 19.96397 ], [ -155.65591, 19.9637 ], [ -155.65649, 19.96423 ], [ -155.65707, 19.96422 ], [ -155.65765, 19.96503 ], [ -155.65823, 19.96502 ], [ -155.65823, 19.96529 ], [ -155.65995, 19.96526 ], [ -155.65995, 19.96553 ], [ -155.66253, 19.96549 ], [ -155.66281, 19.96495 ], [ -155.66338, 19.96494 ], [ -155.66339, 19.96521 ], [ -155.66568, 19.96518 ], [ -155.66568, 19.96545 ], [ -155.66654, 19.96543 ], [ -155.66684, 19.96624 ], [ -155.66799, 19.96623 ], [ -155.66799, 19.9665 ], [ -155.66942, 19.96647 ], [ -155.67027, 19.96565 ], [ -155.67198, 19.96535 ], [ -155.67199, 19.96562 ], [ -155.67399, 19.96559 ], [ -155.674, 19.96586 ], [ -155.67515, 19.96612 ], [ -155.67515, 19.96639 ], [ -155.67687, 19.96636 ], [ -155.67799, 19.96499 ], [ -155.67857, 19.96498 ], [ -155.67884, 19.96444 ], [ -155.67942, 19.96443 ], [ -155.67941, 19.96389 ], [ -155.68033, 19.96306 ], [ -155.68011, 19.96508 ], [ -155.67852, 19.96959 ], [ -155.67789, 19.9741 ], [ -155.67713, 19.97557 ], [ -155.6765, 19.99508 ], [ -155.67564, 19.99509 ], [ -155.67505, 19.99456 ], [ -155.67391, 19.99458 ], [ -155.67361, 19.99404 ], [ -155.67304, 19.99405 ], [ -155.67304, 19.99432 ], [ -155.67218, 19.99433 ], [ -155.67219, 19.9946 ], [ -155.67104, 19.99435 ], [ -155.67105, 19.99489 ], [ -155.67019, 19.99518 ] ] ] } },
{ "type": "Feature", "properties": { "unit_id": "U-036", "name": "Parker Ranch - East", "type": "Major Landowner", "area_ha": 12588.9, "c_firevuln": 35.0, "c_consval": 0.0, "c_commval": 0.0, "c_respmgmt": 79.0, "c_prevmgmt": 26.0 }, "geometry": { "type": "Polygon", "coordinates": [ [ [ -155.53113, 19.87802 ], [ -155.55854, 19.86299 ], [ -155.57186, 19.85173 ], [ -155.59081, 19.83675 ], [ -155.59372, 19.83947 ], [ -155.59544, 19.83944 ], [ -155.59544, 19.83971 ], [ -155.59773, 19.83968 ], [ -155.59773, 19.83941 ], [ -155.60432, 19.83958 ], [ -155.60432, 19.83985 ], [ -155.60489, 19.83985 ], [ -155.60576, 19.84065 ], [ -155.60805, 19.84061 ], [ -155.60835, 19.84115 ], [ -155.6095, 19.8414 ], [ -155.6095, 19.84168 ], [ -155.61065, 19.84166 ], [ -155.6121, 19.84299 ], [ -155.61211, 19.8438 ], [ -155.61299, 19.8446 ], [ -155.61273, 19.84623 ], [ -155.61418, 19.84757 ], [ -155.61504, 19.84755 ], [ -155.6162, 19.84889 ], [ -155.61678, 19.84888 ], [ -155.61794, 19.84995 ], [ -155.61795, 19.85049 ], [ -155.61853, 19.85075 ], [ -155.61856, 19.85292 ], [ -155.61914, 19.85318 ], [ -155.61915, 19.85399 ], [ -155.62002, 19.85452 ], [ -155.62003, 19.85507 ], [ -155.6209, 19.85586 ], [ -155.62147, 19.85586 ], [ -155.62149, 19.85694 ], [ -155.62207, 19.8572 ], [ -155.62208, 19.85774 ], [ -155.62265, 19.85774 ], [ -155.6244, 19.85961 ], [ -155.62555, 19.85986 ], [ -155.62729, 19.86146 ], [ -155.62786, 19.86145 ], [ -155.62787, 19.86199 ], [ -155.62845, 19.86225 ], [ -155.62877, 19.86415 ], [ -155.62934, 19.86441 ], [ -155.62936, 19.86549 ], [ -155.62965, 19.86576 ], [ -155.63108, 19.86574 ], [ -155.63167, 19.86654 ], [ -155.6334, 19.86706 ], [ -155.63427, 19.86786 ], [ -155.63628, 19.8681 ], [ -155.63686, 19.8689 ], [ -155.638, 19.86861 ], [ -155.63859, 19.86942 ], [ -155.63916, 19.86941 ], [ -155.63975, 19.87021 ], [ -155.64032, 19.87021 ], [ -155.64063, 19.87156 ], [ -155.6412, 19.87155 ], [ -155.64179, 19.87235 ], [ -155.64294, 19.8726 ], [ -155.64321, 19.87206 ], [ -155.64493, 19.87203 ], [ -155.64638, 19.87337 ], [ -155.64641, 19.87472 ], [ -155.64757, 19.87552 ], [ -155.64759, 19.87687 ], [ -155.64787, 19.87687 ], [ -155.64789, 19.87795 ], [ -155.64818, 19.87794 ], [ -155.6479, 19.87822 ], [ -155.64791, 19.87903 ], [ -155.64762, 19.87904 ], [ -155.64793, 19.88039 ], [ -155.64765, 19.88039 ], [ -155.64766, 19.88093 ], [ -155.64824, 19.88147 ], [ -155.64967, 19.88144 ], [ -155.65055, 19.88251 ], [ -155.6514, 19.8825 ], [ -155.6517, 19.88304 ], [ -155.65256, 19.8833 ], [ -155.65289, 19.88573 ], [ -155.65347, 19.88599 ], [ -155.65377, 19.8868 ], [ -155.65434, 19.88679 ], [ -155.65435, 19.88733 ], [ -155.65493, 19.8876 ], [ -155.65494, 19.88841 ], [ -155.65552, 19.88867 ], [ -155.65553, 19.88921 ], [ -155.65667, 19.88947 ], [ -155.65755, 19.89027 ], [ -155.65757, 19.89162 ], [ -155.65786, 19.89162 ], [ -155.65787, 19.89216 ], [ -155.65873, 19.89241 ], [ -155.65902, 19.89295 ], [ -155.6596, 19.89294 ], [ -155.65961, 19.89376 ], [ -155.66106, 19.89482 ], [ -155.66138, 19.89698 ], [ -155.66312, 19.89831 ], [ -155.66315, 19.89966 ], [ -155.66429, 19.89992 ], [ -155.66459, 19.90045 ], [ -155.66545, 19.90071 ], [ -155.66547, 19.90179 ], [ -155.66605, 19.90233 ], [ -155.66834, 19.90202 ], [ -155.6698, 19.90363 ], [ -155.67037, 19.90362 ], [ -155.67067, 19.90443 ], [ -155.67241, 19.90575 ], [ -155.67273, 19.90737 ], [ -155.67359, 19.9079 ], [ -155.67361, 19.90872 ], [ -155.67477, 19.90978 ], [ -155.67534, 19.90977 ], [ -155.67666, 19.91433 ], [ -155.67616, 19.91562 ], [ -155.67576, 19.9211 ], [ -155.67664, 19.92358 ], [ -155.67809, 19.92609 ], [ -155.6827, 19.92955 ], [ -155.68736, 19.9346 ], [ -155.68553, 19.93837 ], [ -155.68517, 19.94096 ], [ -155.68317, 19.94228 ], [ -155.68149, 19.94457 ], [ -155.68077, 19.94631 ], [ -155.68054, 19.94965 ], [ -155.6813, 19.95264 ], [ -155.68026, 19.96333 ], [ -155.67941, 19.96389 ], [ -155.67942, 19.96443 ], [ -155.67884, 19.96444 ], [ -155.67857, 19.96498 ], [ -155.67799, 19.96499 ], [ -155.67687, 19.96636 ], [ -155.67515, 19.96639 ], [ -155.67515, 19.96612 ], [ -155.674, 19.96586 ], [ -155.67399, 19.96559 ], [ -155.67112, 19.96537 ], [ -155.67113, 19.96564 ], [ -155.6697, 19.96593 ], [ -155.66942, 19.96647 ], [ -155.66799, 19.9665 ], [ -155.66799, 19.96623 ], [ -155.66684, 19.96624 ], [ -155.66654, 19.96543 ], [ -155.66568, 19.96545 ], [ -155.66568, 19.96518 ], [ -155.66339, 19.96521 ], [ -155.66338, 19.96494 ], [ -155.66281, 19.96495 ], [ -155.66253, 19.96549 ], [ -155.65823, 19.96529 ], [ -155.65823, 19.96502 ], [ -155.65765, 19.96503 ], [ -155.65707, 19.96422 ], [ -155.65649, 19.96423 ], [ -155.65591, 19.9637 ], [ -155.65592, 19.96397 ], [ -155.65362, 19.964 ], [ -155.65222, 19.96565 ], [ -155.65079, 19.96567 ], [ -155.65022, 19.96622 ], [ -155.64993, 19.96595 ], [ -155.64764, 19.96599 ], [ -155.64709, 19.96708 ], [ -155.64594, 19.96683 ], [ -155.64509, 19.96765 ], [ -155.64364, 19.96632 ], [ -155.64249, 19.96634 ], [ -155.64219, 19.9658 ], [ -155.64162, 19.96581 ], [ -155.64187, 19.96337 ], [ -155.63986, 19.9634 ], [ -155.63987, 19.96367 ], [ -155.63929, 19.96367 ], [ -155.63929, 19.9634 ], [ -155.63872, 19.96341 ], [ -155.63871, 19.96314 ], [ -155.63814, 19.96315 ], [ -155.63813, 19.96288 ], [ -155.63727, 19.96262 ], [ -155.63725, 19.96154 ], [ -155.63668, 19.96155 ], [ -155.63668, 19.96128 ], [ -155.63496, 19.9613 ], [ -155.63379, 19.95996 ], [ -155.63264, 19.95998 ], [ -155.63208, 19.9608 ], [ -155.63151, 19.96054 ], [ -155.63151, 19.96081 ], [ -155.63037, 19.96083 ], [ -155.63037, 19.9611 ], [ -155.62951, 19.96111 ], [ -155.62952, 19.96138 ], [ -155.62866, 19.96139 ], [ -155.62778, 19.96032 ], [ -155.62721, 19.96033 ], [ -155.62721, 19.9606 ], [ -155.62664, 19.96061 ], [ -155.62607, 19.96116 ], [ -155.62609, 19.96225 ], [ -155.62581, 19.96252 ], [ -155.62495, 19.96226 ], [ -155.62494, 19.96172 ], [ -155.62436, 19.96119 ], [ -155.62292, 19.96094 ], [ -155.62318, 19.95958 ], [ -155.62231, 19.95878 ], [ -155.62146, 19.95906 ], [ -155.62145, 19.95879 ], [ -155.62088, 19.9588 ], [ -155.62001, 19.958 ], [ -155.61971, 19.95719 ], [ -155.61885, 19.95721 ], [ -155.61826, 19.95667 ], [ -155.61796, 19.95532 ], [ -155.61738, 19.95506 ], [ -155.61736, 19.95398 ], [ -155.61621, 19.95399 ], [ -155.61593, 19.95427 ], [ -155.61595, 19.95508 ], [ -155.61538, 19.95536 ], [ -155.61537, 19.95509 ], [ -155.61422, 19.95484 ], [ -155.61421, 19.95429 ], [ -155.61364, 19.9543 ], [ -155.61363, 19.95376 ], [ -155.61335, 19.95377 ], [ -155.61305, 19.95296 ], [ -155.61104, 19.95272 ], [ -155.61104, 19.95299 ], [ -155.6099, 19.953 ], [ -155.60987, 19.95138 ], [ -155.61044, 19.95137 ], [ -155.61044, 19.9511 ], [ -155.61015, 19.9511 ], [ -155.61013, 19.95002 ], [ -155.60927, 19.95003 ], [ -155.60926, 19.94895 ], [ -155.60867, 19.94842 ], [ -155.60609, 19.94818 ], [ -155.6058, 19.94765 ], [ -155.6035, 19.94741 ], [ -155.6032, 19.9466 ], [ -155.60233, 19.94607 ], [ -155.60232, 19.94526 ], [ -155.60203, 19.94526 ], [ -155.60231, 19.94445 ], [ -155.60316, 19.94389 ], [ -155.60314, 19.94308 ], [ -155.60285, 19.94281 ], [ -155.60142, 19.94283 ], [ -155.60114, 19.94311 ], [ -155.60114, 19.94284 ], [ -155.59941, 19.94259 ], [ -155.59939, 19.94151 ], [ -155.5991, 19.94124 ], [ -155.59709, 19.941 ], [ -155.59709, 19.94073 ], [ -155.59594, 19.94075 ], [ -155.59595, 19.94102 ], [ -155.59451, 19.94077 ], [ -155.59364, 19.93997 ], [ -155.59363, 19.93943 ], [ -155.59247, 19.93863 ], [ -155.59186, 19.9362 ], [ -155.59129, 19.93621 ], [ -155.59099, 19.93567 ], [ -155.59013, 19.93569 ], [ -155.59013, 19.93541 ], [ -155.58898, 19.93543 ], [ -155.58811, 19.93463 ], [ -155.5881, 19.93382 ], [ -155.58752, 19.93329 ], [ -155.58749, 19.93193 ], [ -155.58633, 19.93114 ], [ -155.58632, 19.93005 ], [ -155.58603, 19.92979 ], [ -155.58488, 19.92953 ], [ -155.58487, 19.92926 ], [ -155.58372, 19.92901 ], [ -155.58372, 19.92874 ], [ -155.58257, 19.92875 ], [ -155.58228, 19.92849 ], [ -155.58227, 19.92767 ], [ -155.58169, 19.92741 ], [ -155.58168, 19.9266 ], [ -155.58111, 19.92661 ], [ -155.58052, 19.9258 ], [ -155.57937, 19.92582 ], [ -155.57937, 19.92528 ], [ -155.57878, 19.92474 ], [ -155.57707, 19.92477 ], [ -155.57707, 19.92531 ], [ -155.5765, 19.92532 ], [ -155.5765, 19.92505 ], [ -155.57478, 19.92507 ], [ -155.57448, 19.92399 ], [ -155.5739, 19.924 ], [ -155.57303, 19.9232 ], [ -155.57246, 19.92321 ], [ -155.57244, 19.9224 ], [ -155.57129, 19.92187 ], [ -155.57127, 19.92079 ], [ -155.57099, 19.92079 ], [ -155.57126, 19.91998 ], [ -155.57068, 19.91971 ], [ -155.57067, 19.9189 ], [ -155.5698, 19.9181 ], [ -155.56722, 19.91814 ], [ -155.56662, 19.91652 ], [ -155.56604, 19.91599 ], [ -155.56547, 19.916 ], [ -155.56517, 19.91546 ], [ -155.56402, 19.91521 ], [ -155.56369, 19.9125 ], [ -155.56311, 19.91197 ], [ -155.56197, 19.91226 ], [ -155.56167, 19.91172 ], [ -155.56082, 19.91173 ], [ -155.56049, 19.90957 ], [ -155.55934, 19.90931 ], [ -155.55875, 19.90797 ], [ -155.5576, 19.90798 ], [ -155.55702, 19.90718 ], [ -155.55616, 19.90692 ], [ -155.55612, 19.90503 ], [ -155.55554, 19.90449 ], [ -155.55468, 19.9045 ], [ -155.55438, 19.9037 ], [ -155.5541, 19.9037 ], [ -155.55378, 19.90181 ], [ -155.5532, 19.90127 ], [ -155.55317, 19.89938 ], [ -155.55259, 19.89912 ], [ -155.55229, 19.89831 ], [ -155.55086, 19.89833 ], [ -155.54883, 19.89646 ], [ -155.54852, 19.89538 ], [ -155.54824, 19.89539 ], [ -155.54822, 19.89403 ], [ -155.54764, 19.89377 ], [ -155.54763, 19.89296 ], [ -155.54734, 19.89296 ], [ -155.54732, 19.89161 ], [ -155.54645, 19.89108 ], [ -155.54644, 19.89027 ], [ -155.54441, 19.88867 ], [ -155.5444, 19.88813 ], [ -155.54324, 19.88706 ], [ -155.54322, 19.88625 ], [ -155.54236, 19.88572 ], [ -155.54204, 19.8841 ], [ -155.53972, 19.88196 ], [ -155.53971, 19.88142 ], [ -155.53826, 19.88009 ], [ -155.53711, 19.8801 ], [ -155.53653, 19.8793 ], [ -155.53452, 19.87933 ], [ -155.53452, 19.87906 ], [ -155.53366, 19.87907 ], [ -155.53336, 19.87853 ], [ -155.5325, 19.87854 ], [ -155.53221, 19.87801 ], [ -155.53113, 19.87802 ] ] ] } },
{ "type": "Feature", "properties": { "unit_id": "U-037", "name": "Parker Ranch - East", "type": "Major Landowner", "area_ha": 1582.4, "c_firevuln": 38.0, "c_consval": 0.0, "c_commval": 0.0, "c_respmgmt": 64.0, "c_prevmgmt": 36.0 }, "geometry": { "type": "MultiPolygon", "coordinates": [ [ [ [ -155.67534, 19.90978 ], [ -155.67545, 19.91004 ], [ -155.67535, 19.91004 ], [ -155.67534, 19.90978 ] ] ], [ [ [ -155.59081, 19.83675 ], [ -155.59427, 19.83401 ], [ -155.59484, 19.83391 ], [ -155.60245, 19.83741 ], [ -155.60524, 19.83806 ], [ -155.60675, 19.83884 ], [ -155.60907, 19.83867 ], [ -155.60961, 19.83958 ], [ -155.61132, 19.84091 ], [ -155.61649, 19.84302 ], [ -155.61792, 19.84287 ], [ -155.62005, 19.84396 ], [ -155.62551, 19.84176 ], [ -155.63591, 19.82443 ], [ -155.63572, 19.82017 ], [ -155.63635, 19.82373 ], [ -155.6359, 19.82605 ], [ -155.63685, 19.828 ], [ -155.63832, 19.82912 ], [ -155.63886, 19.83081 ], [ -155.63892, 19.83151 ], [ -155.63826, 19.83327 ], [ -155.63994, 19.83555 ], [ -155.64188, 19.83748 ], [ -155.64265, 19.8419 ], [ -155.64789, 19.85208 ], [ -155.64569, 19.85204 ], [ -155.64568, 19.85231 ], [ -155.64395, 19.85282 ], [ -155.64395, 19.85309 ], [ -155.64309, 19.85307 ], [ -155.64279, 19.85388 ], [ -155.6425, 19.85387 ], [ -155.64249, 19.85442 ], [ -155.64133, 19.85521 ], [ -155.64103, 19.85601 ], [ -155.64187, 19.85684 ], [ -155.64185, 19.85765 ], [ -155.64409, 19.85986 ], [ -155.64408, 19.8604 ], [ -155.64487, 19.86069 ], [ -155.64492, 19.8615 ], [ -155.64548, 19.86205 ], [ -155.64633, 19.86234 ], [ -155.64633, 19.86207 ], [ -155.64691, 19.86208 ], [ -155.64747, 19.86263 ], [ -155.65004, 19.86268 ], [ -155.65087, 19.86405 ], [ -155.65144, 19.86406 ], [ -155.65172, 19.86461 ], [ -155.65258, 19.86462 ], [ -155.65257, 19.86489 ], [ -155.65372, 19.86491 ], [ -155.65372, 19.86449 ], [ -155.6555, 19.86687 ], [ -155.65763, 19.86835 ], [ -155.65805, 19.87009 ], [ -155.65862, 19.87096 ], [ -155.65816, 19.87123 ], [ -155.65814, 19.87204 ], [ -155.65786, 19.87203 ], [ -155.65783, 19.87339 ], [ -155.65867, 19.87421 ], [ -155.65865, 19.87503 ], [ -155.65951, 19.87531 ], [ -155.6595, 19.87558 ], [ -155.6612, 19.87589 ], [ -155.6626, 19.87899 ], [ -155.66347, 19.88011 ], [ -155.66588, 19.88302 ], [ -155.6686, 19.8854 ], [ -155.66866, 19.88777 ], [ -155.66992, 19.89077 ], [ -155.67667, 19.89757 ], [ -155.67694, 19.89806 ], [ -155.67661, 19.90026 ], [ -155.67541, 19.9034 ], [ -155.67466, 19.90808 ], [ -155.67534, 19.90977 ], [ -155.67477, 19.90978 ], [ -155.67361, 19.90872 ], [ -155.67359, 19.9079 ], [ -155.67273, 19.90737 ], [ -155.67241, 19.90575 ], [ -155.67067, 19.90443 ], [ -155.67037, 19.90362 ], [ -155.6698, 19.90363 ], [ -155.66834, 19.90202 ], [ -155.66605, 19.90233 ], [ -155.66547, 19.90179 ], [ -155.66545, 19.90071 ], [ -155.66459, 19.90045 ], [ -155.66429, 19.89992 ], [ -155.66315, 19.89966 ], [ -155.66312, 19.89831 ], [ -155.66138, 19.89698 ], [ -155.66106, 19.89482 ], [ -155.65961, 19.89376 ], [ -155.6596, 19.89294 ], [ -155.65902, 19.89295 ], [ -155.65873, 19.89241 ], [ -155.65787, 19.89216 ], [ -155.65786, 19.89162 ], [ -155.65757, 19.89162 ], [ -155.65755, 19.89027 ], [ -155.65667, 19.88947 ], [ -155.65553, 19.88921 ], [ -155.65552, 19.88867 ], [ -155.65494, 19.88841 ], [ -155.65493, 19.8876 ], [ -155.65435, 19.88733 ], [ -155.65434, 19.88679 ], [ -155.65377, 19.8868 ], [ -155.65347, 19.88599 ], [ -155.65289, 19.88573 ], [ -155.65256, 19.8833 ], [ -155.6517, 19.88304 ], [ -155.6514, 19.8825 ], [ -155.65055, 19.88251 ], [ -155.64967, 19.88144 ], [ -155.64824, 19.88147 ], [ -155.64766, 19.88093 ], [ -155.64765, 19.88039 ], [ -155.64793, 19.88039 ], [ -155.64762, 19.87904 ], [ -155.64791, 19.87903 ], [ -155.6479, 19.87822 ], [ -155.64818, 19.87794 ], [ -155.64789, 19.87795 ], [ -155.64787, 19.87687 ], [ -155.64759, 19.87687 ], [ -155.64757, 19.87552 ], [ -155.64641, 19.87472 ], [ -155.64638, 19.87337 ], [ -155.64493, 19.87203 ], [ -155.64321, 19.87206 ], [ -155.64294, 19.8726 ], [ -155.64179, 19.87235 ], [ -155.6412, 19.87155 ], [ -155.64063, 19.87156 ], [ -155.64032, 19.87021 ], [ -155.63975, 19.87021 ], [ -155.63916, 19.86941 ], [ -155.63859, 19.86942 ], [ -155.638, 19.86861 ], [ -155.63686, 19.8689 ], [ -155.63628, 19.8681 ], [ -155.63427, 19.86786 ], [ -155.6334, 19.86706 ], [ -155.63167, 19.86654 ], [ -155.63108, 19.86574 ], [ -155.62965, 19.86576 ], [ -155.62936, 19.86549 ], [ -155.62934, 19.86441 ], [ -155.62877, 19.86415 ], [ -155.62845, 19.86225 ], [ -155.62787, 19.86199 ], [ -155.62786, 19.86145 ], [ -155.62729, 19.86146 ], [ -155.62555, 19.85986 ], [ -155.6244, 19.85961 ], [ -155.62265, 19.85774 ], [ -155.62208, 19.85774 ], [ -155.62207, 19.8572 ], [ -155.62149, 19.85694 ], [ -155.62147, 19.85586 ], [ -155.6209, 19.85586 ], [ -155.62003, 19.85507 ], [ -155.62002, 19.85452 ], [ -155.61915, 19.85399 ], [ -155.61914, 19.85318 ], [ -155.61856, 19.85292 ], [ -155.61853, 19.85075 ], [ -155.61795, 19.85049 ], [ -155.61794, 19.84995 ], [ -155.61678, 19.84888 ], [ -155.6162, 19.84889 ], [ -155.61504, 19.84755 ], [ -155.61418, 19.84757 ], [ -155.61273, 19.84623 ], [ -155.61299, 19.8446 ], [ -155.61211, 19.8438 ], [ -155.6121, 19.84299 ], [ -155.61065, 19.84166 ], [ -155.6095, 19.84168 ], [ -155.6095, 19.8414 ], [ -155.60835, 19.84115 ], [ -155.60805, 19.84061 ], [ -155.60576, 19.84065 ], [ -155.60489, 19.83985 ], [ -155.60432, 19.83985 ], [ -155.60432, 19.83958 ], [ -155.59773, 19.83941 ], [ -155.59773, 19.83968 ], [ -155.59544, 19.83971 ], [ -155.59544, 19.83944 ], [ -155.59372, 19.83947 ], [ -155.59081, 19.83675 ] ] ] ] } },
{ "type": "Feature", "properties": { "unit_id": "U-038", "name": "Parker Ranch - East", "type": "Major Landowner", "area_ha": 140.6, "c_firevuln": 52.0, "c_consval": 0.0, "c_commval": 0.0, "c_respmgmt": 47.0, "c_prevmgmt": 57.0 }, "geometry": { "type": "MultiPolygon", "coordinates": [ [ [ [ -155.58823, 19.95793 ], [ -155.58935, 19.95791 ], [ -155.59139, 19.95978 ], [ -155.59224, 19.95976 ], [ -155.59254, 19.9603 ], [ -155.59311, 19.96029 ], [ -155.59341, 19.96083 ], [ -155.59398, 19.96082 ], [ -155.59399, 19.96163 ], [ -155.59457, 19.96163 ], [ -155.59458, 19.96217 ], [ -155.59544, 19.9627 ], [ -155.59519, 19.96487 ], [ -155.59548, 19.96486 ], [ -155.5958, 19.96675 ], [ -155.59608, 19.96675 ], [ -155.59581, 19.96784 ], [ -155.59669, 19.96864 ], [ -155.59784, 19.96889 ], [ -155.60105, 19.97237 ], [ -155.60277, 19.97234 ], [ -155.60364, 19.97341 ], [ -155.60422, 19.9734 ], [ -155.60509, 19.97447 ], [ -155.60567, 19.97447 ], [ -155.60625, 19.975 ], [ -155.60626, 19.97554 ], [ -155.60683, 19.9758 ], [ -155.60685, 19.97662 ], [ -155.60713, 19.97661 ], [ -155.60715, 19.97742 ], [ -155.60802, 19.97822 ], [ -155.60804, 19.97931 ], [ -155.60832, 19.9793 ], [ -155.60834, 19.98039 ], [ -155.60863, 19.98038 ], [ -155.60865, 19.9816 ], [ -155.60622, 19.98062 ], [ -155.60384, 19.97845 ], [ -155.60327, 19.97756 ], [ -155.60087, 19.97717 ], [ -155.59933, 19.9765 ], [ -155.59606, 19.97391 ], [ -155.59528, 19.97195 ], [ -155.59255, 19.97007 ], [ -155.59164, 19.96898 ], [ -155.5897, 19.96389 ], [ -155.58954, 19.95963 ], [ -155.58823, 19.95793 ] ] ], [ [ [ -155.58734, 19.95745 ], [ -155.5879, 19.95712 ], [ -155.5882, 19.95791 ], [ -155.58734, 19.95745 ] ] ] ] } },
{ "type": "Feature", "properties": { "unit_id": "U-039", "name": "Parker Ranch - East", "type": "Major Landowner", "area_ha": 558.8, "c_firevuln": 34.0, "c_consval": 0.0, "c_commval": 0.0, "c_respmgmt": 81.0, "c_prevmgmt": 18.0 }, "geometry": { "type": "Polygon", "coordinates": [ [ [ -155.5206, 19.88946 ], [ -155.52234, 19.88789 ], [ -155.5224, 19.89115 ], [ -155.52443, 19.89302 ], [ -155.52444, 19.89383 ], [ -155.52502, 19.89436 ], [ -155.52535, 19.89707 ], [ -155.52507, 19.89707 ], [ -155.52508, 19.89815 ], [ -155.52683, 19.89976 ], [ -155.52743, 19.90164 ], [ -155.52946, 19.90324 ], [ -155.52976, 19.90432 ], [ -155.53034, 19.90458 ], [ -155.53035, 19.90512 ], [ -155.53064, 19.90512 ], [ -155.53068, 19.90783 ], [ -155.53184, 19.90862 ], [ -155.53186, 19.91025 ], [ -155.53303, 19.91132 ], [ -155.5336, 19.91131 ], [ -155.5342, 19.91292 ], [ -155.53649, 19.91316 ], [ -155.53736, 19.91396 ], [ -155.53737, 19.9145 ], [ -155.53852, 19.91476 ], [ -155.5394, 19.91556 ], [ -155.53971, 19.91718 ], [ -155.54028, 19.91744 ], [ -155.5403, 19.91853 ], [ -155.54059, 19.91852 ], [ -155.54031, 19.9188 ], [ -155.54035, 19.92123 ], [ -155.54092, 19.9215 ], [ -155.54094, 19.92231 ], [ -155.54151, 19.92257 ], [ -155.54152, 19.92311 ], [ -155.54238, 19.9231 ], [ -155.54354, 19.92417 ], [ -155.54356, 19.92552 ], [ -155.54414, 19.92579 ], [ -155.54416, 19.92714 ], [ -155.54531, 19.92712 ], [ -155.54532, 19.92766 ], [ -155.54647, 19.92792 ], [ -155.5465, 19.92982 ], [ -155.54795, 19.93088 ], [ -155.54825, 19.93169 ], [ -155.5494, 19.93194 ], [ -155.5497, 19.93275 ], [ -155.55056, 19.93328 ], [ -155.55058, 19.93436 ], [ -155.55116, 19.9349 ], [ -155.55118, 19.93571 ], [ -155.5532, 19.93703 ], [ -155.55321, 19.93757 ], [ -155.55437, 19.93864 ], [ -155.55438, 19.93918 ], [ -155.55581, 19.93916 ], [ -155.5564, 19.9397 ], [ -155.5564, 19.94024 ], [ -155.55669, 19.94023 ], [ -155.55673, 19.9424 ], [ -155.55817, 19.94292 ], [ -155.55792, 19.94563 ], [ -155.5585, 19.94563 ], [ -155.56025, 19.9475 ], [ -155.56139, 19.94748 ], [ -155.56314, 19.94908 ], [ -155.56344, 19.94989 ], [ -155.56487, 19.94987 ], [ -155.56515, 19.94959 ], [ -155.56574, 19.95067 ], [ -155.56631, 19.95066 ], [ -155.56748, 19.95173 ], [ -155.56778, 19.95281 ], [ -155.56864, 19.95279 ], [ -155.56923, 19.9536 ], [ -155.57037, 19.95358 ], [ -155.57095, 19.95411 ], [ -155.57096, 19.95466 ], [ -155.57154, 19.95492 ], [ -155.57155, 19.95546 ], [ -155.57212, 19.95572 ], [ -155.57213, 19.95626 ], [ -155.57271, 19.95665 ], [ -155.57045, 19.95683 ], [ -155.56812, 19.95637 ], [ -155.56337, 19.95408 ], [ -155.56149, 19.95356 ], [ -155.56095, 19.9528 ], [ -155.55725, 19.95099 ], [ -155.55601, 19.94981 ], [ -155.55371, 19.94884 ], [ -155.55146, 19.94851 ], [ -155.54677, 19.94603 ], [ -155.5434, 19.94247 ], [ -155.54271, 19.9408 ], [ -155.54275, 19.93965 ], [ -155.54157, 19.93532 ], [ -155.54037, 19.93207 ], [ -155.53946, 19.9305 ], [ -155.53889, 19.92782 ], [ -155.53737, 19.92707 ], [ -155.53657, 19.92563 ], [ -155.53399, 19.9242 ], [ -155.53265, 19.92064 ], [ -155.53321, 19.9191 ], [ -155.5328, 19.91741 ], [ -155.52815, 19.9121 ], [ -155.527, 19.90752 ], [ -155.52565, 19.90667 ], [ -155.52548, 19.90516 ], [ -155.52447, 19.90283 ], [ -155.52389, 19.89963 ], [ -155.52304, 19.89825 ], [ -155.52275, 19.89607 ], [ -155.5206, 19.88946 ] ] ] } },
{ "type": "Feature", "properties": { "unit_id": "U-040", "name": "Central Coast", "type": "Road-defined", "area_ha": 194.3, "c_firevuln": 47.0, "c_consval": 0.0, "c_commval": 0.0, "c_respmgmt": 12.0, "c_prevmgmt": 49.0 }, "geometry": { "type": "MultiPolygon", "coordinates": [ [ [ [ -155.9039, 19.87179 ], [ -155.91393, 19.85084 ], [ -155.91785, 19.84532 ], [ -155.92265, 19.8412 ], [ -155.92241, 19.84386 ], [ -155.92213, 19.84387 ], [ -155.92217, 19.84603 ], [ -155.92274, 19.84629 ], [ -155.92276, 19.84738 ], [ -155.92334, 19.84764 ], [ -155.9234, 19.85116 ], [ -155.92312, 19.85116 ], [ -155.92314, 19.85252 ], [ -155.92372, 19.85278 ], [ -155.92346, 19.85441 ], [ -155.92318, 19.85468 ], [ -155.92175, 19.85471 ], [ -155.92176, 19.85516 ], [ -155.92061, 19.855 ], [ -155.92062, 19.85554 ], [ -155.92005, 19.85582 ], [ -155.92006, 19.85636 ], [ -155.91978, 19.85636 ], [ -155.91951, 19.85718 ], [ -155.91837, 19.85747 ], [ -155.91779, 19.85694 ], [ -155.91664, 19.85696 ], [ -155.91608, 19.85778 ], [ -155.91295, 19.85837 ], [ -155.91267, 19.85892 ], [ -155.91152, 19.85894 ], [ -155.91184, 19.86029 ], [ -155.9127, 19.86054 ], [ -155.91271, 19.86108 ], [ -155.91186, 19.86164 ], [ -155.91216, 19.86245 ], [ -155.91245, 19.86244 ], [ -155.91217, 19.86272 ], [ -155.91218, 19.86353 ], [ -155.91162, 19.86408 ], [ -155.91105, 19.86409 ], [ -155.91077, 19.86464 ], [ -155.91192, 19.86516 ], [ -155.91166, 19.86625 ], [ -155.91253, 19.86704 ], [ -155.91168, 19.86733 ], [ -155.91197, 19.86787 ], [ -155.91056, 19.86897 ], [ -155.91029, 19.86979 ], [ -155.90772, 19.86983 ], [ -155.90743, 19.87011 ], [ -155.90685, 19.86957 ], [ -155.90686, 19.86985 ], [ -155.906, 19.86986 ], [ -155.906, 19.87013 ], [ -155.90514, 19.87014 ], [ -155.90488, 19.87123 ], [ -155.90459, 19.87124 ], [ -155.90461, 19.87205 ], [ -155.90403, 19.87206 ], [ -155.9039, 19.87179 ] ] ], [ [ [ -155.92273, 19.84115 ], [ -155.92293, 19.84102 ], [ -155.92293, 19.84115 ], [ -155.92273, 19.84115 ] ] ], [ [ [ -155.92316, 19.84087 ], [ -155.92321, 19.84083 ], [ -155.92322, 19.84087 ], [ -155.92316, 19.84087 ] ] ] ] } },
{ "type": "Feature", "properties": { "unit_id": "U-041", "name": "Central Coast", "type": "Road-defined", "area_ha": 75.7, "c_firevuln": 58.0, "c_consval": 0.0, "c_commval": 0.0, "c_respmgmt": 11.0, "c_prevmgmt": 41.0 }, "geometry": { "type": "Polygon", "coordinates": [ [ [ -155.89722, 19.88734 ], [ -155.89917, 19.88218 ], [ -155.90265, 19.87479 ], [ -155.90266, 19.87533 ], [ -155.90353, 19.87586 ], [ -155.90355, 19.87667 ], [ -155.90412, 19.87693 ], [ -155.90386, 19.87802 ], [ -155.90357, 19.87802 ], [ -155.90332, 19.87992 ], [ -155.90419, 19.88045 ], [ -155.90421, 19.88153 ], [ -155.90535, 19.88152 ], [ -155.90564, 19.88178 ], [ -155.90566, 19.88259 ], [ -155.90481, 19.88315 ], [ -155.9051, 19.88342 ], [ -155.90512, 19.8845 ], [ -155.9057, 19.88476 ], [ -155.90542, 19.88504 ], [ -155.90544, 19.88639 ], [ -155.90573, 19.88638 ], [ -155.90574, 19.88693 ], [ -155.90689, 19.88723 ], [ -155.90577, 19.88855 ], [ -155.90519, 19.88829 ], [ -155.90492, 19.88911 ], [ -155.90435, 19.88912 ], [ -155.90405, 19.88858 ], [ -155.90348, 19.88859 ], [ -155.90318, 19.88805 ], [ -155.90261, 19.88806 ], [ -155.90203, 19.88753 ], [ -155.90174, 19.8878 ], [ -155.9006, 19.88782 ], [ -155.90059, 19.88755 ], [ -155.89973, 19.8873 ], [ -155.89917, 19.88785 ], [ -155.89888, 19.88758 ], [ -155.89774, 19.88787 ], [ -155.89722, 19.88734 ] ] ] } },
{ "type": "Feature", "properties": { "unit_id": "U-042", "name": "Central Coast", "type": "Road-defined", "area_ha": 159.6, "c_firevuln": 0.0, "c_consval": 0.0, "c_commval": 0.0, "c_respmgmt": 6.0, "c_prevmgmt": 49.0 }, "geometry": { "type": "Polygon", "coordinates": [ [ [ -155.94029, 19.85034 ], [ -155.93883, 19.84955 ], [ -155.93797, 19.84944 ], [ -155.93796, 19.84902 ], [ -155.93909, 19.84792 ], [ -155.93906, 19.84657 ], [ -155.93934, 19.84629 ], [ -155.94077, 19.84627 ], [ -155.94076, 19.84573 ], [ -155.94134, 19.84572 ], [ -155.94132, 19.84463 ], [ -155.94103, 19.84464 ], [ -155.94102, 19.8441 ], [ -155.94131, 19.84409 ], [ -155.94128, 19.84274 ], [ -155.94012, 19.84195 ], [ -155.9401, 19.84086 ], [ -155.93952, 19.8406 ], [ -155.93951, 19.83979 ], [ -155.93922, 19.83979 ], [ -155.93921, 19.83925 ], [ -155.93978, 19.83897 ], [ -155.93945, 19.83654 ], [ -155.93771, 19.83521 ], [ -155.93741, 19.83441 ], [ -155.93684, 19.83442 ], [ -155.93625, 19.83361 ], [ -155.93567, 19.83351 ], [ -155.947, 19.82708 ], [ -155.94734, 19.82964 ], [ -155.9485, 19.8307 ], [ -155.94882, 19.83259 ], [ -155.94854, 19.8326 ], [ -155.94855, 19.83314 ], [ -155.94883, 19.83314 ], [ -155.94915, 19.83503 ], [ -155.94944, 19.83529 ], [ -155.94887, 19.8353 ], [ -155.9489, 19.83665 ], [ -155.94832, 19.83666 ], [ -155.94777, 19.83749 ], [ -155.9472, 19.8375 ], [ -155.94721, 19.83804 ], [ -155.94664, 19.83859 ], [ -155.94607, 19.8386 ], [ -155.94582, 19.8405 ], [ -155.94553, 19.8405 ], [ -155.94527, 19.84186 ], [ -155.94386, 19.84297 ], [ -155.94388, 19.84378 ], [ -155.94446, 19.84431 ], [ -155.94448, 19.84539 ], [ -155.94362, 19.84541 ], [ -155.94306, 19.84623 ], [ -155.9422, 19.84597 ], [ -155.94193, 19.84679 ], [ -155.94136, 19.8468 ], [ -155.94137, 19.84734 ], [ -155.94194, 19.8476 ], [ -155.94197, 19.84896 ], [ -155.94168, 19.84896 ], [ -155.94142, 19.85001 ], [ -155.94029, 19.85034 ] ] ] } },
{ "type": "Feature", "properties": { "unit_id": "U-043", "name": "Central Coast", "type": "Road-defined", "area_ha": 132.7, "c_firevuln": 61.0, "c_consval": 0.0, "c_commval": 0.0, "c_respmgmt": 42.0, "c_prevmgmt": 49.0 }, "geometry": { "type": "Polygon", "coordinates": [ [ [ -155.92859, 19.83765 ], [ -155.93567, 19.83351 ], [ -155.93625, 19.83361 ], [ -155.93945, 19.83654 ], [ -155.93978, 19.83897 ], [ -155.93921, 19.83925 ], [ -155.93922, 19.83979 ], [ -155.93951, 19.83979 ], [ -155.93952, 19.8406 ], [ -155.9401, 19.84086 ], [ -155.94012, 19.84195 ], [ -155.94128, 19.84274 ], [ -155.94131, 19.84409 ], [ -155.94102, 19.8441 ], [ -155.94103, 19.84464 ], [ -155.94132, 19.84463 ], [ -155.94134, 19.84572 ], [ -155.94076, 19.84573 ], [ -155.94077, 19.84627 ], [ -155.93934, 19.84629 ], [ -155.93906, 19.84657 ], [ -155.93909, 19.84792 ], [ -155.93824, 19.84848 ], [ -155.93797, 19.84929 ], [ -155.93654, 19.84959 ], [ -155.93653, 19.84905 ], [ -155.93567, 19.84906 ], [ -155.93565, 19.84798 ], [ -155.93421, 19.84719 ], [ -155.9342, 19.84665 ], [ -155.93362, 19.84639 ], [ -155.93361, 19.84584 ], [ -155.93274, 19.84505 ], [ -155.93217, 19.84506 ], [ -155.93213, 19.84316 ], [ -155.93184, 19.84317 ], [ -155.93182, 19.84208 ], [ -155.93154, 19.84209 ], [ -155.93122, 19.8402 ], [ -155.92948, 19.83887 ], [ -155.92947, 19.83833 ], [ -155.92859, 19.83765 ] ] ] } },
{ "type": "Feature", "properties": { "unit_id": "U-044", "name": "Central Coast", "type": "Road-defined", "area_ha": 382.0, "c_firevuln": 10.0, "c_consval": 0.0, "c_commval": 0.0, "c_respmgmt": 7.0, "c_prevmgmt": 40.0 }, "geometry": { "type": "Polygon", "coordinates": [ [ [ -155.88707, 19.91513 ], [ -155.88704, 19.9135 ], [ -155.88589, 19.91352 ], [ -155.88589, 19.91325 ], [ -155.88531, 19.91326 ], [ -155.8853, 19.91272 ], [ -155.88388, 19.91301 ], [ -155.88385, 19.91166 ], [ -155.88442, 19.91111 ], [ -155.88439, 19.90975 ], [ -155.88323, 19.90896 ], [ -155.88351, 19.90868 ], [ -155.8835, 19.90814 ], [ -155.88322, 19.90815 ], [ -155.88319, 19.90679 ], [ -155.88262, 19.90653 ], [ -155.8826, 19.90572 ], [ -155.88231, 19.90562 ], [ -155.88773, 19.90124 ], [ -155.89139, 19.89729 ], [ -155.89521, 19.8918 ], [ -155.89722, 19.88734 ], [ -155.89774, 19.88787 ], [ -155.89888, 19.88758 ], [ -155.89917, 19.88785 ], [ -155.89973, 19.8873 ], [ -155.90059, 19.88755 ], [ -155.9006, 19.88782 ], [ -155.90174, 19.8878 ], [ -155.90203, 19.88753 ], [ -155.90261, 19.88806 ], [ -155.90318, 19.88805 ], [ -155.90348, 19.88859 ], [ -155.90405, 19.88858 ], [ -155.90435, 19.88912 ], [ -155.90492, 19.88911 ], [ -155.90519, 19.88829 ], [ -155.90548, 19.88828 ], [ -155.90577, 19.88855 ], [ -155.90543, 19.88974 ], [ -155.90624, 19.89193 ], [ -155.90552, 19.89293 ], [ -155.90466, 19.89322 ], [ -155.90453, 19.89385 ], [ -155.9049, 19.8944 ], [ -155.90679, 19.89559 ], [ -155.90718, 19.89706 ], [ -155.906, 19.89699 ], [ -155.90593, 19.89734 ], [ -155.90512, 19.89766 ], [ -155.90457, 19.89843 ], [ -155.90479, 19.89872 ], [ -155.90463, 19.8994 ], [ -155.9036, 19.89929 ], [ -155.90364, 19.89955 ], [ -155.90294, 19.89952 ], [ -155.90151, 19.90037 ], [ -155.90111, 19.90027 ], [ -155.90108, 19.90123 ], [ -155.90198, 19.90209 ], [ -155.90174, 19.90308 ], [ -155.90136, 19.90307 ], [ -155.90108, 19.9039 ], [ -155.90145, 19.90437 ], [ -155.90149, 19.90531 ], [ -155.90111, 19.90581 ], [ -155.90047, 19.90588 ], [ -155.90034, 19.90709 ], [ -155.89982, 19.90761 ], [ -155.8992, 19.9091 ], [ -155.89855, 19.90951 ], [ -155.89793, 19.90915 ], [ -155.89527, 19.90985 ], [ -155.89484, 19.91028 ], [ -155.89529, 19.91088 ], [ -155.89487, 19.91113 ], [ -155.8935, 19.91086 ], [ -155.89073, 19.91182 ], [ -155.88986, 19.91254 ], [ -155.89003, 19.91283 ], [ -155.88846, 19.91321 ], [ -155.88847, 19.9135 ], [ -155.8879, 19.91376 ], [ -155.88745, 19.91512 ], [ -155.88707, 19.91513 ] ] ] } },
{ "type": "Feature", "properties": { "unit_id": "U-045", "name": "Central Coast", "type": "Road-defined", "area_ha": 395.0, "c_firevuln": 0.0, "c_consval": 0.0, "c_commval": 0.0, "c_respmgmt": 13.0, "c_prevmgmt": 48.0 }, "geometry": { "type": "Polygon", "coordinates": [ [ [ -155.90631, 19.88719 ], [ -155.90544, 19.88639 ], [ -155.90542, 19.88504 ], [ -155.9057, 19.88476 ], [ -155.90512, 19.8845 ], [ -155.9051, 19.88342 ], [ -155.90481, 19.88342 ], [ -155.90566, 19.88259 ], [ -155.90564, 19.88178 ], [ -155.90535, 19.88152 ], [ -155.90421, 19.88153 ], [ -155.90419, 19.88045 ], [ -155.90332, 19.87992 ], [ -155.90357, 19.87802 ], [ -155.90386, 19.87802 ], [ -155.90412, 19.87693 ], [ -155.90355, 19.87667 ], [ -155.90353, 19.87586 ], [ -155.90266, 19.87533 ], [ -155.90236, 19.87452 ], [ -155.90179, 19.87453 ], [ -155.90149, 19.874 ], [ -155.90063, 19.87401 ], [ -155.90032, 19.87266 ], [ -155.90061, 19.87266 ], [ -155.9006, 19.87211 ], [ -155.90117, 19.87211 ], [ -155.90147, 19.87264 ], [ -155.90261, 19.87262 ], [ -155.90317, 19.87153 ], [ -155.90374, 19.87152 ], [ -155.90403, 19.87206 ], [ -155.90461, 19.87205 ], [ -155.90459, 19.87124 ], [ -155.90488, 19.87123 ], [ -155.90514, 19.87014 ], [ -155.906, 19.87013 ], [ -155.906, 19.86986 ], [ -155.90686, 19.86985 ], [ -155.90685, 19.86957 ], [ -155.90743, 19.87011 ], [ -155.90772, 19.86983 ], [ -155.91029, 19.86979 ], [ -155.91056, 19.86897 ], [ -155.91197, 19.86787 ], [ -155.91168, 19.86733 ], [ -155.91253, 19.86704 ], [ -155.91166, 19.86625 ], [ -155.91192, 19.86516 ], [ -155.91077, 19.86464 ], [ -155.91105, 19.86409 ], [ -155.91162, 19.86408 ], [ -155.91218, 19.86353 ], [ -155.91217, 19.86272 ], [ -155.91245, 19.86244 ], [ -155.91216, 19.86245 ], [ -155.91186, 19.86164 ], [ -155.91271, 19.86108 ], [ -155.9127, 19.86054 ], [ -155.91184, 19.86029 ], [ -155.91152, 19.85894 ], [ -155.91267, 19.85892 ], [ -155.91295, 19.85837 ], [ -155.91608, 19.85778 ], [ -155.91664, 19.85696 ], [ -155.91779, 19.85694 ], [ -155.91837, 19.85747 ], [ -155.91951, 19.85718 ], [ -155.91978, 19.85636 ], [ -155.92006, 19.85636 ], [ -155.92005, 19.85582 ], [ -155.92062, 19.85554 ], [ -155.92061, 19.855 ], [ -155.92118, 19.85499 ], [ -155.92103, 19.8558 ], [ -155.92043, 19.85662 ], [ -155.92059, 19.85834 ], [ -155.92094, 19.85917 ], [ -155.92182, 19.85984 ], [ -155.92184, 19.86031 ], [ -155.9223, 19.86042 ], [ -155.92111, 19.85793 ], [ -155.92196, 19.85752 ], [ -155.92271, 19.86014 ], [ -155.92263, 19.862 ], [ -155.92306, 19.86362 ], [ -155.92402, 19.86512 ], [ -155.92362, 19.86998 ], [ -155.92279, 19.87104 ], [ -155.92234, 19.87231 ], [ -155.92095, 19.87355 ], [ -155.91953, 19.87424 ], [ -155.91886, 19.87504 ], [ -155.91668, 19.87483 ], [ -155.91527, 19.87567 ], [ -155.91488, 19.87661 ], [ -155.9153, 19.87856 ], [ -155.91363, 19.88003 ], [ -155.91279, 19.88139 ], [ -155.91242, 19.88261 ], [ -155.91284, 19.8838 ], [ -155.91267, 19.88424 ], [ -155.91191, 19.88488 ], [ -155.91086, 19.88522 ], [ -155.91061, 19.8857 ], [ -155.90829, 19.88553 ], [ -155.90744, 19.88609 ], [ -155.90698, 19.88716 ], [ -155.90631, 19.88719 ] ] ] } },
{ "type": "Feature", "properties": { "unit_id": "U-046", "name": "Central Coast", "type": "Road-defined", "area_ha": 187.8, "c_firevuln": 70.0, "c_consval": 0.0, "c_commval": 0.0, "c_respmgmt": 36.0, "c_prevmgmt": 49.0 }, "geometry": { "type": "Polygon", "coordinates": [ [ [ -155.92263, 19.85553 ], [ -155.92176, 19.85516 ], [ -155.92175, 19.85471 ], [ -155.92318, 19.85468 ], [ -155.92345, 19.85387 ], [ -155.92374, 19.85386 ], [ -155.92372, 19.85278 ], [ -155.92314, 19.85252 ], [ -155.92312, 19.85116 ], [ -155.9234, 19.85116 ], [ -155.92334, 19.84764 ], [ -155.92276, 19.84738 ], [ -155.92274, 19.84629 ], [ -155.92217, 19.84603 ], [ -155.92238, 19.84224 ], [ -155.92267, 19.84223 ], [ -155.92265, 19.84115 ], [ -155.92322, 19.84087 ], [ -155.92321, 19.84033 ], [ -155.92263, 19.84007 ], [ -155.92256, 19.83628 ], [ -155.92285, 19.83627 ], [ -155.92283, 19.83546 ], [ -155.9234, 19.83545 ], [ -155.92516, 19.83759 ], [ -155.92573, 19.83758 ], [ -155.92573, 19.83731 ], [ -155.9283, 19.83727 ], [ -155.92947, 19.83833 ], [ -155.92948, 19.83887 ], [ -155.93122, 19.8402 ], [ -155.93154, 19.84209 ], [ -155.93182, 19.84208 ], [ -155.93184, 19.84317 ], [ -155.93213, 19.84316 ], [ -155.93217, 19.84506 ], [ -155.93274, 19.84505 ], [ -155.93361, 19.84584 ], [ -155.93362, 19.84639 ], [ -155.9342, 19.84665 ], [ -155.93421, 19.84719 ], [ -155.93565, 19.84798 ], [ -155.93567, 19.84906 ], [ -155.93653, 19.84905 ], [ -155.93654, 19.8497 ], [ -155.93569, 19.84987 ], [ -155.9349, 19.85068 ], [ -155.93399, 19.85071 ], [ -155.93292, 19.85151 ], [ -155.93143, 19.85184 ], [ -155.93087, 19.85228 ], [ -155.92963, 19.85241 ], [ -155.92886, 19.85215 ], [ -155.92873, 19.85257 ], [ -155.92645, 19.85426 ], [ -155.92434, 19.85521 ], [ -155.92356, 19.85595 ], [ -155.92292, 19.85604 ], [ -155.92263, 19.85553 ] ] ] } },
{ "type": "Feature", "properties": { "unit_id": "U-047", "name": "Central Coast", "type": "Road-defined", "area_ha": 409.9, "c_firevuln": 22.0, "c_consval": 0.0, "c_commval": 0.0, "c_respmgmt": 6.0, "c_prevmgmt": 49.0 }, "geometry": { "type": "Polygon", "coordinates": [ [ [ -155.94142, 19.85001 ], [ -155.94168, 19.84896 ], [ -155.94197, 19.84896 ], [ -155.94194, 19.8476 ], [ -155.94137, 19.84734 ], [ -155.94136, 19.8468 ], [ -155.94193, 19.84679 ], [ -155.9422, 19.84597 ], [ -155.94306, 19.84623 ], [ -155.94362, 19.84541 ], [ -155.94448, 19.84539 ], [ -155.94446, 19.84431 ], [ -155.94388, 19.84378 ], [ -155.94386, 19.84297 ], [ -155.94527, 19.84186 ], [ -155.94553, 19.8405 ], [ -155.94582, 19.8405 ], [ -155.94607, 19.8386 ], [ -155.94664, 19.83859 ], [ -155.94721, 19.83804 ], [ -155.9472, 19.8375 ], [ -155.94777, 19.83749 ], [ -155.94832, 19.83666 ], [ -155.9489, 19.83665 ], [ -155.94887, 19.8353 ], [ -155.94944, 19.83529 ], [ -155.94915, 19.83503 ], [ -155.94883, 19.83314 ], [ -155.94855, 19.83314 ], [ -155.94854, 19.8326 ], [ -155.94882, 19.83259 ], [ -155.9485, 19.8307 ], [ -155.94734, 19.82964 ], [ -155.947, 19.82708 ], [ -155.95097, 19.82484 ], [ -155.95098, 19.82552 ], [ -155.95289, 19.82711 ], [ -155.96515, 19.85128 ], [ -155.96405, 19.8513 ], [ -155.96236, 19.85208 ], [ -155.96063, 19.85217 ], [ -155.96005, 19.85272 ], [ -155.95915, 19.85263 ], [ -155.95841, 19.85302 ], [ -155.95708, 19.85304 ], [ -155.95504, 19.85222 ], [ -155.95205, 19.85231 ], [ -155.95155, 19.85282 ], [ -155.95148, 19.85259 ], [ -155.95068, 19.85288 ], [ -155.95018, 19.85267 ], [ -155.9492, 19.8529 ], [ -155.94918, 19.85317 ], [ -155.9487, 19.85313 ], [ -155.94833, 19.85264 ], [ -155.94776, 19.85265 ], [ -155.94732, 19.85347 ], [ -155.94692, 19.85348 ], [ -155.94653, 19.85399 ], [ -155.94635, 19.85349 ], [ -155.94586, 19.8535 ], [ -155.94574, 19.85317 ], [ -155.94538, 19.8534 ], [ -155.94554, 19.85274 ], [ -155.94518, 19.85242 ], [ -155.94382, 19.85218 ], [ -155.94257, 19.8503 ], [ -155.94142, 19.85001 ] ] ] } },
{ "type": "Feature", "properties": { "unit_id": "U-048", "name": "Northern Coast", "type": "Road-defined", "area_ha": 171.4, "c_firevuln": 38.0, "c_consval": 0.0, "c_commval": 50.0, "c_respmgmt": 16.0, "c_prevmgmt": 25.0 }, "geometry": { "type": "MultiPolygon", "coordinates": [ [ [ [ -155.86409, 19.91929 ], [ -155.87384, 19.91206 ], [ -155.87443, 19.91289 ], [ -155.87644, 19.9134 ], [ -155.87674, 19.91394 ], [ -155.87904, 19.91444 ], [ -155.87905, 19.91499 ], [ -155.87962, 19.91498 ], [ -155.87963, 19.91552 ], [ -155.88077, 19.91523 ], [ -155.88106, 19.91577 ], [ -155.88221, 19.91575 ], [ -155.8825, 19.91601 ], [ -155.88278, 19.91547 ], [ -155.88363, 19.91518 ], [ -155.88365, 19.91599 ], [ -155.88451, 19.91625 ], [ -155.88452, 19.91706 ], [ -155.88566, 19.91677 ], [ -155.88594, 19.91623 ], [ -155.88709, 19.91621 ], [ -155.88707, 19.9154 ], [ -155.88744, 19.91539 ], [ -155.8877, 19.91864 ], [ -155.88828, 19.91863 ], [ -155.88828, 19.9189 ], [ -155.88657, 19.9192 ], [ -155.88657, 19.91947 ], [ -155.88543, 19.91949 ], [ -155.88486, 19.92004 ], [ -155.88516, 19.9203 ], [ -155.88519, 19.92193 ], [ -155.8849, 19.92193 ], [ -155.88491, 19.92275 ], [ -155.88435, 19.9233 ], [ -155.88292, 19.92332 ], [ -155.88208, 19.92415 ], [ -155.88093, 19.92389 ], [ -155.88094, 19.92443 ], [ -155.88036, 19.92444 ], [ -155.87949, 19.92365 ], [ -155.87892, 19.92365 ], [ -155.8789, 19.92284 ], [ -155.87832, 19.92231 ], [ -155.87689, 19.92233 ], [ -155.87688, 19.92179 ], [ -155.87545, 19.92182 ], [ -155.87545, 19.92209 ], [ -155.87402, 19.92211 ], [ -155.87373, 19.92184 ], [ -155.87345, 19.92212 ], [ -155.87257, 19.92132 ], [ -155.87143, 19.92134 ], [ -155.86997, 19.92001 ], [ -155.86855, 19.9203 ], [ -155.86855, 19.92057 ], [ -155.86741, 19.92059 ], [ -155.8674, 19.92032 ], [ -155.86625, 19.92007 ], [ -155.86624, 19.91953 ], [ -155.86567, 19.91954 ], [ -155.86566, 19.91926 ], [ -155.86481, 19.91928 ], [ -155.86481, 19.91955 ], [ -155.86409, 19.91929 ] ] ], [ [ [ -155.86185, 19.92095 ], [ -155.86197, 19.92086 ], [ -155.86197, 19.92095 ], [ -155.86185, 19.92095 ] ] ], [ [ [ -155.86222, 19.92067 ], [ -155.86225, 19.92065 ], [ -155.86225, 19.92067 ], [ -155.86222, 19.92067 ] ] ], [ [ [ -155.86297, 19.92012 ], [ -155.8631, 19.92002 ], [ -155.8631, 19.92012 ], [ -155.86297, 19.92012 ] ] ], [ [ [ -155.86334, 19.91984 ], [ -155.86338, 19.91981 ], [ -155.86338, 19.91984 ], [ -155.86334, 19.91984 ] ] ] ] } },
{ "type": "Feature", "properties": { "unit_id": "U-049", "name": "Northern Coast", "type": "Road-defined", "area_ha": 3031.9, "c_firevuln": 53.0, "c_consval": 0.0, "c_commval": 0.0, "c_respmgmt": 36.0, "c_prevmgmt": 47.0 }, "geometry": { "type": "Polygon", "coordinates": [ [ [ -155.75255, 20.06568 ], [ -155.75182, 20.06478 ], [ -155.74946, 20.06352 ], [ -155.74844, 20.06245 ], [ -155.74742, 20.06006 ], [ -155.74633, 20.05597 ], [ -155.74479, 20.05478 ], [ -155.7434, 20.05257 ], [ -155.74171, 20.05095 ], [ -155.73924, 20.04897 ], [ -155.73479, 20.04676 ], [ -155.73255, 20.04576 ], [ -155.73067, 20.04547 ], [ -155.7289, 20.04425 ], [ -155.72546, 20.04323 ], [ -155.72603, 20.04281 ], [ -155.72613, 20.03197 ], [ -155.72642, 20.03197 ], [ -155.72666, 20.02926 ], [ -155.72751, 20.02897 ], [ -155.72836, 20.02815 ], [ -155.72834, 20.02733 ], [ -155.73121, 20.02729 ], [ -155.7312, 20.02702 ], [ -155.73349, 20.02671 ], [ -155.73405, 20.02616 ], [ -155.73404, 20.02562 ], [ -155.7349, 20.02534 ], [ -155.73489, 20.02507 ], [ -155.73948, 20.02527 ], [ -155.73949, 20.02554 ], [ -155.74063, 20.02525 ], [ -155.74121, 20.02578 ], [ -155.74351, 20.02602 ], [ -155.74464, 20.02492 ], [ -155.74493, 20.02518 ], [ -155.74665, 20.02516 ], [ -155.74749, 20.02433 ], [ -155.74864, 20.02431 ], [ -155.74864, 20.02458 ], [ -155.74979, 20.02456 ], [ -155.74979, 20.02484 ], [ -155.7518, 20.0248 ], [ -155.75238, 20.02534 ], [ -155.75295, 20.02533 ], [ -155.75325, 20.02587 ], [ -155.75525, 20.02556 ], [ -155.75526, 20.02583 ], [ -155.75783, 20.02579 ], [ -155.75812, 20.02606 ], [ -155.75812, 20.02579 ], [ -155.75898, 20.02578 ], [ -155.75897, 20.02551 ], [ -155.76099, 20.02574 ], [ -155.76126, 20.0252 ], [ -155.76298, 20.02517 ], [ -155.76298, 20.0249 ], [ -155.76384, 20.02489 ], [ -155.76468, 20.02406 ], [ -155.76583, 20.02404 ], [ -155.76582, 20.02377 ], [ -155.76754, 20.02375 ], [ -155.76842, 20.02455 ], [ -155.76927, 20.02453 ], [ -155.76928, 20.0248 ], [ -155.77243, 20.02475 ], [ -155.77447, 20.02662 ], [ -155.77619, 20.02686 ], [ -155.7762, 20.02713 ], [ -155.77764, 20.02738 ], [ -155.77764, 20.02765 ], [ -155.77879, 20.02763 ], [ -155.77878, 20.02736 ], [ -155.78021, 20.02734 ], [ -155.78049, 20.02679 ], [ -155.78164, 20.02678 ], [ -155.78276, 20.0254 ], [ -155.78505, 20.0251 ], [ -155.78504, 20.02483 ], [ -155.79105, 20.02446 ], [ -155.79193, 20.02526 ], [ -155.79194, 20.0258 ], [ -155.79281, 20.0266 ], [ -155.79338, 20.02659 ], [ -155.79592, 20.02411 ], [ -155.79707, 20.02409 ], [ -155.79736, 20.02436 ], [ -155.79735, 20.02409 ], [ -155.79907, 20.02379 ], [ -155.79906, 20.02352 ], [ -155.79963, 20.02351 ], [ -155.79964, 20.02378 ], [ -155.80107, 20.02376 ], [ -155.80135, 20.02349 ], [ -155.80136, 20.02376 ], [ -155.80222, 20.02374 ], [ -155.8031, 20.02481 ], [ -155.80396, 20.0248 ], [ -155.80423, 20.02425 ], [ -155.80538, 20.02423 ], [ -155.80594, 20.02341 ], [ -155.80966, 20.02335 ], [ -155.80967, 20.02362 ], [ -155.81139, 20.02414 ], [ -155.81169, 20.02468 ], [ -155.81255, 20.02466 ], [ -155.81255, 20.02493 ], [ -155.81571, 20.02515 ], [ -155.8163, 20.02623 ], [ -155.81916, 20.02591 ], [ -155.81946, 20.02645 ], [ -155.82032, 20.0267 ], [ -155.82034, 20.02752 ], [ -155.8212, 20.0275 ], [ -155.8215, 20.02831 ], [ -155.82322, 20.02828 ], [ -155.82326, 20.0287 ], [ -155.8238, 20.02882 ], [ -155.82352, 20.02909 ], [ -155.82354, 20.03017 ], [ -155.82383, 20.03044 ], [ -155.82327, 20.03099 ], [ -155.82328, 20.03153 ], [ -155.82184, 20.03156 ], [ -155.821, 20.03238 ], [ -155.82043, 20.03239 ], [ -155.82015, 20.03294 ], [ -155.81929, 20.03295 ], [ -155.81845, 20.03405 ], [ -155.81673, 20.03435 ], [ -155.81561, 20.03572 ], [ -155.81475, 20.03573 ], [ -155.81391, 20.03683 ], [ -155.81277, 20.03685 ], [ -155.81249, 20.03739 ], [ -155.8122, 20.03713 ], [ -155.8102, 20.03743 ], [ -155.80992, 20.03797 ], [ -155.80792, 20.03828 ], [ -155.80482, 20.04131 ], [ -155.80396, 20.04132 ], [ -155.8034, 20.04214 ], [ -155.80111, 20.04218 ], [ -155.80055, 20.043 ], [ -155.79998, 20.04301 ], [ -155.79942, 20.04356 ], [ -155.79943, 20.0441 ], [ -155.79914, 20.0441 ], [ -155.79915, 20.04465 ], [ -155.79746, 20.0463 ], [ -155.79689, 20.04631 ], [ -155.79633, 20.04713 ], [ -155.79575, 20.04714 ], [ -155.79181, 20.05126 ], [ -155.79095, 20.05101 ], [ -155.79011, 20.0521 ], [ -155.78925, 20.05212 ], [ -155.78785, 20.05376 ], [ -155.78699, 20.05378 ], [ -155.78558, 20.05515 ], [ -155.78559, 20.05569 ], [ -155.78445, 20.05653 ], [ -155.78476, 20.05733 ], [ -155.78419, 20.05761 ], [ -155.7842, 20.05842 ], [ -155.78279, 20.05953 ], [ -155.78281, 20.06061 ], [ -155.7814, 20.06199 ], [ -155.78026, 20.06228 ], [ -155.78026, 20.06255 ], [ -155.7794, 20.06256 ], [ -155.77941, 20.06283 ], [ -155.77768, 20.06232 ], [ -155.77655, 20.06342 ], [ -155.77483, 20.06345 ], [ -155.77427, 20.064 ], [ -155.77369, 20.06401 ], [ -155.77342, 20.06455 ], [ -155.7717, 20.06458 ], [ -155.77142, 20.06513 ], [ -155.76941, 20.06516 ], [ -155.76941, 20.06489 ], [ -155.76884, 20.0649 ], [ -155.76884, 20.06517 ], [ -155.7654, 20.06522 ], [ -155.76371, 20.06687 ], [ -155.76257, 20.06689 ], [ -155.76201, 20.06771 ], [ -155.76029, 20.06801 ], [ -155.7603, 20.06828 ], [ -155.75972, 20.06829 ], [ -155.75888, 20.0692 ], [ -155.757, 20.06773 ], [ -155.75554, 20.06734 ], [ -155.75255, 20.06568 ] ] ] } },
{ "type": "Feature", "properties": { "unit_id": "U-050", "name": "Northern Coast", "type": "Road-defined", "area_ha": 67.6, "c_firevuln": 73.0, "c_consval": 0.0, "c_commval": 0.0, "c_respmgmt": 23.0, "c_prevmgmt": 23.0 }, "geometry": { "type": "Polygon", "coordinates": [ [ [ -155.81305, 20.02277 ], [ -155.81281, 20.01452 ], [ -155.81312, 20.01246 ], [ -155.81349, 20.013 ], [ -155.81406, 20.01299 ], [ -155.81407, 20.01326 ], [ -155.81521, 20.01297 ], [ -155.81637, 20.01404 ], [ -155.81752, 20.01402 ], [ -155.81781, 20.01429 ], [ -155.81784, 20.01591 ], [ -155.81813, 20.01618 ], [ -155.82013, 20.01587 ], [ -155.82014, 20.01614 ], [ -155.82071, 20.01614 ], [ -155.821, 20.0164 ], [ -155.82101, 20.01721 ], [ -155.82188, 20.01774 ], [ -155.82189, 20.01828 ], [ -155.82334, 20.01902 ], [ -155.8232, 20.01989 ], [ -155.82306, 20.01962 ], [ -155.81934, 20.01995 ], [ -155.81935, 20.02022 ], [ -155.81849, 20.02023 ], [ -155.81793, 20.02078 ], [ -155.81765, 20.0216 ], [ -155.81564, 20.02136 ], [ -155.81452, 20.02273 ], [ -155.81305, 20.02277 ] ] ] } },
{ "type": "Feature", "properties": { "unit_id": "U-051", "name": "Northern Coast", "type": "Road-defined", "area_ha": 52.2, "c_firevuln": 52.0, "c_consval": 0.0, "c_commval": 50.0, "c_respmgmt": 34.0, "c_prevmgmt": 23.0 }, "geometry": { "type": "Polygon", "coordinates": [ [ [ -155.82218, 20.01855 ], [ -155.82188, 20.01774 ], [ -155.82101, 20.01721 ], [ -155.821, 20.0164 ], [ -155.82071, 20.01614 ], [ -155.82014, 20.01614 ], [ -155.82013, 20.01587 ], [ -155.81813, 20.01618 ], [ -155.81784, 20.01591 ], [ -155.81781, 20.01429 ], [ -155.81752, 20.01402 ], [ -155.81637, 20.01404 ], [ -155.81521, 20.01297 ], [ -155.81407, 20.01326 ], [ -155.81406, 20.01299 ], [ -155.8132, 20.01273 ], [ -155.81354, 20.01002 ], [ -155.81431, 20.01109 ], [ -155.81603, 20.01106 ], [ -155.81604, 20.01133 ], [ -155.81632, 20.01106 ], [ -155.81747, 20.01104 ], [ -155.81747, 20.01131 ], [ -155.81919, 20.01156 ], [ -155.8192, 20.01183 ], [ -155.82148, 20.01125 ], [ -155.82178, 20.01206 ], [ -155.82351, 20.01257 ], [ -155.82381, 20.01311 ], [ -155.82438, 20.0131 ], [ -155.82438, 20.01337 ], [ -155.82515, 20.01309 ], [ -155.82553, 20.01358 ], [ -155.82486, 20.01377 ], [ -155.82523, 20.01398 ], [ -155.82508, 20.01431 ], [ -155.82555, 20.01443 ], [ -155.82529, 20.01579 ], [ -155.82359, 20.01583 ], [ -155.8233, 20.01657 ], [ -155.82344, 20.01714 ], [ -155.82274, 20.01773 ], [ -155.82276, 20.01854 ], [ -155.82218, 20.01855 ] ] ] } },
{ "type": "Feature", "properties": { "unit_id": "U-052", "name": "Northern Coast", "type": "Road-defined", "area_ha": 45.0, "c_firevuln": 53.0, "c_consval": 0.0, "c_commval": 50.0, "c_respmgmt": 34.0, "c_prevmgmt": 23.0 }, "geometry": { "type": "Polygon", "coordinates": [ [ [ -155.81569, 19.99942 ], [ -155.81712, 19.99236 ], [ -155.81799, 19.99234 ], [ -155.81857, 19.99288 ], [ -155.82057, 19.99257 ], [ -155.82087, 19.99284 ], [ -155.82086, 19.99257 ], [ -155.82143, 19.99256 ], [ -155.82114, 19.99229 ], [ -155.82142, 19.99175 ], [ -155.82228, 19.99173 ], [ -155.82316, 19.9928 ], [ -155.82431, 19.99306 ], [ -155.8249, 19.99386 ], [ -155.82598, 19.99384 ], [ -155.82596, 19.99411 ], [ -155.82405, 19.99441 ], [ -155.82264, 19.99579 ], [ -155.82265, 19.99633 ], [ -155.82151, 19.99662 ], [ -155.82123, 19.99717 ], [ -155.8198, 19.99719 ], [ -155.81811, 19.99911 ], [ -155.81569, 19.99942 ] ] ] } },
{ "type": "Feature", "properties": { "unit_id": "U-053", "name": "Northern Coast", "type": "Road-defined", "area_ha": 46.7, "c_firevuln": 100.0, "c_consval": 33.0, "c_commval": 0.0, "c_respmgmt": 52.0, "c_prevmgmt": 51.0 }, "geometry": { "type": "Polygon", "coordinates": [ [ [ -155.81899, 19.98393 ], [ -155.81998, 19.97867 ], [ -155.82048, 19.97416 ], [ -155.82082, 19.97442 ], [ -155.82114, 19.97631 ], [ -155.82172, 19.9763 ], [ -155.82173, 19.97685 ], [ -155.82231, 19.97738 ], [ -155.82374, 19.97736 ], [ -155.82462, 19.97843 ], [ -155.82605, 19.9784 ], [ -155.82636, 19.97948 ], [ -155.82694, 19.98001 ], [ -155.82866, 19.97999 ], [ -155.82895, 19.98025 ], [ -155.8288, 19.98134 ], [ -155.8284, 19.98134 ], [ -155.82839, 19.98107 ], [ -155.82667, 19.9811 ], [ -155.82638, 19.98056 ], [ -155.82495, 19.98059 ], [ -155.82495, 19.98113 ], [ -155.82355, 19.98251 ], [ -155.82356, 19.98305 ], [ -155.82271, 19.9836 ], [ -155.82272, 19.98414 ], [ -155.81899, 19.98393 ] ] ] } },
{ "type": "Feature", "properties": { "unit_id": "U-054", "name": "Northern Coast", "type": "Road-defined", "area_ha": 94.6, "c_firevuln": 74.0, "c_consval": 0.0, "c_commval": 0.0, "c_respmgmt": 48.0, "c_prevmgmt": 26.0 }, "geometry": { "type": "Polygon", "coordinates": [ [ [ -155.82055, 19.97253 ], [ -155.82098, 19.96836 ], [ -155.82208, 19.96439 ], [ -155.82267, 19.96518 ], [ -155.82753, 19.96484 ], [ -155.82753, 19.96511 ], [ -155.82839, 19.96509 ], [ -155.82869, 19.96563 ], [ -155.82926, 19.96562 ], [ -155.82927, 19.96616 ], [ -155.8316, 19.96829 ], [ -155.83161, 19.96883 ], [ -155.83278, 19.9699 ], [ -155.83279, 19.97044 ], [ -155.83336, 19.9707 ], [ -155.83337, 19.97124 ], [ -155.83395, 19.97123 ], [ -155.83396, 19.97178 ], [ -155.83453, 19.97177 ], [ -155.83471, 19.97272 ], [ -155.83404, 19.97263 ], [ -155.83369, 19.97313 ], [ -155.8331, 19.97206 ], [ -155.83224, 19.97207 ], [ -155.83196, 19.97262 ], [ -155.83053, 19.97264 ], [ -155.82969, 19.97347 ], [ -155.82768, 19.9735 ], [ -155.82767, 19.97296 ], [ -155.82652, 19.97271 ], [ -155.82623, 19.97217 ], [ -155.82537, 19.97218 ], [ -155.82536, 19.97191 ], [ -155.82479, 19.97192 ], [ -155.8248, 19.97219 ], [ -155.82308, 19.97222 ], [ -155.82308, 19.97249 ], [ -155.82222, 19.9725 ], [ -155.82223, 19.97278 ], [ -155.8208, 19.9728 ], [ -155.82055, 19.97253 ] ] ] } },
{ "type": "Feature", "properties": { "unit_id": "U-055", "name": "Northern Coast", "type": "Road-defined", "area_ha": 307.7, "c_firevuln": 49.0, "c_consval": 0.0, "c_commval": 0.0, "c_respmgmt": 48.0, "c_prevmgmt": 26.0 }, "geometry": { "type": "Polygon", "coordinates": [ [ [ -155.83998, 19.97249 ], [ -155.83998, 19.97222 ], [ -155.83941, 19.97223 ], [ -155.8394, 19.97169 ], [ -155.83911, 19.97169 ], [ -155.83881, 19.97089 ], [ -155.83824, 19.9709 ], [ -155.83823, 19.97062 ], [ -155.83737, 19.97037 ], [ -155.83731, 19.96712 ], [ -155.8376, 19.96711 ], [ -155.8373, 19.96658 ], [ -155.83559, 19.96687 ], [ -155.83558, 19.9666 ], [ -155.83472, 19.96662 ], [ -155.83472, 19.96635 ], [ -155.83157, 19.9664 ], [ -155.83158, 19.96694 ], [ -155.831, 19.96695 ], [ -155.831, 19.96668 ], [ -155.83043, 19.96669 ], [ -155.83042, 19.96614 ], [ -155.82956, 19.96616 ], [ -155.82926, 19.96562 ], [ -155.82869, 19.96563 ], [ -155.82839, 19.96509 ], [ -155.82753, 19.96511 ], [ -155.82753, 19.96484 ], [ -155.82267, 19.96518 ], [ -155.82208, 19.96465 ], [ -155.8233, 19.96131 ], [ -155.82468, 19.95867 ], [ -155.83126, 19.94913 ], [ -155.83156, 19.94988 ], [ -155.83213, 19.94987 ], [ -155.83272, 19.95067 ], [ -155.83445, 19.95118 ], [ -155.83445, 19.95145 ], [ -155.83502, 19.95145 ], [ -155.83502, 19.95117 ], [ -155.83531, 19.95144 ], [ -155.83932, 19.95138 ], [ -155.83906, 19.95274 ], [ -155.83763, 19.95303 ], [ -155.83792, 19.9533 ], [ -155.83794, 19.95411 ], [ -155.83852, 19.95464 ], [ -155.83797, 19.95627 ], [ -155.83855, 19.95654 ], [ -155.83856, 19.95708 ], [ -155.83944, 19.95788 ], [ -155.84029, 19.95786 ], [ -155.8403, 19.95813 ], [ -155.84201, 19.95783 ], [ -155.8423, 19.9581 ], [ -155.84231, 19.95864 ], [ -155.84147, 19.95947 ], [ -155.84148, 19.96001 ], [ -155.84205, 19.96 ], [ -155.84179, 19.96136 ], [ -155.84236, 19.96135 ], [ -155.84295, 19.96215 ], [ -155.84381, 19.96241 ], [ -155.84383, 19.96322 ], [ -155.84326, 19.96377 ], [ -155.84328, 19.96486 ], [ -155.84358, 19.96512 ], [ -155.84329, 19.96513 ], [ -155.8433, 19.96567 ], [ -155.84245, 19.96649 ], [ -155.84332, 19.96702 ], [ -155.84334, 19.96783 ], [ -155.84392, 19.9681 ], [ -155.84394, 19.96953 ], [ -155.84337, 19.96973 ], [ -155.84324, 19.97043 ], [ -155.8422, 19.97143 ], [ -155.84226, 19.97169 ], [ -155.8414, 19.97166 ], [ -155.83998, 19.97249 ] ] ] } },
{ "type": "Feature", "properties": { "unit_id": "U-056", "name": "Northern Coast", "type": "Road-defined", "area_ha": 455.6, "c_firevuln": 48.0, "c_consval": 0.0, "c_commval": 0.0, "c_respmgmt": 23.0, "c_prevmgmt": 25.0 }, "geometry": { "type": "Polygon", "coordinates": [ [ [ -155.84394, 19.96945 ], [ -155.84392, 19.9681 ], [ -155.84334, 19.96783 ], [ -155.84332, 19.96702 ], [ -155.84245, 19.96649 ], [ -155.8433, 19.96567 ], [ -155.84329, 19.96513 ], [ -155.84358, 19.96512 ], [ -155.84328, 19.96486 ], [ -155.84326, 19.96377 ], [ -155.84383, 19.96322 ], [ -155.84381, 19.96241 ], [ -155.84295, 19.96215 ], [ -155.84236, 19.96135 ], [ -155.84179, 19.96136 ], [ -155.84205, 19.96 ], [ -155.84148, 19.96001 ], [ -155.84147, 19.95947 ], [ -155.84231, 19.95864 ], [ -155.8423, 19.9581 ], [ -155.84201, 19.95783 ], [ -155.8403, 19.95813 ], [ -155.84029, 19.95786 ], [ -155.83944, 19.95788 ], [ -155.83856, 19.95708 ], [ -155.83855, 19.95654 ], [ -155.83797, 19.95627 ], [ -155.83852, 19.95464 ], [ -155.83794, 19.95411 ], [ -155.83792, 19.9533 ], [ -155.83763, 19.95303 ], [ -155.83906, 19.95274 ], [ -155.83932, 19.95138 ], [ -155.83531, 19.95144 ], [ -155.83502, 19.95117 ], [ -155.83502, 19.95145 ], [ -155.83445, 19.95145 ], [ -155.83445, 19.95118 ], [ -155.83272, 19.95067 ], [ -155.83213, 19.94987 ], [ -155.83156, 19.94988 ], [ -155.83126, 19.94913 ], [ -155.83415, 19.94477 ], [ -155.83785, 19.94033 ], [ -155.84127, 19.93684 ], [ -155.84643, 19.93262 ], [ -155.84672, 19.93284 ], [ -155.84672, 19.93257 ], [ -155.84729, 19.93256 ], [ -155.84729, 19.93283 ], [ -155.84844, 19.93281 ], [ -155.84902, 19.93335 ], [ -155.85074, 19.93332 ], [ -155.85132, 19.93385 ], [ -155.85133, 19.93439 ], [ -155.85191, 19.93465 ], [ -155.85194, 19.93655 ], [ -155.85137, 19.93683 ], [ -155.85139, 19.93764 ], [ -155.85197, 19.9379 ], [ -155.85199, 19.93926 ], [ -155.85171, 19.93953 ], [ -155.852, 19.9398 ], [ -155.85171, 19.9398 ], [ -155.85173, 19.94061 ], [ -155.85144, 19.94062 ], [ -155.85146, 19.94143 ], [ -155.8526, 19.94141 ], [ -155.85232, 19.94169 ], [ -155.85234, 19.9425 ], [ -155.85205, 19.94251 ], [ -155.85206, 19.94332 ], [ -155.85235, 19.94358 ], [ -155.85379, 19.94356 ], [ -155.85378, 19.94329 ], [ -155.85492, 19.943 ], [ -155.85496, 19.94517 ], [ -155.85382, 19.94546 ], [ -155.85354, 19.94573 ], [ -155.85355, 19.94654 ], [ -155.85299, 19.94709 ], [ -155.85242, 19.9471 ], [ -155.85272, 19.94818 ], [ -155.8533, 19.94817 ], [ -155.85331, 19.94871 ], [ -155.85273, 19.94872 ], [ -155.85275, 19.94954 ], [ -155.85132, 19.94983 ], [ -155.85131, 19.94929 ], [ -155.85074, 19.9493 ], [ -155.85046, 19.94984 ], [ -155.84932, 19.94986 ], [ -155.84904, 19.95041 ], [ -155.8499, 19.95039 ], [ -155.84991, 19.95094 ], [ -155.85048, 19.95093 ], [ -155.84992, 19.95148 ], [ -155.84993, 19.95202 ], [ -155.84907, 19.95203 ], [ -155.84908, 19.95257 ], [ -155.84823, 19.95313 ], [ -155.84824, 19.95367 ], [ -155.84595, 19.95398 ], [ -155.84567, 19.95425 ], [ -155.84568, 19.95453 ], [ -155.84711, 19.95477 ], [ -155.84712, 19.95504 ], [ -155.84826, 19.95503 ], [ -155.84828, 19.95584 ], [ -155.84742, 19.95585 ], [ -155.84715, 19.95667 ], [ -155.84658, 19.95695 ], [ -155.84659, 19.95776 ], [ -155.84775, 19.95855 ], [ -155.84748, 19.95937 ], [ -155.84777, 19.95937 ], [ -155.84778, 19.95991 ], [ -155.84664, 19.9602 ], [ -155.84666, 19.96128 ], [ -155.84723, 19.96127 ], [ -155.84725, 19.96208 ], [ -155.84754, 19.96235 ], [ -155.84869, 19.9626 ], [ -155.84842, 19.96396 ], [ -155.84729, 19.96479 ], [ -155.8476, 19.96614 ], [ -155.84875, 19.96639 ], [ -155.84876, 19.96693 ], [ -155.84962, 19.96692 ], [ -155.84992, 19.96773 ], [ -155.84878, 19.96775 ], [ -155.84879, 19.96822 ], [ -155.84844, 19.96826 ], [ -155.84678, 19.96805 ], [ -155.84394, 19.96945 ] ] ] } },
{ "type": "Feature", "properties": { "unit_id": "U-057", "name": "Northern Coast", "type": "Road-defined", "area_ha": 81.8, "c_firevuln": 42.0, "c_consval": 0.0, "c_commval": 46.0, "c_respmgmt": 5.0, "c_prevmgmt": 26.0 }, "geometry": { "type": "MultiPolygon", "coordinates": [ [ [ [ -155.88539, 19.90324 ], [ -155.88542, 19.90322 ], [ -155.88542, 19.90324 ], [ -155.88539, 19.90324 ] ] ], [ [ [ -155.88396, 19.90434 ], [ -155.88401, 19.90431 ], [ -155.88401, 19.90434 ], [ -155.88396, 19.90434 ] ] ], [ [ [ -155.8836, 19.90462 ], [ -155.88372, 19.90453 ], [ -155.88373, 19.90462 ], [ -155.8836, 19.90462 ] ] ], [ [ [ -155.88325, 19.9049 ], [ -155.88344, 19.90475 ], [ -155.88344, 19.90489 ], [ -155.88325, 19.9049 ] ] ], [ [ [ -155.88452, 19.91706 ], [ -155.88451, 19.91625 ], [ -155.88365, 19.91599 ], [ -155.88363, 19.91518 ], [ -155.88278, 19.91547 ], [ -155.8825, 19.91601 ], [ -155.88221, 19.91575 ], [ -155.88106, 19.91577 ], [ -155.88077, 19.91523 ], [ -155.87963, 19.91552 ], [ -155.87962, 19.91498 ], [ -155.87905, 19.91499 ], [ -155.87904, 19.91444 ], [ -155.87674, 19.91394 ], [ -155.87644, 19.9134 ], [ -155.87443, 19.91289 ], [ -155.87384, 19.91206 ], [ -155.88231, 19.90562 ], [ -155.8826, 19.90572 ], [ -155.88262, 19.90653 ], [ -155.88319, 19.90679 ], [ -155.88322, 19.90815 ], [ -155.8835, 19.90814 ], [ -155.88323, 19.90896 ], [ -155.88439, 19.90975 ], [ -155.88442, 19.91111 ], [ -155.88385, 19.91166 ], [ -155.88388, 19.91301 ], [ -155.8853, 19.91272 ], [ -155.88531, 19.91326 ], [ -155.88589, 19.91325 ], [ -155.88589, 19.91352 ], [ -155.88704, 19.9135 ], [ -155.88707, 19.91513 ], [ -155.88745, 19.91512 ], [ -155.88744, 19.91539 ], [ -155.88707, 19.9154 ], [ -155.88709, 19.91621 ], [ -155.88594, 19.91623 ], [ -155.88566, 19.91677 ], [ -155.88452, 19.91706 ] ] ] ] } },
{ "type": "Feature", "properties": { "unit_id": "U-058", "name": "Northern Coast", "type": "Road-defined", "area_ha": 200.9, "c_firevuln": 36.0, "c_consval": 0.0, "c_commval": 50.0, "c_respmgmt": 13.0, "c_prevmgmt": 25.0 }, "geometry": { "type": "Polygon", "coordinates": [ [ [ -155.85492, 19.943 ], [ -155.85378, 19.94329 ], [ -155.85379, 19.94356 ], [ -155.85235, 19.94358 ], [ -155.85206, 19.94332 ], [ -155.85205, 19.94251 ], [ -155.85234, 19.9425 ], [ -155.85232, 19.94169 ], [ -155.8526, 19.94141 ], [ -155.85146, 19.94143 ], [ -155.85144, 19.94062 ], [ -155.85173, 19.94061 ], [ -155.85171, 19.9398 ], [ -155.852, 19.9398 ], [ -155.85171, 19.93953 ], [ -155.85199, 19.93926 ], [ -155.85197, 19.9379 ], [ -155.85139, 19.93764 ], [ -155.85137, 19.93683 ], [ -155.85194, 19.93655 ], [ -155.85191, 19.93465 ], [ -155.85133, 19.93439 ], [ -155.85132, 19.93385 ], [ -155.85074, 19.93332 ], [ -155.84902, 19.93335 ], [ -155.84844, 19.93281 ], [ -155.84729, 19.93283 ], [ -155.84729, 19.93256 ], [ -155.84643, 19.93285 ], [ -155.85051, 19.92953 ], [ -155.8521, 19.9295 ], [ -155.85356, 19.93111 ], [ -155.85471, 19.93109 ], [ -155.85529, 19.93162 ], [ -155.8553, 19.93216 ], [ -155.85587, 19.93215 ], [ -155.85646, 19.93268 ], [ -155.85648, 19.93404 ], [ -155.85733, 19.93375 ], [ -155.85733, 19.93348 ], [ -155.85905, 19.93346 ], [ -155.85934, 19.93372 ], [ -155.85935, 19.93453 ], [ -155.8605, 19.93479 ], [ -155.8605, 19.93452 ], [ -155.86164, 19.9345 ], [ -155.86252, 19.9353 ], [ -155.86253, 19.93584 ], [ -155.86367, 19.93582 ], [ -155.86366, 19.93501 ], [ -155.86395, 19.93527 ], [ -155.8648, 19.93499 ], [ -155.86481, 19.93526 ], [ -155.86623, 19.93496 ], [ -155.86656, 19.93713 ], [ -155.86713, 19.93712 ], [ -155.86713, 19.93685 ], [ -155.86913, 19.93681 ], [ -155.86914, 19.93708 ], [ -155.86971, 19.93708 ], [ -155.87, 19.93734 ], [ -155.86972, 19.93789 ], [ -155.87001, 19.93788 ], [ -155.87002, 19.93842 ], [ -155.87117, 19.93868 ], [ -155.87118, 19.93922 ], [ -155.87147, 19.93921 ], [ -155.87177, 19.94002 ], [ -155.87292, 19.94027 ], [ -155.87264, 19.94055 ], [ -155.87265, 19.94136 ], [ -155.87208, 19.94164 ], [ -155.87209, 19.94218 ], [ -155.87167, 19.94258 ], [ -155.87093, 19.94301 ], [ -155.86953, 19.94304 ], [ -155.86953, 19.94331 ], [ -155.86868, 19.94332 ], [ -155.8678, 19.94252 ], [ -155.86637, 19.94255 ], [ -155.86639, 19.94336 ], [ -155.8661, 19.94363 ], [ -155.86439, 19.94366 ], [ -155.86438, 19.94339 ], [ -155.86265, 19.94288 ], [ -155.86235, 19.94207 ], [ -155.86178, 19.94208 ], [ -155.86177, 19.94154 ], [ -155.86119, 19.941 ], [ -155.86061, 19.94101 ], [ -155.86061, 19.94074 ], [ -155.86032, 19.94075 ], [ -155.86033, 19.94129 ], [ -155.85918, 19.94104 ], [ -155.85891, 19.94158 ], [ -155.85805, 19.9416 ], [ -155.85747, 19.94106 ], [ -155.85662, 19.94189 ], [ -155.85547, 19.94164 ], [ -155.85548, 19.94218 ], [ -155.85519, 19.94218 ], [ -155.85492, 19.943 ] ] ] } },
{ "type": "Feature", "properties": { "unit_id": "U-059", "name": "Northern Coast", "type": "Road-defined", "area_ha": 67.3, "c_firevuln": 66.0, "c_consval": 0.0, "c_commval": 50.0, "c_respmgmt": 33.0, "c_prevmgmt": 35.0 }, "geometry": { "type": "MultiPolygon", "coordinates": [ [ [ [ -155.83838, 20.04971 ], [ -155.8354, 20.04513 ], [ -155.83205, 20.04105 ], [ -155.82968, 20.03905 ], [ -155.82907, 20.03809 ], [ -155.82757, 20.03758 ], [ -155.82705, 20.03725 ], [ -155.82246, 20.03155 ], [ -155.82328, 20.03153 ], [ -155.82327, 20.03099 ], [ -155.82383, 20.03044 ], [ -155.82354, 20.03017 ], [ -155.82352, 20.02909 ], [ -155.82381, 20.02909 ], [ -155.82351, 20.02855 ], [ -155.82489, 20.0275 ], [ -155.82574, 20.02743 ], [ -155.82896, 20.02899 ], [ -155.83306, 20.03358 ], [ -155.83306, 20.03381 ], [ -155.83072, 20.03119 ], [ -155.82998, 20.03151 ], [ -155.82935, 20.03135 ], [ -155.8293, 20.0321 ], [ -155.82738, 20.03235 ], [ -155.82667, 20.03287 ], [ -155.82611, 20.03197 ], [ -155.82531, 20.03211 ], [ -155.82559, 20.03285 ], [ -155.82705, 20.03445 ], [ -155.82931, 20.03647 ], [ -155.82973, 20.03739 ], [ -155.829, 20.03788 ], [ -155.82726, 20.03722 ], [ -155.82903, 20.03798 ], [ -155.83002, 20.03739 ], [ -155.83113, 20.03793 ], [ -155.83168, 20.0385 ], [ -155.83143, 20.03847 ], [ -155.83115, 20.03926 ], [ -155.83174, 20.03951 ], [ -155.83207, 20.0387 ], [ -155.83203, 20.04006 ], [ -155.8326, 20.04036 ], [ -155.83291, 20.04113 ], [ -155.83475, 20.04227 ], [ -155.83524, 20.04326 ], [ -155.83659, 20.0442 ], [ -155.83641, 20.04486 ], [ -155.83776, 20.0462 ], [ -155.83865, 20.04789 ], [ -155.83821, 20.04917 ], [ -155.83878, 20.0497 ], [ -155.83838, 20.04971 ] ] ], [ [ [ -155.83372, 20.03458 ], [ -155.83306, 20.03381 ], [ -155.83394, 20.03464 ], [ -155.83398, 20.03737 ], [ -155.83372, 20.03458 ] ] ] ] } },
{ "type": "Feature", "properties": { "unit_id": "U-060", "name": "Northern Coast", "type": "Road-defined", "area_ha": 65.8, "c_firevuln": 70.0, "c_consval": 0.0, "c_commval": 50.0, "c_respmgmt": 23.0, "c_prevmgmt": 23.0 }, "geometry": { "type": "Polygon", "coordinates": [ [ [ -155.8215, 20.02831 ], [ -155.8212, 20.0275 ], [ -155.82034, 20.02752 ], [ -155.82032, 20.0267 ], [ -155.81946, 20.02645 ], [ -155.81916, 20.02591 ], [ -155.8163, 20.02623 ], [ -155.81571, 20.02515 ], [ -155.81255, 20.02493 ], [ -155.81255, 20.02466 ], [ -155.81169, 20.02468 ], [ -155.81139, 20.02414 ], [ -155.81225, 20.02385 ], [ -155.81309, 20.02276 ], [ -155.81452, 20.02273 ], [ -155.81564, 20.02136 ], [ -155.81765, 20.0216 ], [ -155.81849, 20.02023 ], [ -155.82106, 20.01992 ], [ -155.82106, 20.01965 ], [ -155.82306, 20.01962 ], [ -155.82332, 20.02082 ], [ -155.8231, 20.02158 ], [ -155.82255, 20.02191 ], [ -155.82282, 20.02244 ], [ -155.82241, 20.02306 ], [ -155.823, 20.02368 ], [ -155.82315, 20.02449 ], [ -155.82344, 20.02456 ], [ -155.82367, 20.02631 ], [ -155.8232, 20.0272 ], [ -155.82322, 20.02828 ], [ -155.8215, 20.02831 ] ] ] } },
{ "type": "Feature", "properties": { "unit_id": "U-061", "name": "Northern Coast", "type": "Road-defined", "area_ha": 204.8, "c_firevuln": 40.0, "c_consval": 0.0, "c_commval": 50.0, "c_respmgmt": 31.0, "c_prevmgmt": 23.0 }, "geometry": { "type": "Polygon", "coordinates": [ [ [ -155.81354, 20.01002 ], [ -155.81569, 19.99942 ], [ -155.81811, 19.99911 ], [ -155.8198, 19.99719 ], [ -155.82123, 19.99717 ], [ -155.82151, 19.99662 ], [ -155.82265, 19.99633 ], [ -155.82264, 19.99579 ], [ -155.82405, 19.99441 ], [ -155.82596, 19.99411 ], [ -155.82632, 19.99522 ], [ -155.82665, 19.99541 ], [ -155.82703, 19.9952 ], [ -155.82739, 19.9955 ], [ -155.82712, 19.99592 ], [ -155.82744, 19.99607 ], [ -155.82748, 19.99705 ], [ -155.82835, 19.99769 ], [ -155.82772, 19.99784 ], [ -155.82746, 19.99842 ], [ -155.82815, 19.99977 ], [ -155.8277, 20.00013 ], [ -155.82733, 20.00188 ], [ -155.82683, 20.00235 ], [ -155.82705, 20.00276 ], [ -155.82535, 20.00306 ], [ -155.8248, 20.00442 ], [ -155.82511, 20.00604 ], [ -155.82681, 20.00651 ], [ -155.82656, 20.00692 ], [ -155.82687, 20.00793 ], [ -155.82633, 20.009 ], [ -155.82583, 20.00916 ], [ -155.82589, 20.00969 ], [ -155.82524, 20.00992 ], [ -155.8252, 20.01065 ], [ -155.82572, 20.0108 ], [ -155.82596, 20.01131 ], [ -155.8251, 20.01209 ], [ -155.82496, 20.01336 ], [ -155.82438, 20.01337 ], [ -155.82351, 20.01257 ], [ -155.82178, 20.01206 ], [ -155.82148, 20.01125 ], [ -155.8192, 20.01183 ], [ -155.81919, 20.01156 ], [ -155.81747, 20.01131 ], [ -155.81747, 20.01104 ], [ -155.81632, 20.01106 ], [ -155.81604, 20.01133 ], [ -155.81603, 20.01106 ], [ -155.81431, 20.01109 ], [ -155.81354, 20.01002 ] ] ] } },
{ "type": "Feature", "properties": { "unit_id": "U-062", "name": "Northern Coast", "type": "Road-defined", "area_ha": 125.6, "c_firevuln": 78.0, "c_consval": 33.0, "c_commval": 50.0, "c_respmgmt": 38.0, "c_prevmgmt": 51.0 }, "geometry": { "type": "Polygon", "coordinates": [ [ [ -155.81712, 19.99236 ], [ -155.81897, 19.98366 ], [ -155.81899, 19.98393 ], [ -155.82272, 19.98414 ], [ -155.82271, 19.9836 ], [ -155.82356, 19.98305 ], [ -155.82355, 19.98251 ], [ -155.82495, 19.98113 ], [ -155.82495, 19.98059 ], [ -155.82638, 19.98056 ], [ -155.82667, 19.9811 ], [ -155.82839, 19.98107 ], [ -155.82869, 19.98155 ], [ -155.82842, 19.98243 ], [ -155.8287, 19.98246 ], [ -155.82871, 19.98296 ], [ -155.8293, 19.98377 ], [ -155.83009, 19.98449 ], [ -155.83103, 19.98438 ], [ -155.83086, 19.98477 ], [ -155.83127, 19.98523 ], [ -155.82993, 19.98701 ], [ -155.82995, 19.988 ], [ -155.82914, 19.98785 ], [ -155.82893, 19.98845 ], [ -155.82792, 19.98844 ], [ -155.82768, 19.98933 ], [ -155.82711, 19.98949 ], [ -155.82629, 19.99167 ], [ -155.82598, 19.99384 ], [ -155.8249, 19.99386 ], [ -155.82431, 19.99306 ], [ -155.82316, 19.9928 ], [ -155.82228, 19.99173 ], [ -155.82142, 19.99175 ], [ -155.82114, 19.99229 ], [ -155.82143, 19.99256 ], [ -155.82086, 19.99257 ], [ -155.82087, 19.99284 ], [ -155.82057, 19.99257 ], [ -155.81857, 19.99288 ], [ -155.81799, 19.99234 ], [ -155.81712, 19.99236 ] ] ] } },
{ "type": "Feature", "properties": { "unit_id": "U-063", "name": "Northern Coast", "type": "Road-defined", "area_ha": 86.9, "c_firevuln": 89.0, "c_consval": 28.0, "c_commval": 50.0, "c_respmgmt": 47.0, "c_prevmgmt": 51.0 }, "geometry": { "type": "Polygon", "coordinates": [ [ [ -155.82866, 19.98026 ], [ -155.82866, 19.97999 ], [ -155.82694, 19.98001 ], [ -155.82636, 19.97948 ], [ -155.82605, 19.9784 ], [ -155.82462, 19.97843 ], [ -155.82374, 19.97736 ], [ -155.82231, 19.97738 ], [ -155.82173, 19.97685 ], [ -155.82172, 19.9763 ], [ -155.82114, 19.97631 ], [ -155.82113, 19.9755 ], [ -155.82084, 19.97551 ], [ -155.82082, 19.97442 ], [ -155.82053, 19.97416 ], [ -155.81881, 19.97391 ], [ -155.81825, 19.97446 ], [ -155.81739, 19.97448 ], [ -155.8174, 19.97502 ], [ -155.81682, 19.97503 ], [ -155.81682, 19.97476 ], [ -155.81596, 19.97477 ], [ -155.81595, 19.97423 ], [ -155.81537, 19.9737 ], [ -155.8145, 19.97344 ], [ -155.81422, 19.97372 ], [ -155.81421, 19.97317 ], [ -155.81565, 19.97315 ], [ -155.81592, 19.97233 ], [ -155.81878, 19.97229 ], [ -155.81908, 19.97283 ], [ -155.81994, 19.97281 ], [ -155.81993, 19.97254 ], [ -155.82223, 19.97278 ], [ -155.82222, 19.9725 ], [ -155.82308, 19.97249 ], [ -155.82308, 19.97222 ], [ -155.8248, 19.97219 ], [ -155.82479, 19.97192 ], [ -155.82536, 19.97191 ], [ -155.82537, 19.97218 ], [ -155.82623, 19.97217 ], [ -155.82652, 19.97271 ], [ -155.82767, 19.97296 ], [ -155.82768, 19.9735 ], [ -155.82969, 19.97347 ], [ -155.83053, 19.97264 ], [ -155.83196, 19.97262 ], [ -155.83224, 19.97207 ], [ -155.8331, 19.97206 ], [ -155.8337, 19.97332 ], [ -155.83322, 19.97348 ], [ -155.83293, 19.97288 ], [ -155.83254, 19.97288 ], [ -155.83255, 19.97351 ], [ -155.83228, 19.97395 ], [ -155.83162, 19.97397 ], [ -155.83115, 19.97534 ], [ -155.83146, 19.97642 ], [ -155.8321, 19.97671 ], [ -155.83241, 19.97749 ], [ -155.83191, 19.97776 ], [ -155.83128, 19.97739 ], [ -155.83091, 19.97778 ], [ -155.83122, 19.9793 ], [ -155.83027, 19.97864 ], [ -155.82866, 19.98026 ] ] ] } },
{ "type": "Feature", "properties": { "unit_id": "U-064", "name": "Northern Coast", "type": "Road-defined", "area_ha": 41.8, "c_firevuln": 17.0, "c_consval": 0.0, "c_commval": 50.0, "c_respmgmt": 18.0, "c_prevmgmt": 50.0 }, "geometry": { "type": "MultiPolygon", "coordinates": [ [ [ [ -155.83588, 19.97234 ], [ -155.83454, 19.97258 ], [ -155.83453, 19.97177 ], [ -155.83396, 19.97178 ], [ -155.83395, 19.97123 ], [ -155.83337, 19.97124 ], [ -155.83336, 19.9707 ], [ -155.83279, 19.97044 ], [ -155.83278, 19.9699 ], [ -155.83161, 19.96883 ], [ -155.8316, 19.96829 ], [ -155.83015, 19.96723 ], [ -155.83014, 19.96669 ], [ -155.82956, 19.96616 ], [ -155.83042, 19.96614 ], [ -155.83043, 19.96669 ], [ -155.831, 19.96668 ], [ -155.831, 19.96695 ], [ -155.83158, 19.96694 ], [ -155.83157, 19.9664 ], [ -155.83472, 19.96635 ], [ -155.83472, 19.96662 ], [ -155.83558, 19.9666 ], [ -155.83559, 19.96687 ], [ -155.8373, 19.96658 ], [ -155.83759, 19.96684 ], [ -155.83731, 19.96712 ], [ -155.83737, 19.97037 ], [ -155.83823, 19.97062 ], [ -155.83824, 19.9709 ], [ -155.83881, 19.97089 ], [ -155.83911, 19.97169 ], [ -155.8394, 19.97169 ], [ -155.83941, 19.97223 ], [ -155.84027, 19.97253 ], [ -155.8379, 19.97378 ], [ -155.83731, 19.97353 ], [ -155.83758, 19.97306 ], [ -155.83741, 19.97281 ], [ -155.8363, 19.97275 ], [ -155.83588, 19.97234 ] ] ], [ [ [ -155.82927, 19.96616 ], [ -155.82955, 19.96589 ], [ -155.82956, 19.96616 ], [ -155.82927, 19.96616 ] ] ] ] } },
{ "type": "Feature", "properties": { "unit_id": "U-065", "name": "Northern Coast", "type": "Road-defined", "area_ha": 344.5, "c_firevuln": 38.0, "c_consval": 0.0, "c_commval": 50.0, "c_respmgmt": 28.0, "c_prevmgmt": 25.0 }, "geometry": { "type": "Polygon", "coordinates": [ [ [ -155.84879, 19.96822 ], [ -155.84878, 19.96775 ], [ -155.84992, 19.96773 ], [ -155.84991, 19.96719 ], [ -155.84876, 19.96693 ], [ -155.84875, 19.96639 ], [ -155.8479, 19.96641 ], [ -155.8476, 19.96614 ], [ -155.84759, 19.96533 ], [ -155.8473, 19.96533 ], [ -155.84729, 19.96479 ], [ -155.84842, 19.96396 ], [ -155.84869, 19.9626 ], [ -155.84754, 19.96235 ], [ -155.84725, 19.96208 ], [ -155.84723, 19.96127 ], [ -155.84666, 19.96128 ], [ -155.84664, 19.9602 ], [ -155.84778, 19.95991 ], [ -155.84777, 19.95937 ], [ -155.84748, 19.95937 ], [ -155.84775, 19.95855 ], [ -155.84659, 19.95776 ], [ -155.84658, 19.95695 ], [ -155.84715, 19.95667 ], [ -155.84742, 19.95585 ], [ -155.84828, 19.95584 ], [ -155.84826, 19.95503 ], [ -155.84712, 19.95504 ], [ -155.84711, 19.95477 ], [ -155.84568, 19.95453 ], [ -155.84567, 19.95425 ], [ -155.84595, 19.95398 ], [ -155.84824, 19.95367 ], [ -155.84823, 19.95313 ], [ -155.84908, 19.95257 ], [ -155.84907, 19.95203 ], [ -155.84993, 19.95202 ], [ -155.84992, 19.95148 ], [ -155.85048, 19.95093 ], [ -155.84991, 19.95094 ], [ -155.8499, 19.95039 ], [ -155.84904, 19.95041 ], [ -155.84932, 19.94986 ], [ -155.85046, 19.94984 ], [ -155.85074, 19.9493 ], [ -155.85131, 19.94929 ], [ -155.85132, 19.94983 ], [ -155.85275, 19.94954 ], [ -155.85273, 19.94872 ], [ -155.85331, 19.94871 ], [ -155.8533, 19.94817 ], [ -155.85272, 19.94818 ], [ -155.85242, 19.9471 ], [ -155.85299, 19.94709 ], [ -155.85355, 19.94654 ], [ -155.85354, 19.94573 ], [ -155.85382, 19.94546 ], [ -155.85496, 19.94517 ], [ -155.85492, 19.94273 ], [ -155.8552, 19.94273 ], [ -155.85547, 19.94164 ], [ -155.85662, 19.94189 ], [ -155.85747, 19.94106 ], [ -155.85805, 19.9416 ], [ -155.85891, 19.94158 ], [ -155.85918, 19.94104 ], [ -155.86033, 19.94129 ], [ -155.86032, 19.94075 ], [ -155.86061, 19.94074 ], [ -155.86061, 19.94101 ], [ -155.86119, 19.941 ], [ -155.86177, 19.94154 ], [ -155.86178, 19.94208 ], [ -155.86235, 19.94207 ], [ -155.86265, 19.94288 ], [ -155.86438, 19.94339 ], [ -155.86439, 19.94366 ], [ -155.8661, 19.94363 ], [ -155.86639, 19.94336 ], [ -155.86637, 19.94255 ], [ -155.8678, 19.94252 ], [ -155.86868, 19.94332 ], [ -155.8701, 19.94303 ], [ -155.86944, 19.94363 ], [ -155.87007, 19.94434 ], [ -155.86965, 19.94504 ], [ -155.86881, 19.94508 ], [ -155.8679, 19.94574 ], [ -155.86821, 19.94712 ], [ -155.86704, 19.94768 ], [ -155.86479, 19.95015 ], [ -155.8648, 19.95049 ], [ -155.86423, 19.95071 ], [ -155.86395, 19.95135 ], [ -155.86238, 19.9512 ], [ -155.86138, 19.95156 ], [ -155.8614, 19.95265 ], [ -155.86197, 19.95278 ], [ -155.86198, 19.95324 ], [ -155.8617, 19.95345 ], [ -155.86144, 19.95514 ], [ -155.85975, 19.95647 ], [ -155.85939, 19.95728 ], [ -155.85856, 19.95747 ], [ -155.85839, 19.9606 ], [ -155.85753, 19.96083 ], [ -155.85698, 19.96201 ], [ -155.85613, 19.96248 ], [ -155.85606, 19.96339 ], [ -155.85506, 19.96434 ], [ -155.85447, 19.96547 ], [ -155.85305, 19.96605 ], [ -155.85269, 19.96676 ], [ -155.85228, 19.96673 ], [ -155.85134, 19.9676 ], [ -155.84879, 19.96822 ] ] ] } },
{ "type": "Feature", "properties": { "unit_id": "U-066", "name": "Northern Coast", "type": "Road-defined", "area_ha": 593.1, "c_firevuln": 35.0, "c_consval": 0.0, "c_commval": 50.0, "c_respmgmt": 18.0, "c_prevmgmt": 25.0 }, "geometry": { "type": "Polygon", "coordinates": [ [ [ -155.87181, 19.9424 ], [ -155.87208, 19.94164 ], [ -155.87265, 19.94136 ], [ -155.87264, 19.94055 ], [ -155.87292, 19.94027 ], [ -155.87177, 19.94002 ], [ -155.87147, 19.93921 ], [ -155.87118, 19.93922 ], [ -155.87117, 19.93868 ], [ -155.87002, 19.93842 ], [ -155.87001, 19.93788 ], [ -155.86972, 19.93789 ], [ -155.87, 19.93734 ], [ -155.86971, 19.93708 ], [ -155.86914, 19.93708 ], [ -155.86913, 19.93681 ], [ -155.86713, 19.93685 ], [ -155.86713, 19.93712 ], [ -155.86656, 19.93713 ], [ -155.86623, 19.93496 ], [ -155.86481, 19.93526 ], [ -155.8648, 19.93499 ], [ -155.86395, 19.93527 ], [ -155.86366, 19.93501 ], [ -155.86367, 19.93582 ], [ -155.86253, 19.93584 ], [ -155.86252, 19.9353 ], [ -155.86164, 19.9345 ], [ -155.8605, 19.93452 ], [ -155.8605, 19.93479 ], [ -155.85935, 19.93453 ], [ -155.85934, 19.93372 ], [ -155.85905, 19.93346 ], [ -155.85733, 19.93348 ], [ -155.85733, 19.93375 ], [ -155.85648, 19.93404 ], [ -155.85646, 19.93268 ], [ -155.85587, 19.93215 ], [ -155.8553, 19.93216 ], [ -155.85529, 19.93162 ], [ -155.85471, 19.93109 ], [ -155.85356, 19.93111 ], [ -155.8521, 19.9295 ], [ -155.85051, 19.92953 ], [ -155.86409, 19.91929 ], [ -155.86481, 19.91955 ], [ -155.86481, 19.91928 ], [ -155.86566, 19.91926 ], [ -155.86567, 19.91954 ], [ -155.86624, 19.91953 ], [ -155.86625, 19.92007 ], [ -155.8674, 19.92032 ], [ -155.86741, 19.92059 ], [ -155.86855, 19.92057 ], [ -155.86855, 19.9203 ], [ -155.86997, 19.92001 ], [ -155.87143, 19.92134 ], [ -155.87257, 19.92132 ], [ -155.87345, 19.92212 ], [ -155.87373, 19.92184 ], [ -155.87402, 19.92211 ], [ -155.87545, 19.92209 ], [ -155.87545, 19.92182 ], [ -155.87688, 19.92179 ], [ -155.87689, 19.92233 ], [ -155.87832, 19.92231 ], [ -155.8789, 19.92284 ], [ -155.87892, 19.92365 ], [ -155.87949, 19.92365 ], [ -155.88036, 19.92444 ], [ -155.88094, 19.92443 ], [ -155.88093, 19.92389 ], [ -155.88208, 19.92415 ], [ -155.88292, 19.92332 ], [ -155.88435, 19.9233 ], [ -155.88491, 19.92275 ], [ -155.8849, 19.92193 ], [ -155.88519, 19.92193 ], [ -155.88516, 19.9203 ], [ -155.88486, 19.92004 ], [ -155.88543, 19.91949 ], [ -155.88657, 19.91947 ], [ -155.88657, 19.9192 ], [ -155.88828, 19.9189 ], [ -155.88828, 19.91863 ], [ -155.8877, 19.91864 ], [ -155.88767, 19.91701 ], [ -155.88739, 19.91702 ], [ -155.88738, 19.91648 ], [ -155.88843, 19.9172 ], [ -155.89013, 19.9177 ], [ -155.8914, 19.92004 ], [ -155.89101, 19.92059 ], [ -155.89091, 19.92184 ], [ -155.8912, 19.92199 ], [ -155.89092, 19.92238 ], [ -155.89136, 19.92248 ], [ -155.89179, 19.92382 ], [ -155.89119, 19.92433 ], [ -155.89078, 19.92536 ], [ -155.89015, 19.92581 ], [ -155.88846, 19.92616 ], [ -155.88857, 19.9266 ], [ -155.88806, 19.9266 ], [ -155.88789, 19.92628 ], [ -155.88699, 19.92647 ], [ -155.88721, 19.92611 ], [ -155.8867, 19.92651 ], [ -155.88671, 19.92678 ], [ -155.88795, 19.92681 ], [ -155.88869, 19.92719 ], [ -155.88953, 19.9281 ], [ -155.88925, 19.9286 ], [ -155.88954, 19.9286 ], [ -155.88975, 19.92912 ], [ -155.88922, 19.92972 ], [ -155.88861, 19.92936 ], [ -155.88848, 19.92966 ], [ -155.88818, 19.92957 ], [ -155.88845, 19.92981 ], [ -155.88801, 19.92997 ], [ -155.88811, 19.93045 ], [ -155.88778, 19.93062 ], [ -155.88794, 19.93142 ], [ -155.88728, 19.93228 ], [ -155.88675, 19.93272 ], [ -155.8858, 19.93264 ], [ -155.88556, 19.93296 ], [ -155.88489, 19.93298 ], [ -155.88489, 19.93382 ], [ -155.88311, 19.93361 ], [ -155.88275, 19.93377 ], [ -155.88279, 19.93409 ], [ -155.88192, 19.93428 ], [ -155.88139, 19.93399 ], [ -155.88094, 19.93435 ], [ -155.88059, 19.93365 ], [ -155.87894, 19.9339 ], [ -155.87852, 19.93359 ], [ -155.87795, 19.93369 ], [ -155.87733, 19.93457 ], [ -155.87728, 19.93558 ], [ -155.87766, 19.93634 ], [ -155.87744, 19.93695 ], [ -155.87771, 19.9372 ], [ -155.87728, 19.93756 ], [ -155.87746, 19.93898 ], [ -155.87681, 19.93917 ], [ -155.87692, 19.93994 ], [ -155.87777, 19.94 ], [ -155.87861, 19.94061 ], [ -155.87866, 19.94109 ], [ -155.87826, 19.94135 ], [ -155.8786, 19.94156 ], [ -155.87791, 19.94174 ], [ -155.8781, 19.94216 ], [ -155.87727, 19.94193 ], [ -155.87796, 19.94278 ], [ -155.87703, 19.94222 ], [ -155.87743, 19.94315 ], [ -155.87693, 19.94319 ], [ -155.87662, 19.94264 ], [ -155.87597, 19.94259 ], [ -155.87499, 19.94389 ], [ -155.87406, 19.94419 ], [ -155.87391, 19.94369 ], [ -155.8733, 19.94391 ], [ -155.87274, 19.94323 ], [ -155.87285, 19.9425 ], [ -155.87181, 19.9424 ] ] ] } },
{ "type": "Feature", "properties": { "unit_id": "U-067", "name": "Waikoloa Village", "type": "Developed Community", "area_ha": 256.4, "c_firevuln": 81.0, "c_consval": 0.0, "c_commval": 55.0, "c_respmgmt": 54.0, "c_prevmgmt": 24.0 }, "geometry": { "type": "MultiPolygon", "coordinates": [ [ [ [ -155.77542, 19.94596 ], [ -155.77592, 19.94615 ], [ -155.77907, 19.9461 ], [ -155.77907, 19.94583 ], [ -155.78079, 19.9458 ], [ -155.78137, 19.94634 ], [ -155.78194, 19.94633 ], [ -155.78194, 19.94606 ], [ -155.78279, 19.94577 ], [ -155.78337, 19.9463 ], [ -155.78395, 19.9463 ], [ -155.78424, 19.94683 ], [ -155.7851, 19.94655 ], [ -155.78568, 19.94708 ], [ -155.78683, 19.94733 ], [ -155.78739, 19.94651 ], [ -155.78853, 19.94622 ], [ -155.78851, 19.94514 ], [ -155.78879, 19.94487 ], [ -155.78994, 19.94512 ], [ -155.78994, 19.94485 ], [ -155.7908, 19.94483 ], [ -155.79079, 19.94456 ], [ -155.79222, 19.94454 ], [ -155.79281, 19.94534 ], [ -155.79338, 19.94533 ], [ -155.79426, 19.94613 ], [ -155.79398, 19.94695 ], [ -155.7937, 19.94695 ], [ -155.79371, 19.9475 ], [ -155.79399, 19.94749 ], [ -155.79403, 19.94939 ], [ -155.79431, 19.94938 ], [ -155.79406, 19.95101 ], [ -155.79592, 19.95152 ], [ -155.7959, 19.95283 ], [ -155.79561, 19.95282 ], [ -155.79529, 19.95444 ], [ -155.79471, 19.9547 ], [ -155.7944, 19.95578 ], [ -155.79383, 19.95604 ], [ -155.79382, 19.95658 ], [ -155.79323, 19.95711 ], [ -155.79265, 19.95764 ], [ -155.79208, 19.95763 ], [ -155.79207, 19.9579 ], [ -155.79092, 19.95815 ], [ -155.79091, 19.95842 ], [ -155.78834, 19.95837 ], [ -155.78834, 19.9581 ], [ -155.78664, 19.95753 ], [ -155.78636, 19.95699 ], [ -155.78263, 19.95719 ], [ -155.78207, 19.95664 ], [ -155.77778, 19.95656 ], [ -155.77778, 19.95629 ], [ -155.77693, 19.95627 ], [ -155.77693, 19.956 ], [ -155.77636, 19.95599 ], [ -155.77552, 19.95516 ], [ -155.77525, 19.95408 ], [ -155.77469, 19.95379 ], [ -155.7747, 19.95325 ], [ -155.77413, 19.9527 ], [ -155.7742, 19.94972 ], [ -155.77448, 19.94973 ], [ -155.7745, 19.94865 ], [ -155.77509, 19.94812 ], [ -155.77542, 19.94596 ] ] ], [ [ [ -155.79879, 19.95148 ], [ -155.79951, 19.95147 ], [ -155.79951, 19.95181 ], [ -155.79907, 19.9518 ], [ -155.79879, 19.95148 ] ] ] ] } },
{ "type": "Feature", "properties": { "unit_id": "U-068", "name": "Waikoloa Village", "type": "Developed Community", "area_ha": 770.3, "c_firevuln": 64.0, "c_consval": 0.0, "c_commval": 54.0, "c_respmgmt": 39.0, "c_prevmgmt": 24.0 }, "geometry": { "type": "Polygon", "coordinates": [ [ [ -155.79951, 19.95181 ], [ -155.79951, 19.95147 ], [ -155.79793, 19.95124 ], [ -155.79738, 19.95042 ], [ -155.79652, 19.9504 ], [ -155.79621, 19.95148 ], [ -155.79521, 19.95154 ], [ -155.79521, 19.95126 ], [ -155.79406, 19.95101 ], [ -155.79431, 19.94938 ], [ -155.79403, 19.94939 ], [ -155.79399, 19.94749 ], [ -155.79371, 19.9475 ], [ -155.7937, 19.94695 ], [ -155.79398, 19.94695 ], [ -155.79426, 19.94613 ], [ -155.79338, 19.94533 ], [ -155.79281, 19.94534 ], [ -155.79222, 19.94454 ], [ -155.79079, 19.94456 ], [ -155.7908, 19.94483 ], [ -155.78994, 19.94485 ], [ -155.78994, 19.94512 ], [ -155.78879, 19.94487 ], [ -155.78851, 19.94514 ], [ -155.78853, 19.94622 ], [ -155.78739, 19.94651 ], [ -155.78683, 19.94733 ], [ -155.78568, 19.94708 ], [ -155.7851, 19.94655 ], [ -155.78424, 19.94683 ], [ -155.78395, 19.9463 ], [ -155.78337, 19.9463 ], [ -155.78279, 19.94577 ], [ -155.78194, 19.94606 ], [ -155.78194, 19.94633 ], [ -155.78137, 19.94634 ], [ -155.78079, 19.9458 ], [ -155.77907, 19.94583 ], [ -155.77907, 19.9461 ], [ -155.77592, 19.94615 ], [ -155.77571, 19.94588 ], [ -155.77633, 19.94354 ], [ -155.77661, 19.94354 ], [ -155.77664, 19.94219 ], [ -155.77693, 19.94219 ], [ -155.77694, 19.94138 ], [ -155.77723, 19.94139 ], [ -155.77754, 19.94004 ], [ -155.77783, 19.94004 ], [ -155.77786, 19.93869 ], [ -155.77814, 19.93869 ], [ -155.77876, 19.93627 ], [ -155.77905, 19.93627 ], [ -155.77907, 19.93546 ], [ -155.77935, 19.93547 ], [ -155.77937, 19.93438 ], [ -155.77966, 19.93439 ], [ -155.77998, 19.93277 ], [ -155.78027, 19.93278 ], [ -155.78059, 19.93116 ], [ -155.78087, 19.93116 ], [ -155.78118, 19.93008 ], [ -155.78147, 19.93009 ], [ -155.78181, 19.92712 ], [ -155.78239, 19.92686 ], [ -155.7824, 19.92632 ], [ -155.78298, 19.92579 ], [ -155.78302, 19.92416 ], [ -155.7833, 19.92417 ], [ -155.78331, 19.92362 ], [ -155.7839, 19.92309 ], [ -155.78648, 19.92287 ], [ -155.78675, 19.92342 ], [ -155.7879, 19.92344 ], [ -155.78789, 19.92371 ], [ -155.78903, 19.924 ], [ -155.78992, 19.92266 ], [ -155.79106, 19.92268 ], [ -155.79136, 19.92242 ], [ -155.79135, 19.92269 ], [ -155.79192, 19.9227 ], [ -155.7928, 19.92163 ], [ -155.79366, 19.92165 ], [ -155.79396, 19.92111 ], [ -155.79597, 19.92088 ], [ -155.79597, 19.9206 ], [ -155.79712, 19.92035 ], [ -155.79713, 19.92008 ], [ -155.7997, 19.92013 ], [ -155.7997, 19.9204 ], [ -155.80056, 19.92042 ], [ -155.80055, 19.92069 ], [ -155.80141, 19.9207 ], [ -155.80169, 19.92125 ], [ -155.80254, 19.92154 ], [ -155.80253, 19.92208 ], [ -155.8031, 19.92236 ], [ -155.80308, 19.9229 ], [ -155.80365, 19.92318 ], [ -155.80364, 19.92372 ], [ -155.80393, 19.92373 ], [ -155.8039, 19.92508 ], [ -155.80419, 19.92508 ], [ -155.80387, 19.92643 ], [ -155.80415, 19.92671 ], [ -155.80387, 19.9267 ], [ -155.80386, 19.92725 ], [ -155.80414, 19.92725 ], [ -155.80409, 19.92969 ], [ -155.80438, 19.92969 ], [ -155.80436, 19.93077 ], [ -155.80407, 19.93077 ], [ -155.80377, 19.93158 ], [ -155.80463, 19.93159 ], [ -155.80461, 19.9324 ], [ -155.80433, 19.9324 ], [ -155.80431, 19.93321 ], [ -155.80373, 19.93374 ], [ -155.80371, 19.93428 ], [ -155.80284, 19.93481 ], [ -155.80283, 19.93562 ], [ -155.8034, 19.93563 ], [ -155.8048, 19.93701 ], [ -155.80479, 19.93755 ], [ -155.80564, 19.93811 ], [ -155.8059, 19.93974 ], [ -155.80618, 19.93974 ], [ -155.80615, 19.94137 ], [ -155.80644, 19.94137 ], [ -155.80641, 19.94273 ], [ -155.80669, 19.94273 ], [ -155.8063, 19.94787 ], [ -155.80602, 19.94786 ], [ -155.8057, 19.94948 ], [ -155.80512, 19.94974 ], [ -155.80511, 19.95028 ], [ -155.80424, 19.95108 ], [ -155.80251, 19.95159 ], [ -155.8025, 19.95186 ], [ -155.79951, 19.95181 ] ] ] } },
{ "type": "Feature", "properties": { "unit_id": "U-069", "name": "Waiki'i Ranch", "type": "Developed Community", "area_ha": 1297.7, "c_firevuln": 50.0, "c_consval": 0.0, "c_commval": 50.0, "c_respmgmt": 46.0, "c_prevmgmt": 37.0 }, "geometry": { "type": "Polygon", "coordinates": [ [ [ -155.6639, 19.88064 ], [ -155.6626, 19.87899 ], [ -155.6612, 19.87589 ], [ -155.6595, 19.87558 ], [ -155.65951, 19.87531 ], [ -155.65865, 19.87503 ], [ -155.65867, 19.87421 ], [ -155.65783, 19.87339 ], [ -155.65786, 19.87203 ], [ -155.65814, 19.87204 ], [ -155.65816, 19.87123 ], [ -155.65862, 19.87096 ], [ -155.65805, 19.87009 ], [ -155.65763, 19.86835 ], [ -155.6555, 19.86687 ], [ -155.65372, 19.86449 ], [ -155.65372, 19.86491 ], [ -155.65257, 19.86489 ], [ -155.65258, 19.86462 ], [ -155.65172, 19.86461 ], [ -155.65144, 19.86406 ], [ -155.65087, 19.86405 ], [ -155.65004, 19.86268 ], [ -155.64747, 19.86263 ], [ -155.64691, 19.86208 ], [ -155.64633, 19.86207 ], [ -155.64633, 19.86234 ], [ -155.64548, 19.86205 ], [ -155.64492, 19.8615 ], [ -155.64465, 19.86041 ], [ -155.64408, 19.8604 ], [ -155.64409, 19.85986 ], [ -155.64185, 19.85765 ], [ -155.64187, 19.85684 ], [ -155.64158, 19.85683 ], [ -155.64159, 19.85629 ], [ -155.64103, 19.85574 ], [ -155.64249, 19.85442 ], [ -155.6428, 19.85334 ], [ -155.64453, 19.85283 ], [ -155.64453, 19.85256 ], [ -155.64568, 19.85231 ], [ -155.64569, 19.85204 ], [ -155.64789, 19.85208 ], [ -155.64265, 19.84185 ], [ -155.68018, 19.84545 ], [ -155.68223, 19.88056 ], [ -155.6639, 19.88064 ] ] ] } },
{ "type": "Feature", "properties": { "unit_id": "U-070", "name": "Waimea", "type": "Developed Community", "area_ha": 2075.8, "c_firevuln": 44.0, "c_consval": 0.0, "c_commval": 50.0, "c_respmgmt": 41.0, "c_prevmgmt": 44.0 }, "geometry": { "type": "Polygon", "coordinates": [ [ [ -155.64224, 20.04258 ], [ -155.64142, 20.03976 ], [ -155.63905, 20.03616 ], [ -155.63805, 20.03367 ], [ -155.63819, 20.02928 ], [ -155.63785, 20.02691 ], [ -155.63712, 20.02493 ], [ -155.63661, 20.02446 ], [ -155.63349, 20.011 ], [ -155.63403, 20.01047 ], [ -155.6346, 20.01048 ], [ -155.6349, 20.00995 ], [ -155.63547, 20.00996 ], [ -155.63575, 20.01051 ], [ -155.63661, 20.01025 ], [ -155.63661, 20.01052 ], [ -155.63718, 20.01053 ], [ -155.63748, 20.01 ], [ -155.63805, 20.01001 ], [ -155.63864, 20.00948 ], [ -155.63836, 20.00893 ], [ -155.63893, 20.00894 ], [ -155.63866, 20.0084 ], [ -155.63952, 20.00814 ], [ -155.63953, 20.00787 ], [ -155.64125, 20.00763 ], [ -155.64126, 20.00736 ], [ -155.64212, 20.00738 ], [ -155.64212, 20.00711 ], [ -155.64327, 20.00713 ], [ -155.64327, 20.00686 ], [ -155.64499, 20.00689 ], [ -155.645, 20.00662 ], [ -155.64815, 20.00668 ], [ -155.64815, 20.00641 ], [ -155.6493, 20.00616 ], [ -155.64931, 20.00589 ], [ -155.65075, 20.00565 ], [ -155.65075, 20.00538 ], [ -155.65161, 20.00539 ], [ -155.6516, 20.00593 ], [ -155.65189, 20.00594 ], [ -155.65186, 20.00729 ], [ -155.65157, 20.00729 ], [ -155.65155, 20.00837 ], [ -155.65067, 20.00916 ], [ -155.65066, 20.00971 ], [ -155.6498, 20.00996 ], [ -155.64978, 20.0105 ], [ -155.6495, 20.0105 ], [ -155.64948, 20.01158 ], [ -155.64976, 20.01185 ], [ -155.64947, 20.01185 ], [ -155.64946, 20.01239 ], [ -155.6506, 20.01241 ], [ -155.6509, 20.01215 ], [ -155.65089, 20.01242 ], [ -155.65204, 20.01244 ], [ -155.65203, 20.01271 ], [ -155.65346, 20.01274 ], [ -155.65405, 20.01221 ], [ -155.65691, 20.01226 ], [ -155.65719, 20.01254 ], [ -155.65749, 20.012 ], [ -155.65864, 20.01175 ], [ -155.65894, 20.01122 ], [ -155.65951, 20.01123 ], [ -155.66009, 20.0107 ], [ -155.66181, 20.01073 ], [ -155.6621, 20.01046 ], [ -155.6621, 20.01073 ], [ -155.66524, 20.01106 ], [ -155.66641, 20.01 ], [ -155.66813, 20.00977 ], [ -155.66877, 20.00653 ], [ -155.66935, 20.00627 ], [ -155.66936, 20.00573 ], [ -155.66995, 20.0052 ], [ -155.6711, 20.00495 ], [ -155.67168, 20.00442 ], [ -155.67254, 20.00443 ], [ -155.67255, 20.00416 ], [ -155.67512, 20.00448 ], [ -155.67568, 20.00503 ], [ -155.67654, 20.00505 ], [ -155.67653, 20.00532 ], [ -155.67767, 20.00561 ], [ -155.67767, 20.00588 ], [ -155.67881, 20.00618 ], [ -155.67993, 20.00728 ], [ -155.6805, 20.00729 ], [ -155.68106, 20.00811 ], [ -155.68163, 20.00812 ], [ -155.685, 20.01144 ], [ -155.68499, 20.01198 ], [ -155.68583, 20.01253 ], [ -155.68582, 20.01308 ], [ -155.68694, 20.01418 ], [ -155.68693, 20.01472 ], [ -155.68749, 20.01527 ], [ -155.68748, 20.01581 ], [ -155.68777, 20.01582 ], [ -155.68776, 20.01636 ], [ -155.68804, 20.01637 ], [ -155.68803, 20.01691 ], [ -155.69176, 20.01698 ], [ -155.69175, 20.01725 ], [ -155.69347, 20.01728 ], [ -155.69346, 20.01755 ], [ -155.69461, 20.01757 ], [ -155.6946, 20.01784 ], [ -155.69546, 20.01786 ], [ -155.69546, 20.01813 ], [ -155.69631, 20.01815 ], [ -155.69631, 20.01842 ], [ -155.69716, 20.0187 ], [ -155.69713, 20.02033 ], [ -155.69827, 20.02062 ], [ -155.69854, 20.02117 ], [ -155.70085, 20.02067 ], [ -155.70085, 20.0204 ], [ -155.70486, 20.02047 ], [ -155.70485, 20.02074 ], [ -155.70973, 20.02056 ], [ -155.70972, 20.02083 ], [ -155.71086, 20.02112 ], [ -155.71086, 20.02139 ], [ -155.71256, 20.02197 ], [ -155.71369, 20.02307 ], [ -155.71426, 20.02308 ], [ -155.71481, 20.02391 ], [ -155.71539, 20.02392 ], [ -155.71876, 20.02723 ], [ -155.71875, 20.02777 ], [ -155.71959, 20.02833 ], [ -155.71958, 20.02887 ], [ -155.72015, 20.02915 ], [ -155.72014, 20.02969 ], [ -155.7207, 20.02997 ], [ -155.72097, 20.03106 ], [ -155.72153, 20.03161 ], [ -155.72152, 20.03215 ], [ -155.72181, 20.03216 ], [ -155.72179, 20.03297 ], [ -155.72207, 20.03297 ], [ -155.72206, 20.03352 ], [ -155.72063, 20.03376 ], [ -155.72062, 20.03403 ], [ -155.71775, 20.03425 ], [ -155.71776, 20.03398 ], [ -155.71518, 20.03366 ], [ -155.71491, 20.03311 ], [ -155.71376, 20.03309 ], [ -155.71377, 20.03282 ], [ -155.71263, 20.03253 ], [ -155.71151, 20.03142 ], [ -155.71064, 20.03168 ], [ -155.71064, 20.03195 ], [ -155.7092, 20.03219 ], [ -155.70919, 20.03246 ], [ -155.70604, 20.03241 ], [ -155.70576, 20.03213 ], [ -155.70546, 20.03267 ], [ -155.70489, 20.03266 ], [ -155.70431, 20.03319 ], [ -155.70428, 20.03454 ], [ -155.70399, 20.03453 ], [ -155.70398, 20.03535 ], [ -155.7031, 20.03614 ], [ -155.70309, 20.03668 ], [ -155.7025, 20.03721 ], [ -155.70193, 20.0372 ], [ -155.70163, 20.03774 ], [ -155.70106, 20.03773 ], [ -155.70106, 20.038 ], [ -155.69762, 20.03793 ], [ -155.69763, 20.03766 ], [ -155.69649, 20.03737 ], [ -155.69536, 20.03627 ], [ -155.69537, 20.03573 ], [ -155.69481, 20.03517 ], [ -155.69254, 20.03432 ], [ -155.69087, 20.03212 ], [ -155.69, 20.03238 ], [ -155.69001, 20.03184 ], [ -155.68916, 20.03155 ], [ -155.68916, 20.03128 ], [ -155.68887, 20.03154 ], [ -155.686, 20.03176 ], [ -155.68544, 20.03121 ], [ -155.68372, 20.03118 ], [ -155.68344, 20.0309 ], [ -155.68344, 20.03117 ], [ -155.68229, 20.03142 ], [ -155.68228, 20.03169 ], [ -155.6797, 20.03191 ], [ -155.67969, 20.03218 ], [ -155.6774, 20.03214 ], [ -155.67739, 20.03241 ], [ -155.67596, 20.03238 ], [ -155.67596, 20.03266 ], [ -155.67424, 20.03262 ], [ -155.67423, 20.03289 ], [ -155.67222, 20.03313 ], [ -155.67164, 20.03366 ], [ -155.66706, 20.0333 ], [ -155.66706, 20.03357 ], [ -155.6662, 20.03355 ], [ -155.6662, 20.03328 ], [ -155.66506, 20.03299 ], [ -155.66505, 20.0338 ], [ -155.6639, 20.03405 ], [ -155.66389, 20.03432 ], [ -155.66304, 20.03404 ], [ -155.66304, 20.03377 ], [ -155.66161, 20.03374 ], [ -155.66132, 20.034 ], [ -155.66132, 20.03373 ], [ -155.65903, 20.03369 ], [ -155.65903, 20.03396 ], [ -155.65788, 20.03394 ], [ -155.65788, 20.03421 ], [ -155.65702, 20.03392 ], [ -155.65701, 20.03473 ], [ -155.65643, 20.03472 ], [ -155.65588, 20.0339 ], [ -155.65387, 20.03386 ], [ -155.65357, 20.03467 ], [ -155.65328, 20.03466 ], [ -155.65327, 20.03521 ], [ -155.65439, 20.03631 ], [ -155.65437, 20.03739 ], [ -155.65408, 20.03739 ], [ -155.65377, 20.03873 ], [ -155.6526, 20.0398 ], [ -155.65146, 20.03977 ], [ -155.65089, 20.03922 ], [ -155.64974, 20.03947 ], [ -155.64919, 20.03865 ], [ -155.64861, 20.03864 ], [ -155.64803, 20.03944 ], [ -155.6463, 20.03995 ], [ -155.64424, 20.04207 ], [ -155.64309, 20.04232 ], [ -155.64309, 20.04259 ], [ -155.64224, 20.04258 ] ] ] } },
{ "type": "Feature", "properties": { "unit_id": "U-071", "name": "Kamehameha Schools", "type": "Major Landowner", "area_ha": 1295.7, "c_firevuln": 31.0, "c_consval": 17.0, "c_commval": 0.0, "c_respmgmt": 53.0, "c_prevmgmt": 53.0 }, "geometry": { "type": "Polygon", "coordinates": [ [ [ -155.91707, 19.77617 ], [ -155.91159, 19.76143 ], [ -155.90625, 19.74921 ], [ -155.89405, 19.7183 ], [ -155.89295, 19.71822 ], [ -155.89293, 19.71732 ], [ -155.89265, 19.71732 ], [ -155.89263, 19.71651 ], [ -155.89235, 19.71652 ], [ -155.89231, 19.71435 ], [ -155.89173, 19.71382 ], [ -155.89171, 19.71301 ], [ -155.89113, 19.71274 ], [ -155.89113, 19.7122 ], [ -155.89055, 19.71194 ], [ -155.89051, 19.70977 ], [ -155.88994, 19.70978 ], [ -155.88998, 19.70849 ], [ -155.89452, 19.71025 ], [ -155.90001, 19.71115 ], [ -155.9063, 19.7139 ], [ -155.90699, 19.71485 ], [ -155.90665, 19.71683 ], [ -155.91161, 19.71864 ], [ -155.91242, 19.71931 ], [ -155.91242, 19.71971 ], [ -155.91185, 19.71972 ], [ -155.91186, 19.71999 ], [ -155.91243, 19.72025 ], [ -155.91245, 19.72134 ], [ -155.91304, 19.72187 ], [ -155.91361, 19.72186 ], [ -155.91361, 19.72213 ], [ -155.91418, 19.72212 ], [ -155.91418, 19.72185 ], [ -155.91447, 19.72212 ], [ -155.91561, 19.7221 ], [ -155.91562, 19.72237 ], [ -155.91648, 19.72263 ], [ -155.91687, 19.72804 ], [ -155.92036, 19.73123 ], [ -155.92037, 19.73204 ], [ -155.92095, 19.7323 ], [ -155.92096, 19.73311 ], [ -155.92125, 19.73311 ], [ -155.92143, 19.74313 ], [ -155.92172, 19.74312 ], [ -155.92174, 19.74421 ], [ -155.92202, 19.7442 ], [ -155.92208, 19.74745 ], [ -155.92266, 19.74798 ], [ -155.92268, 19.7488 ], [ -155.92355, 19.74932 ], [ -155.92356, 19.75013 ], [ -155.92472, 19.75093 ], [ -155.92473, 19.75174 ], [ -155.92618, 19.7528 ], [ -155.92626, 19.75686 ], [ -155.92683, 19.75712 ], [ -155.92685, 19.75794 ], [ -155.92801, 19.75873 ], [ -155.92802, 19.75954 ], [ -155.9286, 19.7598 ], [ -155.92862, 19.76116 ], [ -155.92978, 19.76195 ], [ -155.92984, 19.76493 ], [ -155.93012, 19.76492 ], [ -155.93014, 19.76574 ], [ -155.93042, 19.76573 ], [ -155.93044, 19.76681 ], [ -155.9316, 19.76761 ], [ -155.93163, 19.76896 ], [ -155.93192, 19.76919 ], [ -155.93089, 19.77011 ], [ -155.92748, 19.77159 ], [ -155.924, 19.77422 ], [ -155.91707, 19.77617 ] ] ] } },
{ "type": "Feature", "properties": { "unit_id": "U-072", "name": "Kamehameha Schools", "type": "Major Landowner", "area_ha": 8107.0, "c_firevuln": 27.0, "c_consval": 16.0, "c_commval": 0.0, "c_respmgmt": 42.0, "c_prevmgmt": 25.0 }, "geometry": { "type": "MultiPolygon", "coordinates": [ [ [ [ -155.64163, 19.53185 ], [ -155.64152, 19.53168 ], [ -155.64163, 19.5318 ], [ -155.64163, 19.53185 ] ] ], [ [ [ -155.64163, 19.53185 ], [ -155.64415, 19.53377 ], [ -155.64512, 19.53586 ], [ -155.64748, 19.53804 ], [ -155.64891, 19.54014 ], [ -155.65175, 19.54194 ], [ -155.65298, 19.54442 ], [ -155.65559, 19.54682 ], [ -155.65695, 19.54761 ], [ -155.65793, 19.5503 ], [ -155.66137, 19.55272 ], [ -155.66229, 19.55457 ], [ -155.66487, 19.55544 ], [ -155.66675, 19.55677 ], [ -155.6677, 19.5583 ], [ -155.66852, 19.55888 ], [ -155.67185, 19.56283 ], [ -155.67705, 19.56587 ], [ -155.67879, 19.56733 ], [ -155.68064, 19.56798 ], [ -155.68331, 19.56964 ], [ -155.6848, 19.57452 ], [ -155.68524, 19.57768 ], [ -155.687, 19.58171 ], [ -155.68783, 19.58273 ], [ -155.69007, 19.58408 ], [ -155.69239, 19.58485 ], [ -155.69529, 19.58718 ], [ -155.69605, 19.58879 ], [ -155.69905, 19.59135 ], [ -155.69898, 19.59415 ], [ -155.69997, 19.59595 ], [ -155.70074, 19.59668 ], [ -155.70317, 19.59787 ], [ -155.70527, 19.60034 ], [ -155.70649, 19.60131 ], [ -155.70818, 19.60158 ], [ -155.70898, 19.60207 ], [ -155.71241, 19.60548 ], [ -155.71344, 19.60588 ], [ -155.71346, 19.60717 ], [ -155.71432, 19.60743 ], [ -155.71433, 19.6077 ], [ -155.7149, 19.60769 ], [ -155.71491, 19.60851 ], [ -155.71665, 19.6101 ], [ -155.71751, 19.61009 ], [ -155.7181, 19.61089 ], [ -155.7201, 19.61114 ], [ -155.72097, 19.61193 ], [ -155.72098, 19.61248 ], [ -155.72127, 19.61247 ], [ -155.72158, 19.61409 ], [ -155.72245, 19.61489 ], [ -155.72388, 19.6146 ], [ -155.72389, 19.61514 ], [ -155.72503, 19.61539 ], [ -155.72533, 19.61593 ], [ -155.72619, 19.61592 ], [ -155.72703, 19.61509 ], [ -155.7276, 19.61509 ], [ -155.72847, 19.61588 ], [ -155.7299, 19.61586 ], [ -155.73136, 19.61747 ], [ -155.73336, 19.61744 ], [ -155.73364, 19.61716 ], [ -155.73365, 19.6177 ], [ -155.73451, 19.61769 ], [ -155.73451, 19.61796 ], [ -155.73566, 19.61821 ], [ -155.73539, 19.61903 ], [ -155.73596, 19.61929 ], [ -155.73598, 19.6201 ], [ -155.73655, 19.62037 ], [ -155.73657, 19.62145 ], [ -155.73743, 19.62144 ], [ -155.73772, 19.62197 ], [ -155.73944, 19.62195 ], [ -155.73944, 19.62222 ], [ -155.74316, 19.62216 ], [ -155.74374, 19.6227 ], [ -155.74376, 19.62405 ], [ -155.74463, 19.62458 ], [ -155.74464, 19.62539 ], [ -155.74493, 19.62566 ], [ -155.74608, 19.62591 ], [ -155.74608, 19.62618 ], [ -155.7498, 19.62639 ], [ -155.7501, 19.6272 ], [ -155.7509, 19.62719 ], [ -155.75486, 19.62955 ], [ -155.76502, 19.63218 ], [ -155.76888, 19.6322 ], [ -155.77255, 19.63361 ], [ -155.7767, 19.63597 ], [ -155.77983, 19.6384 ], [ -155.78061, 19.63956 ], [ -155.78147, 19.64186 ], [ -155.78298, 19.64403 ], [ -155.78794, 19.64964 ], [ -155.78912, 19.6506 ], [ -155.79245, 19.65121 ], [ -155.79337, 19.65082 ], [ -155.79394, 19.65095 ], [ -155.7946, 19.65172 ], [ -155.80109, 19.65045 ], [ -155.80477, 19.65023 ], [ -155.80555, 19.64985 ], [ -155.80915, 19.64953 ], [ -155.81139, 19.64979 ], [ -155.81254, 19.65031 ], [ -155.8134, 19.65182 ], [ -155.81504, 19.65222 ], [ -155.81662, 19.65515 ], [ -155.81803, 19.65608 ], [ -155.81895, 19.65731 ], [ -155.81884, 19.65916 ], [ -155.81866, 19.65972 ], [ -155.81814, 19.66001 ], [ -155.81806, 19.66299 ], [ -155.81764, 19.6642 ], [ -155.81929, 19.66516 ], [ -155.82085, 19.66782 ], [ -155.82153, 19.66805 ], [ -155.82301, 19.66763 ], [ -155.82458, 19.66884 ], [ -155.82614, 19.66909 ], [ -155.82605, 19.67072 ], [ -155.82736, 19.6718 ], [ -155.8278, 19.67265 ], [ -155.82726, 19.67476 ], [ -155.82729, 19.67666 ], [ -155.82813, 19.6774 ], [ -155.82889, 19.6787 ], [ -155.83048, 19.67886 ], [ -155.83078, 19.67985 ], [ -155.83136, 19.68038 ], [ -155.83138, 19.6812 ], [ -155.8342, 19.68178 ], [ -155.83426, 19.6825 ], [ -155.83542, 19.68357 ], [ -155.83803, 19.68526 ], [ -155.83805, 19.68651 ], [ -155.83859, 19.68696 ], [ -155.83941, 19.68703 ], [ -155.84202, 19.68818 ], [ -155.84368, 19.68829 ], [ -155.84749, 19.69112 ], [ -155.84904, 19.69133 ], [ -155.85045, 19.69227 ], [ -155.85294, 19.69226 ], [ -155.85361, 19.69303 ], [ -155.85476, 19.69356 ], [ -155.85708, 19.69275 ], [ -155.85944, 19.69269 ], [ -155.8603, 19.69347 ], [ -155.8604, 19.69424 ], [ -155.8625, 19.69447 ], [ -155.86366, 19.69565 ], [ -155.86536, 19.69555 ], [ -155.86631, 19.69596 ], [ -155.86736, 19.6952 ], [ -155.86781, 19.69524 ], [ -155.87036, 19.69619 ], [ -155.87101, 19.69673 ], [ -155.87134, 19.69753 ], [ -155.875, 19.69865 ], [ -155.87739, 19.70119 ], [ -155.87775, 19.70201 ], [ -155.88028, 19.7021 ], [ -155.88153, 19.70342 ], [ -155.88368, 19.7038 ], [ -155.88404, 19.70494 ], [ -155.88579, 19.70525 ], [ -155.88922, 19.70859 ], [ -155.88992, 19.70853 ], [ -155.88994, 19.70978 ], [ -155.89051, 19.70977 ], [ -155.89055, 19.71194 ], [ -155.89113, 19.7122 ], [ -155.89113, 19.71274 ], [ -155.89171, 19.71301 ], [ -155.89173, 19.71382 ], [ -155.89231, 19.71435 ], [ -155.89235, 19.71652 ], [ -155.89263, 19.71651 ], [ -155.89265, 19.71732 ], [ -155.89293, 19.71732 ], [ -155.89295, 19.71822 ], [ -155.86974, 19.71681 ], [ -155.84003, 19.70748 ], [ -155.81422, 19.70235 ], [ -155.74751, 19.67663 ], [ -155.7478, 19.67654 ], [ -155.74747, 19.67383 ], [ -155.74803, 19.67355 ], [ -155.74802, 19.67247 ], [ -155.74772, 19.6722 ], [ -155.74801, 19.6722 ], [ -155.74828, 19.67138 ], [ -155.74857, 19.67165 ], [ -155.74914, 19.67137 ], [ -155.7491, 19.6692 ], [ -155.74968, 19.66919 ], [ -155.74967, 19.66865 ], [ -155.75024, 19.66864 ], [ -155.75023, 19.6681 ], [ -155.75166, 19.66808 ], [ -155.75165, 19.66754 ], [ -155.75022, 19.66756 ], [ -155.74992, 19.66675 ], [ -155.74876, 19.66569 ], [ -155.7479, 19.66543 ], [ -155.74759, 19.66435 ], [ -155.74587, 19.66411 ], [ -155.74413, 19.66251 ], [ -155.74412, 19.66197 ], [ -155.74354, 19.66143 ], [ -155.74153, 19.66119 ], [ -155.74152, 19.66065 ], [ -155.74095, 19.66039 ], [ -155.74094, 19.65985 ], [ -155.74036, 19.65931 ], [ -155.73979, 19.65932 ], [ -155.7392, 19.65879 ], [ -155.7392, 19.65825 ], [ -155.73862, 19.65826 ], [ -155.73804, 19.65745 ], [ -155.73747, 19.65746 ], [ -155.73774, 19.65665 ], [ -155.73688, 19.65639 ], [ -155.73715, 19.65557 ], [ -155.73686, 19.65558 ], [ -155.73685, 19.65476 ], [ -155.73656, 19.65477 ], [ -155.73623, 19.65179 ], [ -155.73536, 19.65153 ], [ -155.73535, 19.65072 ], [ -155.73448, 19.65019 ], [ -155.73446, 19.64884 ], [ -155.73388, 19.64858 ], [ -155.73387, 19.64777 ], [ -155.73097, 19.6451 ], [ -155.7304, 19.64511 ], [ -155.72981, 19.64431 ], [ -155.72924, 19.64431 ], [ -155.72864, 19.6427 ], [ -155.72777, 19.64217 ], [ -155.72776, 19.64163 ], [ -155.72861, 19.64107 ], [ -155.72859, 19.63999 ], [ -155.72888, 19.63999 ], [ -155.72887, 19.63917 ], [ -155.72829, 19.63891 ], [ -155.72857, 19.63864 ], [ -155.72826, 19.63729 ], [ -155.72769, 19.6373 ], [ -155.72768, 19.63675 ], [ -155.72711, 19.63676 ], [ -155.72624, 19.63596 ], [ -155.72622, 19.63488 ], [ -155.72564, 19.63435 ], [ -155.72563, 19.63381 ], [ -155.72447, 19.63301 ], [ -155.72446, 19.6322 ], [ -155.7233, 19.63113 ], [ -155.72186, 19.63088 ], [ -155.72099, 19.62981 ], [ -155.72042, 19.62982 ], [ -155.7201, 19.6282 ], [ -155.71953, 19.62821 ], [ -155.71721, 19.62608 ], [ -155.71661, 19.62446 ], [ -155.71489, 19.62422 ], [ -155.7149, 19.62449 ], [ -155.71404, 19.6245 ], [ -155.71374, 19.62396 ], [ -155.71317, 19.62397 ], [ -155.71287, 19.62316 ], [ -155.7123, 19.62317 ], [ -155.71229, 19.62263 ], [ -155.71171, 19.6221 ], [ -155.71114, 19.62211 ], [ -155.70969, 19.62077 ], [ -155.70967, 19.61996 ], [ -155.70938, 19.61969 ], [ -155.70795, 19.61972 ], [ -155.70795, 19.61945 ], [ -155.70709, 19.61919 ], [ -155.70708, 19.61865 ], [ -155.70592, 19.61785 ], [ -155.70587, 19.61487 ], [ -155.70559, 19.61488 ], [ -155.70528, 19.6138 ], [ -155.705, 19.6138 ], [ -155.70469, 19.61272 ], [ -155.70324, 19.61139 ], [ -155.70181, 19.61141 ], [ -155.70153, 19.61169 ], [ -155.70153, 19.61142 ], [ -155.7001, 19.61144 ], [ -155.69894, 19.61037 ], [ -155.69836, 19.61038 ], [ -155.69778, 19.60985 ], [ -155.69777, 19.60903 ], [ -155.69806, 19.60903 ], [ -155.69774, 19.60741 ], [ -155.69688, 19.60715 ], [ -155.69543, 19.60555 ], [ -155.69142, 19.60534 ], [ -155.69055, 19.60427 ], [ -155.68997, 19.60427 ], [ -155.68939, 19.60374 ], [ -155.68854, 19.60375 ], [ -155.68796, 19.60322 ], [ -155.68681, 19.60324 ], [ -155.6868, 19.6027 ], [ -155.68566, 19.60271 ], [ -155.64163, 19.53185 ] ] ] ] } },
{ "type": "Feature", "properties": { "unit_id": "U-073", "name": "Kamehameha Schools", "type": "Major Landowner", "area_ha": 765.7, "c_firevuln": 0.0, "c_consval": 0.0, "c_commval": 0.0, "c_respmgmt": 50.0, "c_prevmgmt": 18.0 }, "geometry": { "type": "Polygon", "coordinates": [ [ [ -155.74751, 19.67663 ], [ -155.7314, 19.67046 ], [ -155.7311, 19.66975 ], [ -155.73053, 19.66976 ], [ -155.73022, 19.66841 ], [ -155.73107, 19.66812 ], [ -155.73107, 19.66785 ], [ -155.73249, 19.66756 ], [ -155.73277, 19.66701 ], [ -155.73334, 19.66701 ], [ -155.73333, 19.66646 ], [ -155.73362, 19.66646 ], [ -155.73358, 19.66429 ], [ -155.73387, 19.66429 ], [ -155.73385, 19.66348 ], [ -155.73414, 19.66347 ], [ -155.73411, 19.66158 ], [ -155.73353, 19.66131 ], [ -155.73351, 19.66023 ], [ -155.73293, 19.65997 ], [ -155.73291, 19.65834 ], [ -155.73262, 19.65835 ], [ -155.7323, 19.65646 ], [ -155.73144, 19.65593 ], [ -155.73142, 19.65512 ], [ -155.73027, 19.65432 ], [ -155.72996, 19.65297 ], [ -155.7288, 19.65218 ], [ -155.72878, 19.65109 ], [ -155.72821, 19.6511 ], [ -155.72819, 19.65002 ], [ -155.72762, 19.65003 ], [ -155.7276, 19.64894 ], [ -155.72702, 19.64868 ], [ -155.72701, 19.64787 ], [ -155.72672, 19.64787 ], [ -155.72668, 19.64517 ], [ -155.72553, 19.64491 ], [ -155.72465, 19.64357 ], [ -155.72265, 19.64333 ], [ -155.72235, 19.64252 ], [ -155.72177, 19.64226 ], [ -155.72203, 19.6409 ], [ -155.72058, 19.63957 ], [ -155.71972, 19.63958 ], [ -155.71945, 19.64013 ], [ -155.71687, 19.6399 ], [ -155.71685, 19.63854 ], [ -155.71569, 19.63748 ], [ -155.71567, 19.63666 ], [ -155.71364, 19.63507 ], [ -155.71333, 19.63345 ], [ -155.71217, 19.63265 ], [ -155.71187, 19.63158 ], [ -155.71071, 19.63051 ], [ -155.71014, 19.63052 ], [ -155.70956, 19.62998 ], [ -155.70954, 19.62917 ], [ -155.70838, 19.62811 ], [ -155.70835, 19.62648 ], [ -155.7072, 19.62569 ], [ -155.70718, 19.6246 ], [ -155.70746, 19.62433 ], [ -155.70717, 19.62433 ], [ -155.70686, 19.62244 ], [ -155.70599, 19.62218 ], [ -155.70599, 19.62164 ], [ -155.70424, 19.62004 ], [ -155.70339, 19.62006 ], [ -155.70308, 19.61871 ], [ -155.70193, 19.61872 ], [ -155.70135, 19.61819 ], [ -155.7005, 19.6182 ], [ -155.7002, 19.61739 ], [ -155.69934, 19.61714 ], [ -155.69759, 19.61527 ], [ -155.69416, 19.61505 ], [ -155.69328, 19.61398 ], [ -155.69271, 19.61399 ], [ -155.68548, 19.60245 ], [ -155.68566, 19.60271 ], [ -155.6868, 19.6027 ], [ -155.68681, 19.60324 ], [ -155.68796, 19.60322 ], [ -155.68854, 19.60375 ], [ -155.68939, 19.60374 ], [ -155.68997, 19.60427 ], [ -155.69055, 19.60427 ], [ -155.69142, 19.60534 ], [ -155.69543, 19.60555 ], [ -155.69688, 19.60715 ], [ -155.69774, 19.60741 ], [ -155.69806, 19.60903 ], [ -155.69777, 19.60903 ], [ -155.69778, 19.60985 ], [ -155.69836, 19.61038 ], [ -155.69894, 19.61037 ], [ -155.7001, 19.61144 ], [ -155.70153, 19.61142 ], [ -155.70153, 19.61169 ], [ -155.70181, 19.61141 ], [ -155.70324, 19.61139 ], [ -155.70469, 19.61272 ], [ -155.705, 19.6138 ], [ -155.70528, 19.6138 ], [ -155.70559, 19.61488 ], [ -155.70587, 19.61487 ], [ -155.70592, 19.61785 ], [ -155.70708, 19.61865 ], [ -155.70738, 19.61945 ], [ -155.70938, 19.61969 ], [ -155.70967, 19.61996 ], [ -155.70969, 19.62077 ], [ -155.71114, 19.62211 ], [ -155.71171, 19.6221 ], [ -155.71229, 19.62263 ], [ -155.7123, 19.62317 ], [ -155.71287, 19.62316 ], [ -155.71317, 19.62397 ], [ -155.71374, 19.62396 ], [ -155.71404, 19.6245 ], [ -155.71575, 19.6242 ], [ -155.71575, 19.62447 ], [ -155.7169, 19.62473 ], [ -155.71721, 19.62608 ], [ -155.71953, 19.62821 ], [ -155.7201, 19.6282 ], [ -155.72042, 19.62982 ], [ -155.72099, 19.62981 ], [ -155.72186, 19.63088 ], [ -155.7233, 19.63113 ], [ -155.72446, 19.6322 ], [ -155.72447, 19.63301 ], [ -155.72563, 19.63381 ], [ -155.72564, 19.63435 ], [ -155.72622, 19.63488 ], [ -155.72624, 19.63596 ], [ -155.72711, 19.63676 ], [ -155.72768, 19.63675 ], [ -155.72769, 19.6373 ], [ -155.72826, 19.63729 ], [ -155.72857, 19.63864 ], [ -155.72829, 19.63891 ], [ -155.72887, 19.63917 ], [ -155.72888, 19.63999 ], [ -155.72859, 19.63999 ], [ -155.72861, 19.64107 ], [ -155.72776, 19.64163 ], [ -155.72777, 19.64217 ], [ -155.72864, 19.6427 ], [ -155.72924, 19.64431 ], [ -155.72981, 19.64431 ], [ -155.7304, 19.64511 ], [ -155.73097, 19.6451 ], [ -155.73387, 19.64777 ], [ -155.73388, 19.64858 ], [ -155.73446, 19.64884 ], [ -155.73448, 19.65019 ], [ -155.73535, 19.65072 ], [ -155.73536, 19.65153 ], [ -155.73623, 19.65179 ], [ -155.73656, 19.65477 ], [ -155.73685, 19.65476 ], [ -155.73686, 19.65558 ], [ -155.73715, 19.65557 ], [ -155.73688, 19.65639 ], [ -155.73774, 19.65665 ], [ -155.73747, 19.65746 ], [ -155.73804, 19.65745 ], [ -155.73862, 19.65826 ], [ -155.7392, 19.65825 ], [ -155.7392, 19.65879 ], [ -155.73979, 19.65932 ], [ -155.74036, 19.65931 ], [ -155.74094, 19.65985 ], [ -155.74095, 19.66039 ], [ -155.74152, 19.66065 ], [ -155.74153, 19.66119 ], [ -155.74354, 19.66143 ], [ -155.74412, 19.66197 ], [ -155.74413, 19.66251 ], [ -155.74587, 19.66411 ], [ -155.74759, 19.66435 ], [ -155.7479, 19.66543 ], [ -155.74876, 19.66569 ], [ -155.74992, 19.66675 ], [ -155.75022, 19.66756 ], [ -155.75165, 19.66754 ], [ -155.75166, 19.66808 ], [ -155.75023, 19.6681 ], [ -155.75024, 19.66864 ], [ -155.74967, 19.66865 ], [ -155.74968, 19.66919 ], [ -155.7491, 19.6692 ], [ -155.74914, 19.67137 ], [ -155.74857, 19.67165 ], [ -155.74828, 19.67138 ], [ -155.74801, 19.6722 ], [ -155.74772, 19.6722 ], [ -155.74802, 19.67247 ], [ -155.74803, 19.67355 ], [ -155.74747, 19.67383 ], [ -155.7478, 19.67654 ], [ -155.74751, 19.67663 ] ] ] } },
{ "type": "Feature", "properties": { "unit_id": "U-074", "name": "Kamehameha Schools", "type": "Major Landowner", "area_ha": 513.0, "c_firevuln": 43.0, "c_consval": 18.0, "c_commval": 0.0, "c_respmgmt": 52.0, "c_prevmgmt": 55.0 }, "geometry": { "type": "Polygon", "coordinates": [ [ [ -155.91243, 19.72025 ], [ -155.91185, 19.71972 ], [ -155.91242, 19.71971 ], [ -155.91242, 19.71931 ], [ -155.91374, 19.7193 ], [ -155.91452, 19.71974 ], [ -155.91647, 19.72181 ], [ -155.91733, 19.72207 ], [ -155.91763, 19.72288 ], [ -155.9182, 19.72287 ], [ -155.91879, 19.72367 ], [ -155.91936, 19.72366 ], [ -155.92286, 19.72713 ], [ -155.92343, 19.72712 ], [ -155.92401, 19.72765 ], [ -155.92402, 19.72819 ], [ -155.9246, 19.72845 ], [ -155.92491, 19.7298 ], [ -155.92635, 19.73059 ], [ -155.92666, 19.73194 ], [ -155.92695, 19.73193 ], [ -155.92725, 19.73301 ], [ -155.92754, 19.73301 ], [ -155.92755, 19.73382 ], [ -155.92784, 19.73381 ], [ -155.92786, 19.7349 ], [ -155.92815, 19.73489 ], [ -155.92822, 19.73923 ], [ -155.92939, 19.74029 ], [ -155.92941, 19.74137 ], [ -155.93173, 19.74323 ], [ -155.93175, 19.74431 ], [ -155.93233, 19.74457 ], [ -155.93234, 19.74539 ], [ -155.93467, 19.74752 ], [ -155.93498, 19.74914 ], [ -155.93586, 19.74993 ], [ -155.93587, 19.75047 ], [ -155.9379, 19.75207 ], [ -155.93791, 19.75288 ], [ -155.93849, 19.75314 ], [ -155.9388, 19.75422 ], [ -155.93966, 19.75475 ], [ -155.9397, 19.75664 ], [ -155.94203, 19.75877 ], [ -155.94176, 19.75986 ], [ -155.94205, 19.75985 ], [ -155.94211, 19.7631 ], [ -155.94239, 19.7631 ], [ -155.9427, 19.76418 ], [ -155.94386, 19.76497 ], [ -155.94387, 19.76548 ], [ -155.93899, 19.76661 ], [ -155.93578, 19.76804 ], [ -155.93259, 19.76869 ], [ -155.93192, 19.76919 ], [ -155.93163, 19.76896 ], [ -155.9316, 19.76761 ], [ -155.93044, 19.76681 ], [ -155.93042, 19.76573 ], [ -155.93014, 19.76574 ], [ -155.93012, 19.76492 ], [ -155.92984, 19.76493 ], [ -155.92978, 19.76195 ], [ -155.92862, 19.76116 ], [ -155.9286, 19.7598 ], [ -155.92802, 19.75954 ], [ -155.92801, 19.75873 ], [ -155.92685, 19.75794 ], [ -155.92683, 19.75712 ], [ -155.92626, 19.75686 ], [ -155.92618, 19.7528 ], [ -155.92473, 19.75174 ], [ -155.92472, 19.75093 ], [ -155.92356, 19.75013 ], [ -155.92355, 19.74932 ], [ -155.92268, 19.7488 ], [ -155.92266, 19.74798 ], [ -155.92208, 19.74745 ], [ -155.92202, 19.7442 ], [ -155.92174, 19.74421 ], [ -155.92172, 19.74312 ], [ -155.92143, 19.74313 ], [ -155.92125, 19.73311 ], [ -155.92096, 19.73311 ], [ -155.92095, 19.7323 ], [ -155.92037, 19.73204 ], [ -155.92036, 19.73123 ], [ -155.91687, 19.72804 ], [ -155.91648, 19.72263 ], [ -155.91562, 19.72237 ], [ -155.91561, 19.7221 ], [ -155.91447, 19.72212 ], [ -155.91418, 19.72185 ], [ -155.91418, 19.72212 ], [ -155.91361, 19.72213 ], [ -155.91361, 19.72186 ], [ -155.91304, 19.72187 ], [ -155.91245, 19.72134 ], [ -155.91243, 19.72025 ] ] ] } },
{ "type": "Feature", "properties": { "unit_id": "U-075", "name": "Kamehameha Schools", "type": "Major Landowner", "area_ha": 655.6, "c_firevuln": 50.0, "c_consval": 11.0, "c_commval": 0.0, "c_respmgmt": 53.0, "c_prevmgmt": 56.0 }, "geometry": { "type": "Polygon", "coordinates": [ [ [ -155.91733, 19.72207 ], [ -155.91895, 19.72116 ], [ -155.92138, 19.72052 ], [ -155.92287, 19.72074 ], [ -155.92538, 19.72456 ], [ -155.92713, 19.72478 ], [ -155.93054, 19.72748 ], [ -155.93132, 19.72938 ], [ -155.93214, 19.72993 ], [ -155.93227, 19.73114 ], [ -155.93522, 19.73153 ], [ -155.93901, 19.73444 ], [ -155.94094, 19.73429 ], [ -155.9413, 19.73486 ], [ -155.94102, 19.73495 ], [ -155.94103, 19.73549 ], [ -155.94131, 19.73549 ], [ -155.94133, 19.73657 ], [ -155.94191, 19.73656 ], [ -155.94249, 19.7371 ], [ -155.9425, 19.73791 ], [ -155.94337, 19.73844 ], [ -155.94338, 19.73898 ], [ -155.94425, 19.7395 ], [ -155.94426, 19.74005 ], [ -155.94484, 19.74058 ], [ -155.94571, 19.74138 ], [ -155.94628, 19.74137 ], [ -155.94687, 19.74217 ], [ -155.94744, 19.74216 ], [ -155.9489, 19.74349 ], [ -155.94891, 19.7443 ], [ -155.95007, 19.7451 ], [ -155.9504, 19.74753 ], [ -155.95127, 19.74805 ], [ -155.95158, 19.7494 ], [ -155.95245, 19.7502 ], [ -155.95302, 19.75019 ], [ -155.95361, 19.75072 ], [ -155.95362, 19.75154 ], [ -155.95448, 19.75179 ], [ -155.95479, 19.7526 ], [ -155.95594, 19.75339 ], [ -155.95596, 19.75421 ], [ -155.95654, 19.75447 ], [ -155.9563, 19.75691 ], [ -155.95688, 19.75744 ], [ -155.95696, 19.76177 ], [ -155.95724, 19.76177 ], [ -155.95725, 19.76227 ], [ -155.94387, 19.76548 ], [ -155.94386, 19.76497 ], [ -155.9427, 19.76418 ], [ -155.94239, 19.7631 ], [ -155.94211, 19.7631 ], [ -155.94205, 19.75985 ], [ -155.94176, 19.75986 ], [ -155.94203, 19.75877 ], [ -155.9397, 19.75664 ], [ -155.93966, 19.75475 ], [ -155.9388, 19.75422 ], [ -155.93849, 19.75314 ], [ -155.93791, 19.75288 ], [ -155.9379, 19.75207 ], [ -155.93587, 19.75047 ], [ -155.93586, 19.74993 ], [ -155.93498, 19.74914 ], [ -155.93467, 19.74752 ], [ -155.93234, 19.74539 ], [ -155.93233, 19.74457 ], [ -155.93175, 19.74431 ], [ -155.93173, 19.74323 ], [ -155.92941, 19.74137 ], [ -155.92939, 19.74029 ], [ -155.92822, 19.73923 ], [ -155.92815, 19.73489 ], [ -155.92786, 19.7349 ], [ -155.92784, 19.73381 ], [ -155.92755, 19.73382 ], [ -155.92754, 19.73301 ], [ -155.92725, 19.73301 ], [ -155.92695, 19.73193 ], [ -155.92666, 19.73194 ], [ -155.92635, 19.73059 ], [ -155.92491, 19.7298 ], [ -155.9246, 19.72845 ], [ -155.92402, 19.72819 ], [ -155.92401, 19.72765 ], [ -155.92343, 19.72712 ], [ -155.92286, 19.72713 ], [ -155.91936, 19.72366 ], [ -155.91879, 19.72367 ], [ -155.9182, 19.72287 ], [ -155.91763, 19.72288 ], [ -155.91733, 19.72207 ] ] ] } },
{ "type": "Feature", "properties": { "unit_id": "U-076", "name": "Kamehameha Schools", "type": "Major Landowner", "area_ha": 157.3, "c_firevuln": 50.0, "c_consval": 0.0, "c_commval": 0.0, "c_respmgmt": 44.0, "c_prevmgmt": 55.0 }, "geometry": { "type": "Polygon", "coordinates": [ [ [ -155.95655, 19.75528 ], [ -155.95654, 19.75447 ], [ -155.95596, 19.75421 ], [ -155.95594, 19.75339 ], [ -155.95479, 19.7526 ], [ -155.95448, 19.75179 ], [ -155.95362, 19.75154 ], [ -155.95361, 19.75072 ], [ -155.95302, 19.75019 ], [ -155.95245, 19.7502 ], [ -155.95158, 19.7494 ], [ -155.95127, 19.74805 ], [ -155.9504, 19.74753 ], [ -155.95007, 19.7451 ], [ -155.94891, 19.7443 ], [ -155.9489, 19.74349 ], [ -155.94744, 19.74216 ], [ -155.94687, 19.74217 ], [ -155.94628, 19.74137 ], [ -155.94571, 19.74138 ], [ -155.94426, 19.74005 ], [ -155.94425, 19.7395 ], [ -155.94512, 19.7403 ], [ -155.94569, 19.74029 ], [ -155.94628, 19.7411 ], [ -155.94714, 19.74108 ], [ -155.94743, 19.74162 ], [ -155.94829, 19.7416 ], [ -155.95091, 19.744 ], [ -155.95092, 19.74481 ], [ -155.95121, 19.74508 ], [ -155.95236, 19.74506 ], [ -155.95294, 19.74559 ], [ -155.95295, 19.74613 ], [ -155.95382, 19.74666 ], [ -155.95383, 19.7472 ], [ -155.9544, 19.74719 ], [ -155.95557, 19.74853 ], [ -155.95871, 19.74847 ], [ -155.95959, 19.74954 ], [ -155.96217, 19.74977 ], [ -155.96218, 19.75004 ], [ -155.96561, 19.74998 ], [ -155.96561, 19.75026 ], [ -155.96647, 19.75024 ], [ -155.96705, 19.75077 ], [ -155.96706, 19.75131 ], [ -155.96878, 19.75129 ], [ -155.96878, 19.75156 ], [ -155.96935, 19.75155 ], [ -155.97023, 19.75235 ], [ -155.97269, 19.75313 ], [ -155.97044, 19.75482 ], [ -155.96752, 19.75562 ], [ -155.96602, 19.75639 ], [ -155.96179, 19.76021 ], [ -155.96178, 19.7598 ], [ -155.95655, 19.75528 ] ] ] } },
{ "type": "Feature", "properties": { "unit_id": "U-077", "name": "Kamehameha Schools", "type": "Major Landowner", "area_ha": 621.3, "c_firevuln": 0.0, "c_consval": 0.0, "c_commval": 0.0, "c_respmgmt": 50.0, "c_prevmgmt": 20.0 }, "geometry": { "type": "MultiPolygon", "coordinates": [ [ [ [ -155.69249, 19.61372 ], [ -155.69328, 19.61398 ], [ -155.69416, 19.61505 ], [ -155.69759, 19.61527 ], [ -155.69934, 19.61714 ], [ -155.7002, 19.61739 ], [ -155.7005, 19.6182 ], [ -155.70135, 19.61819 ], [ -155.70193, 19.61872 ], [ -155.70308, 19.61871 ], [ -155.70339, 19.62006 ], [ -155.70424, 19.62004 ], [ -155.70599, 19.62164 ], [ -155.70599, 19.62218 ], [ -155.70686, 19.62244 ], [ -155.70717, 19.62433 ], [ -155.70746, 19.62433 ], [ -155.70718, 19.6246 ], [ -155.7072, 19.62569 ], [ -155.70835, 19.62648 ], [ -155.70838, 19.62811 ], [ -155.70954, 19.62917 ], [ -155.70956, 19.62998 ], [ -155.71014, 19.63052 ], [ -155.71071, 19.63051 ], [ -155.71187, 19.63158 ], [ -155.71217, 19.63265 ], [ -155.71333, 19.63345 ], [ -155.71364, 19.63507 ], [ -155.71567, 19.63666 ], [ -155.71569, 19.63748 ], [ -155.71685, 19.63854 ], [ -155.71687, 19.6399 ], [ -155.71945, 19.64013 ], [ -155.71972, 19.63958 ], [ -155.72058, 19.63957 ], [ -155.72203, 19.6409 ], [ -155.72177, 19.64226 ], [ -155.72235, 19.64252 ], [ -155.72265, 19.64333 ], [ -155.72465, 19.64357 ], [ -155.72553, 19.64491 ], [ -155.72668, 19.64517 ], [ -155.72672, 19.64787 ], [ -155.72701, 19.64787 ], [ -155.72702, 19.64868 ], [ -155.7276, 19.64894 ], [ -155.72762, 19.65003 ], [ -155.72819, 19.65002 ], [ -155.72821, 19.6511 ], [ -155.72878, 19.65109 ], [ -155.7288, 19.65218 ], [ -155.72996, 19.65297 ], [ -155.73027, 19.65432 ], [ -155.73142, 19.65512 ], [ -155.73144, 19.65593 ], [ -155.7323, 19.65646 ], [ -155.73262, 19.65835 ], [ -155.73291, 19.65834 ], [ -155.73293, 19.65997 ], [ -155.73351, 19.66023 ], [ -155.73353, 19.66131 ], [ -155.73411, 19.66158 ], [ -155.73414, 19.66347 ], [ -155.73385, 19.66348 ], [ -155.73387, 19.66429 ], [ -155.73358, 19.66429 ], [ -155.73362, 19.66646 ], [ -155.73333, 19.66646 ], [ -155.73334, 19.66701 ], [ -155.73277, 19.66701 ], [ -155.73249, 19.66756 ], [ -155.73107, 19.66785 ], [ -155.73107, 19.66812 ], [ -155.73022, 19.66841 ], [ -155.73053, 19.66976 ], [ -155.7311, 19.66975 ], [ -155.7314, 19.67046 ], [ -155.72627, 19.66857 ], [ -155.69249, 19.61372 ] ] ], [ [ [ -155.69241, 19.6136 ], [ -155.69241, 19.61345 ], [ -155.69242, 19.6136 ], [ -155.69241, 19.6136 ] ] ] ] } },
{ "type": "Feature", "properties": { "unit_id": "U-078", "name": "Kamehameha Schools", "type": "Major Landowner", "area_ha": 68.7, "c_firevuln": 41.0, "c_consval": 12.0, "c_commval": 0.0, "c_respmgmt": 44.0, "c_prevmgmt": 62.0 }, "geometry": { "type": "Polygon", "coordinates": [ [ [ -155.94512, 19.7403 ], [ -155.9425, 19.73791 ], [ -155.94249, 19.7371 ], [ -155.94191, 19.73656 ], [ -155.94133, 19.73657 ], [ -155.94102, 19.73495 ], [ -155.94434, 19.73606 ], [ -155.94467, 19.73683 ], [ -155.94634, 19.7369 ], [ -155.94793, 19.73777 ], [ -155.94849, 19.73821 ], [ -155.95029, 19.74157 ], [ -155.95465, 19.74529 ], [ -155.96432, 19.74902 ], [ -155.96622, 19.75003 ], [ -155.96789, 19.75037 ], [ -155.96954, 19.75155 ], [ -155.96964, 19.75181 ], [ -155.96878, 19.75156 ], [ -155.96878, 19.75129 ], [ -155.96706, 19.75131 ], [ -155.96705, 19.75077 ], [ -155.96647, 19.75024 ], [ -155.96561, 19.75026 ], [ -155.96561, 19.74998 ], [ -155.96218, 19.75004 ], [ -155.96217, 19.74977 ], [ -155.95959, 19.74954 ], [ -155.95871, 19.74847 ], [ -155.95557, 19.74853 ], [ -155.9544, 19.74719 ], [ -155.95383, 19.7472 ], [ -155.95382, 19.74666 ], [ -155.95295, 19.74613 ], [ -155.95294, 19.74559 ], [ -155.95236, 19.74506 ], [ -155.95121, 19.74508 ], [ -155.95092, 19.74481 ], [ -155.95091, 19.744 ], [ -155.94829, 19.7416 ], [ -155.94743, 19.74162 ], [ -155.94714, 19.74108 ], [ -155.94628, 19.7411 ], [ -155.94569, 19.74029 ], [ -155.94512, 19.7403 ] ] ] } },
{ "type": "Feature", "properties": { "unit_id": "U-079", "name": "Kamehameha Schools", "type": "Major Landowner", "area_ha": 159.5, "c_firevuln": 18.0, "c_consval": 50.0, "c_commval": 0.0, "c_respmgmt": 54.0, "c_prevmgmt": 32.0 }, "geometry": { "type": "MultiPolygon", "coordinates": [ [ [ [ -155.71344, 19.60588 ], [ -155.71453, 19.60641 ], [ -155.71791, 19.60678 ], [ -155.72352, 19.60954 ], [ -155.72922, 19.61081 ], [ -155.73313, 19.61259 ], [ -155.73922, 19.61878 ], [ -155.74151, 19.61954 ], [ -155.74611, 19.62214 ], [ -155.74837, 19.62494 ], [ -155.7509, 19.62719 ], [ -155.7501, 19.6272 ], [ -155.7498, 19.62639 ], [ -155.74608, 19.62618 ], [ -155.74608, 19.62591 ], [ -155.74493, 19.62566 ], [ -155.74464, 19.62539 ], [ -155.74463, 19.62458 ], [ -155.74376, 19.62405 ], [ -155.74374, 19.6227 ], [ -155.74316, 19.62216 ], [ -155.73944, 19.62222 ], [ -155.73944, 19.62195 ], [ -155.73772, 19.62197 ], [ -155.73743, 19.62144 ], [ -155.73657, 19.62145 ], [ -155.73655, 19.62037 ], [ -155.73598, 19.6201 ], [ -155.73596, 19.61929 ], [ -155.73539, 19.61903 ], [ -155.73566, 19.61821 ], [ -155.73451, 19.61796 ], [ -155.73451, 19.61769 ], [ -155.73365, 19.6177 ], [ -155.73364, 19.61716 ], [ -155.73336, 19.61744 ], [ -155.73136, 19.61747 ], [ -155.7299, 19.61586 ], [ -155.72847, 19.61588 ], [ -155.7276, 19.61509 ], [ -155.72703, 19.61509 ], [ -155.72619, 19.61592 ], [ -155.72533, 19.61593 ], [ -155.72503, 19.61539 ], [ -155.72389, 19.61514 ], [ -155.72388, 19.6146 ], [ -155.72245, 19.61489 ], [ -155.72158, 19.61409 ], [ -155.72157, 19.61328 ], [ -155.72128, 19.61328 ], [ -155.72097, 19.61193 ], [ -155.7201, 19.61114 ], [ -155.7181, 19.61089 ], [ -155.71751, 19.61009 ], [ -155.71665, 19.6101 ], [ -155.71491, 19.60851 ], [ -155.7149, 19.60769 ], [ -155.71433, 19.6077 ], [ -155.71432, 19.60743 ], [ -155.71346, 19.60717 ], [ -155.71344, 19.60588 ] ] ], [ [ [ -155.71315, 19.60576 ], [ -155.71331, 19.60582 ], [ -155.71315, 19.60582 ], [ -155.71315, 19.60576 ] ] ] ] } },
{ "type": "Feature", "properties": { "unit_id": "U-080", "name": "Pohakuloa", "type": "Major Landowner", "area_ha": 199.5, "c_firevuln": 6.0, "c_consval": 0.0, "c_commval": 0.0, "c_respmgmt": 50.0, "c_prevmgmt": 27.0 }, "geometry": { "type": "Polygon", "coordinates": [ [ [ -155.66946, 19.59076 ], [ -155.66772, 19.58971 ], [ -155.66771, 19.58917 ], [ -155.66714, 19.58917 ], [ -155.66598, 19.58811 ], [ -155.66595, 19.58594 ], [ -155.66392, 19.58407 ], [ -155.66334, 19.58408 ], [ -155.66247, 19.58301 ], [ -155.6619, 19.58302 ], [ -155.66074, 19.58195 ], [ -155.66072, 19.58087 ], [ -155.66043, 19.5806 ], [ -155.65843, 19.58091 ], [ -155.65843, 19.58063 ], [ -155.65757, 19.58065 ], [ -155.65757, 19.58038 ], [ -155.65642, 19.58002 ], [ -155.67159, 19.58001 ], [ -155.68548, 19.60245 ], [ -155.68451, 19.60219 ], [ -155.68421, 19.60165 ], [ -155.68335, 19.60139 ], [ -155.68334, 19.60085 ], [ -155.68248, 19.60032 ], [ -155.68246, 19.59951 ], [ -155.68189, 19.59925 ], [ -155.68188, 19.59871 ], [ -155.68073, 19.59845 ], [ -155.68043, 19.59764 ], [ -155.67786, 19.59768 ], [ -155.67785, 19.59714 ], [ -155.67671, 19.59716 ], [ -155.67612, 19.59635 ], [ -155.67498, 19.59637 ], [ -155.67382, 19.59531 ], [ -155.67381, 19.59476 ], [ -155.67178, 19.5929 ], [ -155.67092, 19.59291 ], [ -155.67062, 19.5921 ], [ -155.66947, 19.59131 ], [ -155.66946, 19.59076 ] ] ] } },
{ "type": "Feature", "properties": { "unit_id": "U-081", "name": "Pohakuloa", "type": "Major Landowner", "area_ha": 28634.8, "c_firevuln": 14.0, "c_consval": 0.0, "c_commval": 0.0, "c_respmgmt": 41.0, "c_prevmgmt": 40.0 }, "geometry": { "type": "Polygon", "coordinates": [ [ [ -155.62607, 19.79203 ], [ -155.61688, 19.78304 ], [ -155.61485, 19.78171 ], [ -155.61218, 19.78086 ], [ -155.59799, 19.77854 ], [ -155.59605, 19.77788 ], [ -155.59424, 19.77679 ], [ -155.58493, 19.76894 ], [ -155.58343, 19.76799 ], [ -155.58136, 19.76721 ], [ -155.55332, 19.76356 ], [ -155.55056, 19.76306 ], [ -155.54519, 19.76144 ], [ -155.53507, 19.76013 ], [ -155.53213, 19.75844 ], [ -155.5301, 19.75551 ], [ -155.52915, 19.75106 ], [ -155.52794, 19.74866 ], [ -155.52594, 19.74701 ], [ -155.51819, 19.74459 ], [ -155.51664, 19.74379 ], [ -155.50256, 19.73046 ], [ -155.50168, 19.72917 ], [ -155.5007, 19.72549 ], [ -155.49958, 19.72388 ], [ -155.49349, 19.71755 ], [ -155.48896, 19.71149 ], [ -155.48895, 19.7112 ], [ -155.48924, 19.71119 ], [ -155.48922, 19.71038 ], [ -155.48864, 19.70985 ], [ -155.48779, 19.70986 ], [ -155.48778, 19.70959 ], [ -155.48721, 19.70943 ], [ -155.48746, 19.70715 ], [ -155.4883, 19.70633 ], [ -155.4883, 19.70606 ], [ -155.48744, 19.7058 ], [ -155.4877, 19.70444 ], [ -155.48913, 19.70442 ], [ -155.48941, 19.70387 ], [ -155.49027, 19.70386 ], [ -155.49026, 19.70359 ], [ -155.49141, 19.70385 ], [ -155.49198, 19.7033 ], [ -155.49197, 19.70276 ], [ -155.49253, 19.70248 ], [ -155.49253, 19.70193 ], [ -155.49309, 19.70166 ], [ -155.49336, 19.70003 ], [ -155.49392, 19.69975 ], [ -155.49389, 19.69758 ], [ -155.4936, 19.69759 ], [ -155.49359, 19.69677 ], [ -155.49301, 19.69651 ], [ -155.49301, 19.69597 ], [ -155.49386, 19.69596 ], [ -155.49386, 19.69541 ], [ -155.49328, 19.69542 ], [ -155.49326, 19.69407 ], [ -155.49298, 19.69407 ], [ -155.49297, 19.6938 ], [ -155.49383, 19.69352 ], [ -155.49381, 19.69271 ], [ -155.49296, 19.69272 ], [ -155.49323, 19.6919 ], [ -155.49266, 19.69191 ], [ -155.49207, 19.6911 ], [ -155.4915, 19.69111 ], [ -155.49148, 19.68976 ], [ -155.49062, 19.68977 ], [ -155.49061, 19.68896 ], [ -155.49032, 19.68896 ], [ -155.49089, 19.68841 ], [ -155.49058, 19.68679 ], [ -155.49143, 19.68678 ], [ -155.49144, 19.68705 ], [ -155.49229, 19.68677 ], [ -155.49227, 19.68568 ], [ -155.49399, 19.68539 ], [ -155.49455, 19.68484 ], [ -155.49454, 19.6843 ], [ -155.49483, 19.68429 ], [ -155.49481, 19.68294 ], [ -155.49537, 19.68239 ], [ -155.49479, 19.68186 ], [ -155.49477, 19.68077 ], [ -155.49534, 19.68022 ], [ -155.49591, 19.68022 ], [ -155.4959, 19.67994 ], [ -155.49762, 19.67992 ], [ -155.4979, 19.67937 ], [ -155.49847, 19.67937 ], [ -155.49874, 19.67855 ], [ -155.49903, 19.67855 ], [ -155.49929, 19.67665 ], [ -155.49985, 19.6761 ], [ -155.50128, 19.67608 ], [ -155.50156, 19.6758 ], [ -155.50127, 19.67526 ], [ -155.50183, 19.67471 ], [ -155.5024, 19.67471 ], [ -155.5024, 19.67444 ], [ -155.50383, 19.67469 ], [ -155.50383, 19.67442 ], [ -155.50468, 19.6744 ], [ -155.50468, 19.67386 ], [ -155.50525, 19.67385 ], [ -155.50581, 19.67303 ], [ -155.50666, 19.67302 ], [ -155.50724, 19.67356 ], [ -155.5081, 19.67327 ], [ -155.5081, 19.67354 ], [ -155.50896, 19.67353 ], [ -155.50896, 19.6738 ], [ -155.51038, 19.67297 ], [ -155.51008, 19.67216 ], [ -155.51093, 19.67134 ], [ -155.51089, 19.66917 ], [ -155.51175, 19.66889 ], [ -155.51173, 19.66753 ], [ -155.51144, 19.66754 ], [ -155.512, 19.66699 ], [ -155.51168, 19.66428 ], [ -155.51282, 19.66454 ], [ -155.51282, 19.664 ], [ -155.51338, 19.66345 ], [ -155.51337, 19.66263 ], [ -155.51308, 19.66237 ], [ -155.51393, 19.66208 ], [ -155.51422, 19.66235 ], [ -155.5145, 19.66208 ], [ -155.51448, 19.66099 ], [ -155.51419, 19.66073 ], [ -155.51476, 19.66045 ], [ -155.51475, 19.6599 ], [ -155.51331, 19.65911 ], [ -155.51329, 19.65803 ], [ -155.51386, 19.65775 ], [ -155.51357, 19.65748 ], [ -155.51355, 19.65613 ], [ -155.51412, 19.65585 ], [ -155.5141, 19.65477 ], [ -155.51382, 19.65477 ], [ -155.5138, 19.65396 ], [ -155.51352, 19.65396 ], [ -155.51374, 19.65017 ], [ -155.51346, 19.65017 ], [ -155.51345, 19.64936 ], [ -155.51316, 19.64936 ], [ -155.51314, 19.64828 ], [ -155.51257, 19.64802 ], [ -155.51255, 19.6472 ], [ -155.51198, 19.64694 ], [ -155.51221, 19.64342 ], [ -155.5125, 19.64341 ], [ -155.51246, 19.64124 ], [ -155.51189, 19.64098 ], [ -155.51186, 19.63963 ], [ -155.5107, 19.63856 ], [ -155.51069, 19.63775 ], [ -155.51012, 19.63776 ], [ -155.51011, 19.63721 ], [ -155.50983, 19.63722 ], [ -155.50981, 19.6364 ], [ -155.51009, 19.63613 ], [ -155.50923, 19.6356 ], [ -155.50922, 19.63506 ], [ -155.50893, 19.63496 ], [ -155.53217, 19.63194 ], [ -155.54205, 19.63727 ], [ -155.54984, 19.62965 ], [ -155.57327, 19.62628 ], [ -155.5732, 19.58007 ], [ -155.61298, 19.58002 ], [ -155.61274, 19.5832 ], [ -155.61332, 19.58373 ], [ -155.61389, 19.58372 ], [ -155.61449, 19.58534 ], [ -155.61536, 19.58614 ], [ -155.61567, 19.58776 ], [ -155.61596, 19.58776 ], [ -155.61598, 19.58911 ], [ -155.61542, 19.58966 ], [ -155.61575, 19.59237 ], [ -155.6169, 19.59316 ], [ -155.61721, 19.59451 ], [ -155.61837, 19.59531 ], [ -155.6184, 19.59747 ], [ -155.61898, 19.59774 ], [ -155.619, 19.59882 ], [ -155.61986, 19.59908 ], [ -155.62073, 19.59988 ], [ -155.62074, 19.60069 ], [ -155.62132, 19.60095 ], [ -155.62133, 19.60204 ], [ -155.62279, 19.60337 ], [ -155.62254, 19.60581 ], [ -155.62283, 19.60581 ], [ -155.62285, 19.60743 ], [ -155.62314, 19.60743 ], [ -155.62317, 19.60932 ], [ -155.62289, 19.6096 ], [ -155.62317, 19.60959 ], [ -155.62318, 19.61014 ], [ -155.62262, 19.61069 ], [ -155.62237, 19.61286 ], [ -155.62265, 19.61285 ], [ -155.62267, 19.61394 ], [ -155.62296, 19.61393 ], [ -155.62298, 19.61529 ], [ -155.62355, 19.61555 ], [ -155.62358, 19.61717 ], [ -155.62416, 19.61744 ], [ -155.62447, 19.61933 ], [ -155.62391, 19.61961 ], [ -155.62394, 19.6215 ], [ -155.62281, 19.62233 ], [ -155.62254, 19.62369 ], [ -155.62226, 19.62369 ], [ -155.62229, 19.62586 ], [ -155.62144, 19.62614 ], [ -155.62144, 19.62641 ], [ -155.62087, 19.62642 ], [ -155.62088, 19.62696 ], [ -155.62117, 19.62696 ], [ -155.62118, 19.62777 ], [ -155.62089, 19.62778 ], [ -155.62093, 19.62994 ], [ -155.62122, 19.62994 ], [ -155.62123, 19.63102 ], [ -155.62095, 19.63103 ], [ -155.62096, 19.63211 ], [ -155.61984, 19.63321 ], [ -155.61986, 19.63456 ], [ -155.62044, 19.63483 ], [ -155.62046, 19.63618 ], [ -155.62162, 19.63698 ], [ -155.62163, 19.63779 ], [ -155.62221, 19.63805 ], [ -155.62221, 19.63859 ], [ -155.62279, 19.63913 ], [ -155.62365, 19.63911 ], [ -155.62395, 19.63992 ], [ -155.62424, 19.63992 ], [ -155.62425, 19.64046 ], [ -155.62511, 19.64099 ], [ -155.62542, 19.64234 ], [ -155.62571, 19.64261 ], [ -155.62685, 19.64259 ], [ -155.62746, 19.64448 ], [ -155.62803, 19.64447 ], [ -155.62832, 19.64501 ], [ -155.62947, 19.64499 ], [ -155.62976, 19.64526 ], [ -155.62976, 19.6458 ], [ -155.63034, 19.64606 ], [ -155.63037, 19.64796 ], [ -155.63095, 19.64822 ], [ -155.63126, 19.64957 ], [ -155.63416, 19.65223 ], [ -155.63418, 19.65332 ], [ -155.63447, 19.65358 ], [ -155.63418, 19.65359 ], [ -155.63421, 19.65521 ], [ -155.63449, 19.65521 ], [ -155.63451, 19.65629 ], [ -155.63423, 19.6563 ], [ -155.63396, 19.65765 ], [ -155.63311, 19.65794 ], [ -155.63315, 19.66038 ], [ -155.63372, 19.66064 ], [ -155.63374, 19.66145 ], [ -155.63402, 19.66145 ], [ -155.63405, 19.66307 ], [ -155.6332, 19.66363 ], [ -155.63294, 19.66498 ], [ -155.63381, 19.66578 ], [ -155.63382, 19.6666 ], [ -155.63527, 19.66766 ], [ -155.6353, 19.66955 ], [ -155.63502, 19.66983 ], [ -155.63618, 19.6709 ], [ -155.63619, 19.67171 ], [ -155.63677, 19.67197 ], [ -155.63678, 19.67278 ], [ -155.63622, 19.67306 ], [ -155.63623, 19.67415 ], [ -155.63595, 19.67415 ], [ -155.63567, 19.67497 ], [ -155.63625, 19.67496 ], [ -155.63655, 19.67577 ], [ -155.63712, 19.67603 ], [ -155.63713, 19.67657 ], [ -155.638, 19.6771 ], [ -155.63803, 19.67927 ], [ -155.63861, 19.6798 ], [ -155.63833, 19.68007 ], [ -155.63835, 19.68143 ], [ -155.63893, 19.68196 ], [ -155.63867, 19.68332 ], [ -155.63896, 19.68332 ], [ -155.63897, 19.6844 ], [ -155.63956, 19.68493 ], [ -155.63958, 19.68629 ], [ -155.63986, 19.68628 ], [ -155.63958, 19.68656 ], [ -155.63961, 19.68818 ], [ -155.64077, 19.68898 ], [ -155.64108, 19.6906 ], [ -155.64224, 19.69139 ], [ -155.64224, 19.69194 ], [ -155.64514, 19.69433 ], [ -155.64517, 19.69569 ], [ -155.64604, 19.69649 ], [ -155.64547, 19.69704 ], [ -155.64549, 19.69812 ], [ -155.64606, 19.69811 ], [ -155.64665, 19.69891 ], [ -155.64722, 19.69891 ], [ -155.64724, 19.70026 ], [ -155.64896, 19.70023 ], [ -155.64897, 19.70078 ], [ -155.64954, 19.70077 ], [ -155.64983, 19.7013 ], [ -155.65041, 19.7013 ], [ -155.65041, 19.70157 ], [ -155.65127, 19.70183 ], [ -155.65101, 19.70345 ], [ -155.65159, 19.70372 ], [ -155.6516, 19.70453 ], [ -155.65275, 19.70478 ], [ -155.65275, 19.70451 ], [ -155.65332, 19.7045 ], [ -155.65333, 19.70505 ], [ -155.6539, 19.70531 ], [ -155.65392, 19.70612 ], [ -155.6542, 19.70612 ], [ -155.65451, 19.70747 ], [ -155.65537, 19.70745 ], [ -155.65538, 19.70799 ], [ -155.65625, 19.70879 ], [ -155.65682, 19.70879 ], [ -155.65712, 19.70932 ], [ -155.65826, 19.70931 ], [ -155.65827, 19.71012 ], [ -155.65799, 19.71039 ], [ -155.65828, 19.71039 ], [ -155.65829, 19.7112 ], [ -155.65858, 19.7112 ], [ -155.65861, 19.71309 ], [ -155.65975, 19.71308 ], [ -155.65974, 19.71254 ], [ -155.66003, 19.71253 ], [ -155.66062, 19.71333 ], [ -155.66205, 19.71331 ], [ -155.66234, 19.71358 ], [ -155.66264, 19.71493 ], [ -155.66293, 19.71493 ], [ -155.66294, 19.71574 ], [ -155.6638, 19.71573 ], [ -155.66411, 19.7168 ], [ -155.66468, 19.71707 ], [ -155.66469, 19.71761 ], [ -155.66441, 19.71761 ], [ -155.66444, 19.71978 ], [ -155.66501, 19.71977 ], [ -155.6656, 19.72057 ], [ -155.66617, 19.72057 ], [ -155.66645, 19.72002 ], [ -155.66731, 19.72001 ], [ -155.66731, 19.72028 ], [ -155.66903, 19.72025 ], [ -155.66932, 19.72079 ], [ -155.67047, 19.72077 ], [ -155.67105, 19.72131 ], [ -155.67133, 19.72103 ], [ -155.67304, 19.72101 ], [ -155.67334, 19.72181 ], [ -155.67449, 19.7218 ], [ -155.67537, 19.72314 ], [ -155.67707, 19.72257 ], [ -155.67735, 19.72202 ], [ -155.67821, 19.72201 ], [ -155.6785, 19.72255 ], [ -155.67994, 19.7228 ], [ -155.68023, 19.72334 ], [ -155.68138, 19.72359 ], [ -155.68138, 19.72332 ], [ -155.68195, 19.72331 ], [ -155.68195, 19.72358 ], [ -155.68252, 19.7233 ], [ -155.6831, 19.72383 ], [ -155.68367, 19.72383 ], [ -155.68397, 19.72463 ], [ -155.68455, 19.72463 ], [ -155.68485, 19.72543 ], [ -155.68571, 19.72569 ], [ -155.68572, 19.7265 ], [ -155.6863, 19.72677 ], [ -155.68604, 19.7284 ], [ -155.68662, 19.72893 ], [ -155.68777, 19.72918 ], [ -155.68778, 19.72972 ], [ -155.68836, 19.73026 ], [ -155.68893, 19.73025 ], [ -155.68923, 19.73079 ], [ -155.6898, 19.73078 ], [ -155.69068, 19.73212 ], [ -155.69182, 19.73183 ], [ -155.69182, 19.7321 ], [ -155.69268, 19.73236 ], [ -155.69269, 19.7329 ], [ -155.69298, 19.7329 ], [ -155.69328, 19.7337 ], [ -155.69471, 19.73368 ], [ -155.69473, 19.73504 ], [ -155.69645, 19.73501 ], [ -155.69645, 19.73528 ], [ -155.69759, 19.73499 ], [ -155.6976, 19.73526 ], [ -155.69817, 19.73526 ], [ -155.69816, 19.73471 ], [ -155.69845, 19.73498 ], [ -155.69988, 19.73496 ], [ -155.70075, 19.73576 ], [ -155.70219, 19.73601 ], [ -155.70277, 19.73681 ], [ -155.70421, 19.73706 ], [ -155.7045, 19.7376 ], [ -155.70565, 19.73758 ], [ -155.70623, 19.73811 ], [ -155.70624, 19.73893 ], [ -155.70653, 19.73919 ], [ -155.70739, 19.73918 ], [ -155.70739, 19.73945 ], [ -155.70826, 19.73971 ], [ -155.70061, 19.74802 ], [ -155.69892, 19.77385 ], [ -155.66922, 19.78474 ], [ -155.62607, 19.79203 ] ] ] } },
{ "type": "Feature", "properties": { "unit_id": "U-082", "name": "Pohakuloa", "type": "Major Landowner", "area_ha": 155.4, "c_firevuln": 0.0, "c_consval": 0.0, "c_commval": 0.0, "c_respmgmt": 50.0, "c_prevmgmt": 27.0 }, "geometry": { "type": "MultiPolygon", "coordinates": [ [ [ [ -155.73799, 19.70811 ], [ -155.73776, 19.70836 ], [ -155.73776, 19.70811 ], [ -155.73799, 19.70811 ] ] ], [ [ [ -155.73953, 19.69497 ], [ -155.74188, 19.70396 ], [ -155.73804, 19.70806 ], [ -155.73802, 19.70702 ], [ -155.73744, 19.70649 ], [ -155.73743, 19.70595 ], [ -155.738, 19.70594 ], [ -155.73799, 19.70486 ], [ -155.7377, 19.70486 ], [ -155.73769, 19.70405 ], [ -155.7374, 19.70405 ], [ -155.73739, 19.70351 ], [ -155.73768, 19.70351 ], [ -155.73765, 19.70215 ], [ -155.73737, 19.70216 ], [ -155.73735, 19.7008 ], [ -155.73706, 19.70081 ], [ -155.73704, 19.69945 ], [ -155.73761, 19.69944 ], [ -155.7376, 19.6989 ], [ -155.73816, 19.69835 ], [ -155.73873, 19.69834 ], [ -155.7387, 19.69618 ], [ -155.73926, 19.6959 ], [ -155.73925, 19.69509 ], [ -155.73953, 19.69497 ] ] ], [ [ [ -155.7314, 19.67046 ], [ -155.73327, 19.67116 ], [ -155.73389, 19.6735 ], [ -155.73373, 19.67323 ], [ -155.73287, 19.67324 ], [ -155.73229, 19.67244 ], [ -155.73172, 19.67245 ], [ -155.73169, 19.67082 ], [ -155.7314, 19.67083 ], [ -155.7314, 19.67046 ] ] ], [ [ [ -155.69242, 19.6136 ], [ -155.69249, 19.61372 ], [ -155.69242, 19.61372 ], [ -155.69242, 19.6136 ] ] ], [ [ [ -155.6683, 19.58997 ], [ -155.66946, 19.59076 ], [ -155.66947, 19.59131 ], [ -155.67062, 19.5921 ], [ -155.67092, 19.59291 ], [ -155.67178, 19.5929 ], [ -155.67381, 19.59476 ], [ -155.67382, 19.59531 ], [ -155.67498, 19.59637 ], [ -155.67612, 19.59635 ], [ -155.67671, 19.59716 ], [ -155.67785, 19.59714 ], [ -155.67786, 19.59768 ], [ -155.68043, 19.59764 ], [ -155.68073, 19.59845 ], [ -155.68188, 19.59871 ], [ -155.68189, 19.59925 ], [ -155.68246, 19.59951 ], [ -155.68248, 19.60032 ], [ -155.68334, 19.60085 ], [ -155.68335, 19.60139 ], [ -155.68421, 19.60165 ], [ -155.68451, 19.60219 ], [ -155.68548, 19.60245 ], [ -155.69232, 19.61345 ], [ -155.69127, 19.61319 ], [ -155.69097, 19.61266 ], [ -155.68868, 19.61242 ], [ -155.68838, 19.61161 ], [ -155.68809, 19.61162 ], [ -155.68808, 19.6108 ], [ -155.68721, 19.61 ], [ -155.6872, 19.60946 ], [ -155.68548, 19.60895 ], [ -155.6846, 19.60788 ], [ -155.68317, 19.60763 ], [ -155.68287, 19.60709 ], [ -155.68201, 19.60683 ], [ -155.682, 19.60602 ], [ -155.68142, 19.60576 ], [ -155.68111, 19.60441 ], [ -155.67967, 19.60334 ], [ -155.67936, 19.60227 ], [ -155.6785, 19.60174 ], [ -155.67848, 19.60092 ], [ -155.6782, 19.60093 ], [ -155.67819, 19.60039 ], [ -155.67761, 19.59985 ], [ -155.67675, 19.59987 ], [ -155.67617, 19.59906 ], [ -155.6756, 19.59907 ], [ -155.67502, 19.59854 ], [ -155.6733, 19.59856 ], [ -155.6733, 19.59829 ], [ -155.67272, 19.5983 ], [ -155.67272, 19.59776 ], [ -155.67214, 19.5975 ], [ -155.67213, 19.59668 ], [ -155.66951, 19.59429 ], [ -155.6692, 19.59266 ], [ -155.66892, 19.59267 ], [ -155.66861, 19.59159 ], [ -155.66833, 19.59159 ], [ -155.6683, 19.58997 ] ] ] ] } },
{ "type": "Feature", "properties": { "unit_id": "U-083", "name": "Pohakuloa", "type": "Major Landowner", "area_ha": 13353.5, "c_firevuln": 22.0, "c_consval": 0.0, "c_commval": 0.0, "c_respmgmt": 51.0, "c_prevmgmt": 33.0 }, "geometry": { "type": "Polygon", "coordinates": [ [ [ -155.61298, 19.58002 ], [ -155.65642, 19.58002 ], [ -155.65757, 19.58038 ], [ -155.65757, 19.58065 ], [ -155.65843, 19.58063 ], [ -155.65843, 19.58091 ], [ -155.66043, 19.5806 ], [ -155.66072, 19.58087 ], [ -155.66074, 19.58195 ], [ -155.6619, 19.58302 ], [ -155.66247, 19.58301 ], [ -155.66334, 19.58408 ], [ -155.66392, 19.58407 ], [ -155.66595, 19.58594 ], [ -155.66598, 19.58811 ], [ -155.66714, 19.58917 ], [ -155.66771, 19.58917 ], [ -155.66772, 19.58971 ], [ -155.6683, 19.58997 ], [ -155.66833, 19.59159 ], [ -155.66861, 19.59159 ], [ -155.66892, 19.59267 ], [ -155.6692, 19.59266 ], [ -155.66951, 19.59429 ], [ -155.67213, 19.59668 ], [ -155.67214, 19.5975 ], [ -155.67272, 19.59776 ], [ -155.67272, 19.5983 ], [ -155.6733, 19.59829 ], [ -155.6733, 19.59856 ], [ -155.67502, 19.59854 ], [ -155.6756, 19.59907 ], [ -155.67617, 19.59906 ], [ -155.67675, 19.59987 ], [ -155.67761, 19.59985 ], [ -155.67819, 19.60039 ], [ -155.6782, 19.60093 ], [ -155.67848, 19.60092 ], [ -155.6785, 19.60174 ], [ -155.67936, 19.60227 ], [ -155.67967, 19.60334 ], [ -155.68111, 19.60441 ], [ -155.68142, 19.60576 ], [ -155.682, 19.60602 ], [ -155.68201, 19.60683 ], [ -155.68287, 19.60709 ], [ -155.68317, 19.60763 ], [ -155.6846, 19.60788 ], [ -155.68548, 19.60895 ], [ -155.6872, 19.60946 ], [ -155.68721, 19.61 ], [ -155.68808, 19.6108 ], [ -155.68809, 19.61162 ], [ -155.68838, 19.61161 ], [ -155.68868, 19.61242 ], [ -155.69097, 19.61266 ], [ -155.69127, 19.61319 ], [ -155.69232, 19.61345 ], [ -155.72627, 19.66857 ], [ -155.7314, 19.67046 ], [ -155.7314, 19.67083 ], [ -155.73169, 19.67082 ], [ -155.73172, 19.67245 ], [ -155.73229, 19.67244 ], [ -155.73287, 19.67324 ], [ -155.73373, 19.67323 ], [ -155.73389, 19.6735 ], [ -155.73953, 19.69497 ], [ -155.73925, 19.69509 ], [ -155.73926, 19.6959 ], [ -155.7387, 19.69618 ], [ -155.73873, 19.69834 ], [ -155.73816, 19.69835 ], [ -155.7376, 19.6989 ], [ -155.73761, 19.69944 ], [ -155.73704, 19.69945 ], [ -155.73706, 19.70081 ], [ -155.73735, 19.7008 ], [ -155.73737, 19.70216 ], [ -155.73765, 19.70215 ], [ -155.73768, 19.70351 ], [ -155.73739, 19.70351 ], [ -155.7374, 19.70405 ], [ -155.73769, 19.70405 ], [ -155.7377, 19.70486 ], [ -155.73799, 19.70486 ], [ -155.738, 19.70594 ], [ -155.73743, 19.70595 ], [ -155.73744, 19.70649 ], [ -155.73802, 19.70702 ], [ -155.73804, 19.70806 ], [ -155.70826, 19.73987 ], [ -155.70797, 19.73944 ], [ -155.70739, 19.73945 ], [ -155.70739, 19.73918 ], [ -155.70653, 19.73919 ], [ -155.70624, 19.73893 ], [ -155.70623, 19.73811 ], [ -155.70565, 19.73758 ], [ -155.7045, 19.7376 ], [ -155.70421, 19.73706 ], [ -155.70277, 19.73681 ], [ -155.70219, 19.73601 ], [ -155.70075, 19.73576 ], [ -155.69988, 19.73496 ], [ -155.69845, 19.73498 ], [ -155.69816, 19.73471 ], [ -155.69817, 19.73526 ], [ -155.6976, 19.73526 ], [ -155.69759, 19.73499 ], [ -155.69645, 19.73528 ], [ -155.69645, 19.73501 ], [ -155.69473, 19.73504 ], [ -155.69471, 19.73368 ], [ -155.69328, 19.7337 ], [ -155.69298, 19.7329 ], [ -155.69269, 19.7329 ], [ -155.69268, 19.73236 ], [ -155.69182, 19.7321 ], [ -155.69182, 19.73183 ], [ -155.69068, 19.73212 ], [ -155.6898, 19.73078 ], [ -155.68923, 19.73079 ], [ -155.68893, 19.73025 ], [ -155.68836, 19.73026 ], [ -155.68778, 19.72972 ], [ -155.68777, 19.72918 ], [ -155.68662, 19.72893 ], [ -155.68604, 19.7284 ], [ -155.6863, 19.72677 ], [ -155.68572, 19.7265 ], [ -155.68571, 19.72569 ], [ -155.68485, 19.72543 ], [ -155.68455, 19.72463 ], [ -155.68397, 19.72463 ], [ -155.68367, 19.72383 ], [ -155.6831, 19.72383 ], [ -155.68252, 19.7233 ], [ -155.68195, 19.72358 ], [ -155.68195, 19.72331 ], [ -155.68138, 19.72332 ], [ -155.68138, 19.72359 ], [ -155.68023, 19.72334 ], [ -155.67994, 19.7228 ], [ -155.6785, 19.72255 ], [ -155.67821, 19.72201 ], [ -155.67735, 19.72202 ], [ -155.67707, 19.72257 ], [ -155.67537, 19.72314 ], [ -155.67449, 19.7218 ], [ -155.67334, 19.72181 ], [ -155.67304, 19.72101 ], [ -155.67133, 19.72103 ], [ -155.67105, 19.72131 ], [ -155.67047, 19.72077 ], [ -155.66932, 19.72079 ], [ -155.66903, 19.72025 ], [ -155.66731, 19.72028 ], [ -155.66731, 19.72001 ], [ -155.66645, 19.72002 ], [ -155.66617, 19.72057 ], [ -155.6656, 19.72057 ], [ -155.66501, 19.71977 ], [ -155.66444, 19.71978 ], [ -155.66441, 19.71761 ], [ -155.66469, 19.71761 ], [ -155.66468, 19.71707 ], [ -155.66411, 19.7168 ], [ -155.6638, 19.71573 ], [ -155.66294, 19.71574 ], [ -155.66293, 19.71493 ], [ -155.66264, 19.71493 ], [ -155.66234, 19.71358 ], [ -155.66205, 19.71331 ], [ -155.66062, 19.71333 ], [ -155.66003, 19.71253 ], [ -155.65974, 19.71254 ], [ -155.65975, 19.71308 ], [ -155.65861, 19.71309 ], [ -155.65858, 19.7112 ], [ -155.65829, 19.7112 ], [ -155.65828, 19.71039 ], [ -155.65799, 19.71039 ], [ -155.65827, 19.71012 ], [ -155.65826, 19.70931 ], [ -155.65712, 19.70932 ], [ -155.65682, 19.70879 ], [ -155.65625, 19.70879 ], [ -155.65538, 19.70799 ], [ -155.65537, 19.70745 ], [ -155.65451, 19.70747 ], [ -155.6542, 19.70612 ], [ -155.65392, 19.70612 ], [ -155.6539, 19.70531 ], [ -155.65333, 19.70505 ], [ -155.65332, 19.7045 ], [ -155.65275, 19.70451 ], [ -155.65275, 19.70478 ], [ -155.6516, 19.70453 ], [ -155.65159, 19.70372 ], [ -155.65101, 19.70345 ], [ -155.65127, 19.70183 ], [ -155.65041, 19.70157 ], [ -155.65041, 19.7013 ], [ -155.64983, 19.7013 ], [ -155.64954, 19.70077 ], [ -155.64897, 19.70078 ], [ -155.64896, 19.70023 ], [ -155.64724, 19.70026 ], [ -155.64722, 19.69891 ], [ -155.64665, 19.69891 ], [ -155.64606, 19.69811 ], [ -155.64549, 19.69812 ], [ -155.64547, 19.69704 ], [ -155.64604, 19.69649 ], [ -155.64517, 19.69569 ], [ -155.64514, 19.69433 ], [ -155.64224, 19.69194 ], [ -155.64224, 19.69139 ], [ -155.64108, 19.6906 ], [ -155.64077, 19.68898 ], [ -155.63961, 19.68818 ], [ -155.63958, 19.68656 ], [ -155.63986, 19.68628 ], [ -155.63958, 19.68629 ], [ -155.63956, 19.68493 ], [ -155.63897, 19.6844 ], [ -155.63896, 19.68332 ], [ -155.63867, 19.68332 ], [ -155.63893, 19.68196 ], [ -155.63835, 19.68143 ], [ -155.63833, 19.68007 ], [ -155.63861, 19.6798 ], [ -155.63803, 19.67927 ], [ -155.638, 19.6771 ], [ -155.63713, 19.67657 ], [ -155.63712, 19.67603 ], [ -155.63655, 19.67577 ], [ -155.63625, 19.67496 ], [ -155.63567, 19.67497 ], [ -155.63595, 19.67415 ], [ -155.63623, 19.67415 ], [ -155.63622, 19.67306 ], [ -155.63678, 19.67278 ], [ -155.63677, 19.67197 ], [ -155.63619, 19.67171 ], [ -155.63618, 19.6709 ], [ -155.63502, 19.66983 ], [ -155.6353, 19.66955 ], [ -155.63527, 19.66766 ], [ -155.63382, 19.6666 ], [ -155.63381, 19.66578 ], [ -155.63294, 19.66498 ], [ -155.6332, 19.66363 ], [ -155.63405, 19.66307 ], [ -155.63402, 19.66145 ], [ -155.63374, 19.66145 ], [ -155.63372, 19.66064 ], [ -155.63315, 19.66038 ], [ -155.63311, 19.65794 ], [ -155.63396, 19.65765 ], [ -155.63423, 19.6563 ], [ -155.63451, 19.65629 ], [ -155.63449, 19.65521 ], [ -155.63421, 19.65521 ], [ -155.63418, 19.65359 ], [ -155.63447, 19.65358 ], [ -155.63418, 19.65332 ], [ -155.63416, 19.65223 ], [ -155.63126, 19.64957 ], [ -155.63095, 19.64822 ], [ -155.63037, 19.64796 ], [ -155.63034, 19.64606 ], [ -155.62976, 19.6458 ], [ -155.62976, 19.64526 ], [ -155.62947, 19.64499 ], [ -155.62832, 19.64501 ], [ -155.62803, 19.64447 ], [ -155.62746, 19.64448 ], [ -155.62685, 19.64259 ], [ -155.62571, 19.64261 ], [ -155.62542, 19.64234 ], [ -155.62511, 19.64099 ], [ -155.62425, 19.64046 ], [ -155.62424, 19.63992 ], [ -155.62395, 19.63992 ], [ -155.62365, 19.63911 ], [ -155.62279, 19.63913 ], [ -155.62221, 19.63859 ], [ -155.62221, 19.63805 ], [ -155.62163, 19.63779 ], [ -155.62162, 19.63698 ], [ -155.62046, 19.63618 ], [ -155.62044, 19.63483 ], [ -155.61986, 19.63456 ], [ -155.61984, 19.63321 ], [ -155.62096, 19.63211 ], [ -155.62095, 19.63103 ], [ -155.62123, 19.63102 ], [ -155.62122, 19.62994 ], [ -155.62093, 19.62994 ], [ -155.62089, 19.62778 ], [ -155.62118, 19.62777 ], [ -155.62117, 19.62696 ], [ -155.62088, 19.62696 ], [ -155.62087, 19.62642 ], [ -155.62144, 19.62641 ], [ -155.62144, 19.62614 ], [ -155.62229, 19.62586 ], [ -155.62226, 19.62369 ], [ -155.62254, 19.62369 ], [ -155.62281, 19.62233 ], [ -155.62394, 19.6215 ], [ -155.62391, 19.61961 ], [ -155.62447, 19.61933 ], [ -155.62416, 19.61744 ], [ -155.62358, 19.61717 ], [ -155.62355, 19.61555 ], [ -155.62298, 19.61529 ], [ -155.62296, 19.61393 ], [ -155.62267, 19.61394 ], [ -155.62265, 19.61285 ], [ -155.62237, 19.61286 ], [ -155.62262, 19.61069 ], [ -155.62318, 19.61014 ], [ -155.62317, 19.60959 ], [ -155.62289, 19.6096 ], [ -155.62317, 19.60932 ], [ -155.62314, 19.60743 ], [ -155.62285, 19.60743 ], [ -155.62283, 19.60581 ], [ -155.62254, 19.60581 ], [ -155.62279, 19.60337 ], [ -155.62133, 19.60204 ], [ -155.62132, 19.60095 ], [ -155.62074, 19.60069 ], [ -155.62073, 19.59988 ], [ -155.61986, 19.59908 ], [ -155.619, 19.59882 ], [ -155.61898, 19.59774 ], [ -155.6184, 19.59747 ], [ -155.61837, 19.59531 ], [ -155.61721, 19.59451 ], [ -155.6169, 19.59316 ], [ -155.61575, 19.59237 ], [ -155.61542, 19.58966 ], [ -155.61598, 19.58911 ], [ -155.61596, 19.58776 ], [ -155.61567, 19.58776 ], [ -155.61536, 19.58614 ], [ -155.61449, 19.58534 ], [ -155.61389, 19.58372 ], [ -155.61332, 19.58373 ], [ -155.61274, 19.5832 ], [ -155.61298, 19.58002 ] ] ] } },
{ "type": "Feature", "properties": { "unit_id": "U-084", "name": "Pohakuloa", "type": "Major Landowner", "area_ha": 871.0, "c_firevuln": 0.0, "c_consval": 0.0, "c_commval": 0.0, "c_respmgmt": 50.0, "c_prevmgmt": 38.0 }, "geometry": { "type": "Polygon", "coordinates": [ [ [ -155.48402, 19.68824 ], [ -155.48372, 19.68716 ], [ -155.48229, 19.68745 ], [ -155.48318, 19.68337 ], [ -155.48423, 19.68309 ], [ -155.48422, 19.68282 ], [ -155.4848, 19.68308 ], [ -155.48479, 19.68281 ], [ -155.48593, 19.68252 ], [ -155.48593, 19.68225 ], [ -155.48736, 19.68196 ], [ -155.48735, 19.68142 ], [ -155.48792, 19.68141 ], [ -155.48791, 19.68087 ], [ -155.48848, 19.68059 ], [ -155.48847, 19.68005 ], [ -155.49047, 19.68002 ], [ -155.49072, 19.67758 ], [ -155.49101, 19.67757 ], [ -155.49098, 19.67622 ], [ -155.49011, 19.67542 ], [ -155.49011, 19.67488 ], [ -155.49123, 19.67378 ], [ -155.49007, 19.67271 ], [ -155.49006, 19.67217 ], [ -155.48949, 19.67191 ], [ -155.48948, 19.67136 ], [ -155.49005, 19.67109 ], [ -155.49003, 19.67027 ], [ -155.48975, 19.67028 ], [ -155.48974, 19.66946 ], [ -155.48945, 19.66947 ], [ -155.48944, 19.66893 ], [ -155.48923, 19.66893 ], [ -155.49165, 19.66375 ], [ -155.49427, 19.65531 ], [ -155.50095, 19.63647 ], [ -155.50125, 19.63595 ], [ -155.50922, 19.63506 ], [ -155.50923, 19.6356 ], [ -155.51009, 19.63613 ], [ -155.50981, 19.6364 ], [ -155.50983, 19.63722 ], [ -155.51011, 19.63721 ], [ -155.51012, 19.63776 ], [ -155.51069, 19.63775 ], [ -155.5107, 19.63856 ], [ -155.51186, 19.63963 ], [ -155.51189, 19.64098 ], [ -155.51246, 19.64124 ], [ -155.5125, 19.64341 ], [ -155.51221, 19.64342 ], [ -155.51198, 19.64694 ], [ -155.51255, 19.6472 ], [ -155.51257, 19.64802 ], [ -155.51314, 19.64828 ], [ -155.51316, 19.64936 ], [ -155.51345, 19.64936 ], [ -155.51346, 19.65017 ], [ -155.51374, 19.65017 ], [ -155.51352, 19.65396 ], [ -155.5138, 19.65396 ], [ -155.51382, 19.65477 ], [ -155.5141, 19.65477 ], [ -155.51412, 19.65585 ], [ -155.51355, 19.65613 ], [ -155.51357, 19.65748 ], [ -155.51386, 19.65775 ], [ -155.51329, 19.65803 ], [ -155.51331, 19.65911 ], [ -155.51475, 19.6599 ], [ -155.51476, 19.66045 ], [ -155.51419, 19.66073 ], [ -155.51448, 19.66099 ], [ -155.5145, 19.66208 ], [ -155.51422, 19.66235 ], [ -155.51393, 19.66208 ], [ -155.51308, 19.66237 ], [ -155.51337, 19.66263 ], [ -155.51338, 19.66345 ], [ -155.51282, 19.664 ], [ -155.51282, 19.66454 ], [ -155.51168, 19.66428 ], [ -155.512, 19.66699 ], [ -155.51144, 19.66754 ], [ -155.51173, 19.66753 ], [ -155.51175, 19.66889 ], [ -155.51089, 19.66917 ], [ -155.51093, 19.67134 ], [ -155.51008, 19.67216 ], [ -155.51038, 19.67297 ], [ -155.50896, 19.6738 ], [ -155.50896, 19.67353 ], [ -155.5081, 19.67354 ], [ -155.5081, 19.67327 ], [ -155.50724, 19.67356 ], [ -155.50666, 19.67302 ], [ -155.50581, 19.67303 ], [ -155.50525, 19.67385 ], [ -155.50468, 19.67386 ], [ -155.50468, 19.6744 ], [ -155.50383, 19.67442 ], [ -155.50383, 19.67469 ], [ -155.5024, 19.67444 ], [ -155.5024, 19.67471 ], [ -155.50183, 19.67471 ], [ -155.50127, 19.67526 ], [ -155.50156, 19.6758 ], [ -155.50128, 19.67608 ], [ -155.49985, 19.6761 ], [ -155.49873, 19.67747 ], [ -155.49644, 19.67777 ], [ -155.49618, 19.67913 ], [ -155.49503, 19.67914 ], [ -155.49504, 19.67941 ], [ -155.49418, 19.67943 ], [ -155.49418, 19.6797 ], [ -155.49333, 19.67971 ], [ -155.49333, 19.68025 ], [ -155.49248, 19.68026 ], [ -155.49222, 19.68189 ], [ -155.49108, 19.68218 ], [ -155.49107, 19.68191 ], [ -155.48935, 19.68166 ], [ -155.48936, 19.68193 ], [ -155.48878, 19.68194 ], [ -155.48794, 19.68276 ], [ -155.48679, 19.68251 ], [ -155.4851, 19.68416 ], [ -155.48512, 19.68524 ], [ -155.48483, 19.68525 ], [ -155.48484, 19.68579 ], [ -155.48542, 19.68632 ], [ -155.48545, 19.68795 ], [ -155.48516, 19.68822 ], [ -155.48402, 19.68824 ] ] ] } },
{ "type": "Feature", "properties": { "unit_id": "U-085", "name": "Pohakuloa", "type": "Major Landowner", "area_ha": 268.5, "c_firevuln": 28.0, "c_consval": 33.0, "c_commval": 0.0, "c_respmgmt": 13.0, "c_prevmgmt": 44.0 }, "geometry": { "type": "MultiPolygon", "coordinates": [ [ [ [ -155.48738, 19.70959 ], [ -155.48864, 19.70985 ], [ -155.48922, 19.71038 ], [ -155.48924, 19.71119 ], [ -155.48895, 19.7112 ], [ -155.48896, 19.71149 ], [ -155.48738, 19.70959 ] ] ], [ [ [ -155.4814, 19.69261 ], [ -155.48206, 19.6907 ], [ -155.48229, 19.68745 ], [ -155.48372, 19.68716 ], [ -155.48402, 19.68824 ], [ -155.48516, 19.68822 ], [ -155.48545, 19.68795 ], [ -155.48542, 19.68632 ], [ -155.48484, 19.68579 ], [ -155.48483, 19.68525 ], [ -155.48512, 19.68524 ], [ -155.4851, 19.68416 ], [ -155.48679, 19.68251 ], [ -155.48794, 19.68276 ], [ -155.48878, 19.68194 ], [ -155.48936, 19.68193 ], [ -155.48935, 19.68166 ], [ -155.49107, 19.68191 ], [ -155.49108, 19.68218 ], [ -155.49222, 19.68189 ], [ -155.49248, 19.68026 ], [ -155.49333, 19.68025 ], [ -155.49333, 19.67971 ], [ -155.49418, 19.6797 ], [ -155.49418, 19.67943 ], [ -155.49504, 19.67941 ], [ -155.49503, 19.67914 ], [ -155.49618, 19.67913 ], [ -155.49644, 19.67777 ], [ -155.49873, 19.67747 ], [ -155.49929, 19.67692 ], [ -155.49903, 19.67855 ], [ -155.49874, 19.67855 ], [ -155.49847, 19.67937 ], [ -155.4979, 19.67937 ], [ -155.49762, 19.67992 ], [ -155.4959, 19.67994 ], [ -155.49591, 19.68022 ], [ -155.49534, 19.68022 ], [ -155.49477, 19.68077 ], [ -155.49479, 19.68186 ], [ -155.49537, 19.68239 ], [ -155.49481, 19.68294 ], [ -155.49483, 19.68429 ], [ -155.49454, 19.6843 ], [ -155.49455, 19.68484 ], [ -155.49399, 19.68539 ], [ -155.49227, 19.68568 ], [ -155.49229, 19.68677 ], [ -155.49144, 19.68705 ], [ -155.49143, 19.68678 ], [ -155.49058, 19.68679 ], [ -155.49089, 19.68841 ], [ -155.49032, 19.68896 ], [ -155.49061, 19.68896 ], [ -155.49062, 19.68977 ], [ -155.49148, 19.68976 ], [ -155.4915, 19.69111 ], [ -155.49207, 19.6911 ], [ -155.49266, 19.69191 ], [ -155.49323, 19.6919 ], [ -155.49296, 19.69272 ], [ -155.49381, 19.69271 ], [ -155.49383, 19.69352 ], [ -155.49297, 19.6938 ], [ -155.49298, 19.69407 ], [ -155.49326, 19.69407 ], [ -155.49328, 19.69542 ], [ -155.49386, 19.69541 ], [ -155.49386, 19.69596 ], [ -155.49301, 19.69597 ], [ -155.49301, 19.69651 ], [ -155.49359, 19.69677 ], [ -155.4936, 19.69759 ], [ -155.49389, 19.69758 ], [ -155.49392, 19.69975 ], [ -155.49336, 19.70003 ], [ -155.49309, 19.70166 ], [ -155.49253, 19.70193 ], [ -155.49253, 19.70248 ], [ -155.49197, 19.70276 ], [ -155.49198, 19.7033 ], [ -155.49141, 19.70385 ], [ -155.49026, 19.70359 ], [ -155.49027, 19.70386 ], [ -155.48941, 19.70387 ], [ -155.48913, 19.70442 ], [ -155.4877, 19.70444 ], [ -155.48744, 19.7058 ], [ -155.4883, 19.70606 ], [ -155.4883, 19.70633 ], [ -155.48746, 19.70715 ], [ -155.48721, 19.70943 ], [ -155.48518, 19.70754 ], [ -155.48436, 19.70614 ], [ -155.48357, 19.69733 ], [ -155.48302, 19.69489 ], [ -155.48208, 19.69321 ], [ -155.4814, 19.69261 ] ] ] ] } },
{ "type": "Feature", "properties": { "unit_id": "U-086", "name": "Pohakuloa", "type": "Major Landowner", "area_ha": 57.7, "c_firevuln": 0.0, "c_consval": 33.0, "c_commval": 0.0, "c_respmgmt": 50.0, "c_prevmgmt": 43.0 }, "geometry": { "type": "Polygon", "coordinates": [ [ [ -155.48318, 19.68337 ], [ -155.48363, 19.68174 ], [ -155.48944, 19.66893 ], [ -155.48975, 19.67028 ], [ -155.49003, 19.67027 ], [ -155.49005, 19.67109 ], [ -155.48948, 19.67136 ], [ -155.48949, 19.67191 ], [ -155.49006, 19.67217 ], [ -155.49007, 19.67271 ], [ -155.49123, 19.67378 ], [ -155.49011, 19.67488 ], [ -155.49011, 19.67542 ], [ -155.49098, 19.67622 ], [ -155.49101, 19.67757 ], [ -155.49072, 19.67758 ], [ -155.49047, 19.68002 ], [ -155.48847, 19.68005 ], [ -155.48848, 19.68059 ], [ -155.48791, 19.68087 ], [ -155.48792, 19.68141 ], [ -155.48735, 19.68142 ], [ -155.48736, 19.68196 ], [ -155.48593, 19.68225 ], [ -155.48593, 19.68252 ], [ -155.48479, 19.68281 ], [ -155.4848, 19.68308 ], [ -155.48422, 19.68282 ], [ -155.48423, 19.68309 ], [ -155.48318, 19.68337 ] ] ] } },
{ "type": "Feature", "properties": { "unit_id": "U-087", "name": "Mauna Loa", "type": "Reserve", "area_ha": 1990.3, "c_firevuln": 0.0, "c_consval": 33.0, "c_commval": 0.0, "c_respmgmt": 50.0, "c_prevmgmt": 27.0 }, "geometry": { "type": "Polygon", "coordinates": [ [ [ -155.65642, 19.58002 ], [ -155.65527, 19.5796 ], [ -155.65525, 19.57878 ], [ -155.65467, 19.57825 ], [ -155.65467, 19.57771 ], [ -155.65322, 19.57665 ], [ -155.65321, 19.57584 ], [ -155.65234, 19.57531 ], [ -155.65233, 19.57449 ], [ -155.65175, 19.57396 ], [ -155.65173, 19.57288 ], [ -155.65115, 19.57261 ], [ -155.65141, 19.57099 ], [ -155.65083, 19.57045 ], [ -155.65026, 19.57046 ], [ -155.65025, 19.56992 ], [ -155.64938, 19.56912 ], [ -155.64795, 19.56914 ], [ -155.64795, 19.56887 ], [ -155.6468, 19.56862 ], [ -155.6468, 19.56834 ], [ -155.6448, 19.56837 ], [ -155.64334, 19.56677 ], [ -155.64191, 19.56652 ], [ -155.64133, 19.56599 ], [ -155.64132, 19.56545 ], [ -155.63958, 19.56385 ], [ -155.63614, 19.56362 ], [ -155.63556, 19.56309 ], [ -155.63556, 19.56255 ], [ -155.63498, 19.56229 ], [ -155.63497, 19.56147 ], [ -155.63525, 19.5612 ], [ -155.63409, 19.56013 ], [ -155.63407, 19.55878 ], [ -155.6332, 19.55825 ], [ -155.63317, 19.55662 ], [ -155.63259, 19.55609 ], [ -155.63202, 19.5561 ], [ -155.6317, 19.55394 ], [ -155.63113, 19.55395 ], [ -155.63111, 19.55259 ], [ -155.62937, 19.55099 ], [ -155.62935, 19.54991 ], [ -155.6279, 19.54885 ], [ -155.62758, 19.54641 ], [ -155.62555, 19.54455 ], [ -155.62553, 19.54319 ], [ -155.62466, 19.54239 ], [ -155.62465, 19.54185 ], [ -155.62349, 19.54105 ], [ -155.62318, 19.5397 ], [ -155.62203, 19.53891 ], [ -155.62202, 19.53837 ], [ -155.62116, 19.53838 ], [ -155.61942, 19.53651 ], [ -155.61885, 19.53652 ], [ -155.61769, 19.53545 ], [ -155.61767, 19.53464 ], [ -155.61623, 19.53357 ], [ -155.6159, 19.53114 ], [ -155.61532, 19.53061 ], [ -155.61475, 19.53062 ], [ -155.61069, 19.52688 ], [ -155.61012, 19.52689 ], [ -155.60925, 19.52582 ], [ -155.60867, 19.52583 ], [ -155.60809, 19.52529 ], [ -155.60809, 19.52475 ], [ -155.60635, 19.52342 ], [ -155.60602, 19.52099 ], [ -155.60516, 19.52073 ], [ -155.604, 19.51966 ], [ -155.6037, 19.51859 ], [ -155.60226, 19.51752 ], [ -155.60225, 19.51698 ], [ -155.60253, 19.51698 ], [ -155.60248, 19.51346 ], [ -155.60219, 19.51346 ], [ -155.60217, 19.51238 ], [ -155.60189, 19.51238 ], [ -155.60187, 19.51103 ], [ -155.60071, 19.51023 ], [ -155.6007, 19.50969 ], [ -155.60042, 19.50969 ], [ -155.60069, 19.50888 ], [ -155.59953, 19.50781 ], [ -155.5995, 19.50618 ], [ -155.59922, 19.50619 ], [ -155.5992, 19.50483 ], [ -155.59891, 19.50484 ], [ -155.5986, 19.50349 ], [ -155.59832, 19.50349 ], [ -155.5983, 19.50241 ], [ -155.59773, 19.50242 ], [ -155.59715, 19.50188 ], [ -155.59714, 19.50107 ], [ -155.59742, 19.50107 ], [ -155.59736, 19.49728 ], [ -155.59678, 19.49701 ], [ -155.59702, 19.49403 ], [ -155.59645, 19.49377 ], [ -155.59643, 19.49268 ], [ -155.59672, 19.49268 ], [ -155.59695, 19.4897 ], [ -155.59752, 19.48942 ], [ -155.59748, 19.48671 ], [ -155.59776, 19.4867 ], [ -155.59799, 19.48291 ], [ -155.59827, 19.4829 ], [ -155.59843, 19.48209 ], [ -155.59798, 19.49135 ], [ -155.59815, 19.49293 ], [ -155.59992, 19.4967 ], [ -155.60418, 19.49934 ], [ -155.60628, 19.50121 ], [ -155.60771, 19.50163 ], [ -155.61003, 19.50332 ], [ -155.61226, 19.50417 ], [ -155.61407, 19.50597 ], [ -155.61596, 19.50707 ], [ -155.62079, 19.51536 ], [ -155.62215, 19.51633 ], [ -155.62312, 19.51803 ], [ -155.62545, 19.52071 ], [ -155.62621, 19.52082 ], [ -155.6289, 19.52228 ], [ -155.63257, 19.52331 ], [ -155.63466, 19.52518 ], [ -155.63754, 19.52678 ], [ -155.63813, 19.52784 ], [ -155.63934, 19.52838 ], [ -155.67159, 19.58001 ], [ -155.65642, 19.58002 ] ] ] } },
{ "type": "Feature", "properties": { "unit_id": "U-088", "name": "Mauna Loa", "type": "Reserve", "area_ha": 7976.6, "c_firevuln": 0.0, "c_consval": 33.0, "c_commval": 0.0, "c_respmgmt": 50.0, "c_prevmgmt": 29.0 }, "geometry": { "type": "Polygon", "coordinates": [ [ [ -155.50893, 19.63496 ], [ -155.50892, 19.63425 ], [ -155.50864, 19.63425 ], [ -155.5086, 19.63209 ], [ -155.50773, 19.63129 ], [ -155.50771, 19.6302 ], [ -155.50828, 19.62992 ], [ -155.50827, 19.62911 ], [ -155.50798, 19.62912 ], [ -155.50764, 19.6256 ], [ -155.50735, 19.62544 ], [ -155.51154, 19.61823 ], [ -155.52125, 19.59875 ], [ -155.52887, 19.58737 ], [ -155.53235, 19.5802 ], [ -155.5413, 19.56607 ], [ -155.5498, 19.55036 ], [ -155.55289, 19.54524 ], [ -155.57754, 19.50812 ], [ -155.58129, 19.50152 ], [ -155.58208, 19.49665 ], [ -155.58343, 19.49476 ], [ -155.58636, 19.49342 ], [ -155.58755, 19.49123 ], [ -155.5877, 19.4873 ], [ -155.59319, 19.48677 ], [ -155.59518, 19.48593 ], [ -155.5963, 19.48483 ], [ -155.5974, 19.48282 ], [ -155.59826, 19.48221 ], [ -155.59827, 19.4829 ], [ -155.59799, 19.48291 ], [ -155.59802, 19.48508 ], [ -155.59774, 19.48508 ], [ -155.59776, 19.4867 ], [ -155.59748, 19.48671 ], [ -155.59752, 19.48942 ], [ -155.59695, 19.4897 ], [ -155.59672, 19.49268 ], [ -155.59643, 19.49268 ], [ -155.59645, 19.49377 ], [ -155.59702, 19.49403 ], [ -155.59678, 19.49701 ], [ -155.59736, 19.49728 ], [ -155.59742, 19.50107 ], [ -155.59714, 19.50107 ], [ -155.59716, 19.50243 ], [ -155.59802, 19.50295 ], [ -155.59804, 19.50404 ], [ -155.59833, 19.50403 ], [ -155.59834, 19.50512 ], [ -155.59863, 19.50511 ], [ -155.59865, 19.5062 ], [ -155.59836, 19.5062 ], [ -155.59847, 19.51324 ], [ -155.59905, 19.51378 ], [ -155.59907, 19.51513 ], [ -155.59965, 19.51539 ], [ -155.6, 19.51945 ], [ -155.60029, 19.51945 ], [ -155.60062, 19.52215 ], [ -155.60119, 19.52241 ], [ -155.60123, 19.52458 ], [ -155.6018, 19.52484 ], [ -155.60183, 19.52647 ], [ -155.6024, 19.52673 ], [ -155.60242, 19.52781 ], [ -155.603, 19.52835 ], [ -155.60301, 19.52916 ], [ -155.60388, 19.52969 ], [ -155.60392, 19.53213 ], [ -155.60364, 19.5324 ], [ -155.60421, 19.53266 ], [ -155.60481, 19.53428 ], [ -155.60568, 19.53481 ], [ -155.60568, 19.53535 ], [ -155.60626, 19.53589 ], [ -155.60661, 19.53967 ], [ -155.60632, 19.53968 ], [ -155.60634, 19.54049 ], [ -155.60692, 19.54102 ], [ -155.60695, 19.54292 ], [ -155.60666, 19.54292 ], [ -155.60667, 19.54346 ], [ -155.60754, 19.54426 ], [ -155.60755, 19.54508 ], [ -155.60784, 19.54507 ], [ -155.60756, 19.54535 ], [ -155.60759, 19.54751 ], [ -155.60788, 19.54751 ], [ -155.60791, 19.54914 ], [ -155.60762, 19.54914 ], [ -155.60764, 19.55022 ], [ -155.60707, 19.55077 ], [ -155.60794, 19.55157 ], [ -155.60796, 19.55266 ], [ -155.60941, 19.55372 ], [ -155.60948, 19.55805 ], [ -155.60919, 19.55806 ], [ -155.60894, 19.56023 ], [ -155.60923, 19.56022 ], [ -155.60924, 19.56104 ], [ -155.60982, 19.5613 ], [ -155.60986, 19.56401 ], [ -155.61015, 19.564 ], [ -155.61017, 19.56536 ], [ -155.61045, 19.56535 ], [ -155.61047, 19.56644 ], [ -155.61018, 19.56644 ], [ -155.61024, 19.56996 ], [ -155.61053, 19.56996 ], [ -155.61054, 19.57077 ], [ -155.61025, 19.57077 ], [ -155.61026, 19.57132 ], [ -155.61055, 19.57131 ], [ -155.61061, 19.5751 ], [ -155.61177, 19.5759 ], [ -155.61178, 19.57698 ], [ -155.61265, 19.57778 ], [ -155.61266, 19.57832 ], [ -155.61295, 19.57832 ], [ -155.61298, 19.58002 ], [ -155.5732, 19.58007 ], [ -155.57327, 19.62628 ], [ -155.54984, 19.62965 ], [ -155.54205, 19.63727 ], [ -155.53217, 19.63194 ], [ -155.50893, 19.63496 ] ] ] } },
{ "type": "Feature", "properties": { "unit_id": "U-089", "name": "Mauna Loa", "type": "Reserve", "area_ha": 1604.6, "c_firevuln": 0.0, "c_consval": 33.0, "c_commval": 0.0, "c_respmgmt": 50.0, "c_prevmgmt": 27.0 }, "geometry": { "type": "Polygon", "coordinates": [ [ [ -155.61298, 19.58002 ], [ -155.61295, 19.57832 ], [ -155.61266, 19.57832 ], [ -155.61265, 19.57778 ], [ -155.61178, 19.57698 ], [ -155.61177, 19.5759 ], [ -155.61061, 19.5751 ], [ -155.61055, 19.57131 ], [ -155.61026, 19.57132 ], [ -155.61025, 19.57077 ], [ -155.61054, 19.57077 ], [ -155.61053, 19.56996 ], [ -155.61024, 19.56996 ], [ -155.61018, 19.56644 ], [ -155.61047, 19.56644 ], [ -155.61045, 19.56535 ], [ -155.61017, 19.56536 ], [ -155.61015, 19.564 ], [ -155.60986, 19.56401 ], [ -155.60982, 19.5613 ], [ -155.60924, 19.56104 ], [ -155.60923, 19.56022 ], [ -155.60894, 19.56023 ], [ -155.60919, 19.55806 ], [ -155.60948, 19.55805 ], [ -155.60941, 19.55372 ], [ -155.60796, 19.55266 ], [ -155.60794, 19.55157 ], [ -155.60707, 19.55077 ], [ -155.60764, 19.55022 ], [ -155.60762, 19.54914 ], [ -155.60791, 19.54914 ], [ -155.60788, 19.54751 ], [ -155.60759, 19.54751 ], [ -155.60756, 19.54535 ], [ -155.60784, 19.54507 ], [ -155.60755, 19.54508 ], [ -155.60754, 19.54426 ], [ -155.60667, 19.54346 ], [ -155.60666, 19.54292 ], [ -155.60695, 19.54292 ], [ -155.60692, 19.54102 ], [ -155.60634, 19.54049 ], [ -155.60632, 19.53968 ], [ -155.60661, 19.53967 ], [ -155.60626, 19.53589 ], [ -155.60568, 19.53535 ], [ -155.60568, 19.53481 ], [ -155.60481, 19.53428 ], [ -155.60421, 19.53266 ], [ -155.60364, 19.5324 ], [ -155.60392, 19.53213 ], [ -155.60388, 19.52969 ], [ -155.60301, 19.52916 ], [ -155.603, 19.52835 ], [ -155.60242, 19.52781 ], [ -155.6024, 19.52673 ], [ -155.60183, 19.52647 ], [ -155.6018, 19.52484 ], [ -155.60123, 19.52458 ], [ -155.60119, 19.52241 ], [ -155.60062, 19.52215 ], [ -155.60029, 19.51945 ], [ -155.6, 19.51945 ], [ -155.59965, 19.51539 ], [ -155.59907, 19.51513 ], [ -155.59905, 19.51378 ], [ -155.59847, 19.51324 ], [ -155.59836, 19.5062 ], [ -155.59865, 19.5062 ], [ -155.59863, 19.50511 ], [ -155.59834, 19.50512 ], [ -155.59833, 19.50403 ], [ -155.59804, 19.50404 ], [ -155.59802, 19.50295 ], [ -155.59716, 19.50243 ], [ -155.59715, 19.50188 ], [ -155.59773, 19.50242 ], [ -155.5983, 19.50241 ], [ -155.59832, 19.50349 ], [ -155.5986, 19.50349 ], [ -155.59891, 19.50484 ], [ -155.5992, 19.50483 ], [ -155.59922, 19.50619 ], [ -155.5995, 19.50618 ], [ -155.59953, 19.50781 ], [ -155.60069, 19.50888 ], [ -155.60042, 19.50969 ], [ -155.6007, 19.50969 ], [ -155.60071, 19.51023 ], [ -155.60187, 19.51103 ], [ -155.60189, 19.51238 ], [ -155.60217, 19.51238 ], [ -155.60219, 19.51346 ], [ -155.60248, 19.51346 ], [ -155.60253, 19.51698 ], [ -155.60225, 19.51698 ], [ -155.60226, 19.51752 ], [ -155.6037, 19.51859 ], [ -155.604, 19.51966 ], [ -155.60516, 19.52073 ], [ -155.60602, 19.52099 ], [ -155.60635, 19.52342 ], [ -155.60809, 19.52475 ], [ -155.60809, 19.52529 ], [ -155.60867, 19.52583 ], [ -155.60925, 19.52582 ], [ -155.61012, 19.52689 ], [ -155.61069, 19.52688 ], [ -155.61475, 19.53062 ], [ -155.61532, 19.53061 ], [ -155.6159, 19.53114 ], [ -155.61623, 19.53357 ], [ -155.61767, 19.53464 ], [ -155.61769, 19.53545 ], [ -155.61885, 19.53652 ], [ -155.61942, 19.53651 ], [ -155.62116, 19.53838 ], [ -155.62202, 19.53837 ], [ -155.62203, 19.53891 ], [ -155.62318, 19.5397 ], [ -155.62349, 19.54105 ], [ -155.62465, 19.54185 ], [ -155.62466, 19.54239 ], [ -155.62553, 19.54319 ], [ -155.62555, 19.54455 ], [ -155.62758, 19.54641 ], [ -155.6279, 19.54885 ], [ -155.62935, 19.54991 ], [ -155.62937, 19.55099 ], [ -155.63111, 19.55259 ], [ -155.63113, 19.55395 ], [ -155.6317, 19.55394 ], [ -155.63202, 19.5561 ], [ -155.63259, 19.55609 ], [ -155.63317, 19.55662 ], [ -155.6332, 19.55825 ], [ -155.63407, 19.55878 ], [ -155.63409, 19.56013 ], [ -155.63525, 19.5612 ], [ -155.63497, 19.56147 ], [ -155.63498, 19.56229 ], [ -155.63556, 19.56255 ], [ -155.63556, 19.56309 ], [ -155.63614, 19.56362 ], [ -155.63958, 19.56385 ], [ -155.64132, 19.56545 ], [ -155.64133, 19.56599 ], [ -155.64191, 19.56652 ], [ -155.64334, 19.56677 ], [ -155.6448, 19.56837 ], [ -155.6468, 19.56834 ], [ -155.6468, 19.56862 ], [ -155.64795, 19.56887 ], [ -155.64795, 19.56914 ], [ -155.64938, 19.56912 ], [ -155.65025, 19.56992 ], [ -155.65026, 19.57046 ], [ -155.65083, 19.57045 ], [ -155.65141, 19.57099 ], [ -155.65115, 19.57261 ], [ -155.65173, 19.57288 ], [ -155.65175, 19.57396 ], [ -155.65233, 19.57449 ], [ -155.65234, 19.57531 ], [ -155.65321, 19.57584 ], [ -155.65322, 19.57665 ], [ -155.65467, 19.57771 ], [ -155.65467, 19.57825 ], [ -155.65525, 19.57878 ], [ -155.65527, 19.5796 ], [ -155.65642, 19.58002 ], [ -155.61298, 19.58002 ] ] ] } },
{ "type": "Feature", "properties": { "unit_id": "U-090", "name": "Mauna Loa", "type": "Reserve", "area_ha": 43.2, "c_firevuln": 22.0, "c_consval": 33.0, "c_commval": 0.0, "c_respmgmt": 42.0, "c_prevmgmt": 35.0 }, "geometry": { "type": "Polygon", "coordinates": [ [ [ -155.50735, 19.62544 ], [ -155.50764, 19.6256 ], [ -155.50798, 19.62912 ], [ -155.50827, 19.62911 ], [ -155.50828, 19.62992 ], [ -155.50771, 19.6302 ], [ -155.50773, 19.63129 ], [ -155.5086, 19.63209 ], [ -155.50864, 19.63425 ], [ -155.50892, 19.63425 ], [ -155.50893, 19.63496 ], [ -155.50125, 19.63595 ], [ -155.50735, 19.62544 ] ] ] } },
{ "type": "Feature", "properties": { "unit_id": "U-091", "name": "Southern Inland", "type": "Road-defined", "area_ha": 471.7, "c_firevuln": 26.0, "c_consval": 0.0, "c_commval": 0.0, "c_respmgmt": 27.0, "c_prevmgmt": 36.0 }, "geometry": { "type": "Polygon", "coordinates": [ [ [ -155.91707, 19.77617 ], [ -155.924, 19.77422 ], [ -155.92748, 19.77159 ], [ -155.93089, 19.77011 ], [ -155.93192, 19.76919 ], [ -155.9325, 19.76949 ], [ -155.93251, 19.77003 ], [ -155.93337, 19.77056 ], [ -155.93338, 19.7711 ], [ -155.93396, 19.77136 ], [ -155.93397, 19.7719 ], [ -155.93572, 19.7735 ], [ -155.93629, 19.77349 ], [ -155.93658, 19.77403 ], [ -155.93716, 19.77402 ], [ -155.93861, 19.77535 ], [ -155.93864, 19.7767 ], [ -155.93836, 19.77698 ], [ -155.93893, 19.77724 ], [ -155.93896, 19.77886 ], [ -155.93868, 19.77887 ], [ -155.9387, 19.77995 ], [ -155.93841, 19.77995 ], [ -155.93842, 19.78077 ], [ -155.93786, 19.78132 ], [ -155.93787, 19.78186 ], [ -155.93874, 19.78239 ], [ -155.93881, 19.78618 ], [ -155.9391, 19.78617 ], [ -155.93911, 19.78698 ], [ -155.93854, 19.78726 ], [ -155.93831, 19.78998 ], [ -155.93774, 19.79026 ], [ -155.93776, 19.79107 ], [ -155.93804, 19.79106 ], [ -155.93779, 19.79296 ], [ -155.93808, 19.79296 ], [ -155.93811, 19.79458 ], [ -155.93783, 19.79486 ], [ -155.93811, 19.79485 ], [ -155.93817, 19.79783 ], [ -155.93874, 19.79809 ], [ -155.93907, 19.80026 ], [ -155.93965, 19.80079 ], [ -155.93968, 19.80214 ], [ -155.93911, 19.80242 ], [ -155.93944, 19.80512 ], [ -155.93916, 19.80513 ], [ -155.93917, 19.80594 ], [ -155.93975, 19.8062 ], [ -155.93977, 19.807 ], [ -155.91875, 19.78051 ], [ -155.91707, 19.77617 ] ] ] } },
{ "type": "Feature", "properties": { "unit_id": "U-092", "name": "Southern Inland", "type": "Road-defined", "area_ha": 536.8, "c_firevuln": 54.0, "c_consval": 0.0, "c_commval": 0.0, "c_respmgmt": 54.0, "c_prevmgmt": 43.0 }, "geometry": { "type": "Polygon", "coordinates": [ [ [ -155.98505, 19.81096 ], [ -155.98474, 19.80979 ], [ -155.9827, 19.80793 ], [ -155.98269, 19.80739 ], [ -155.98183, 19.80713 ], [ -155.97834, 19.80394 ], [ -155.97832, 19.80313 ], [ -155.97804, 19.80313 ], [ -155.97773, 19.80205 ], [ -155.97744, 19.80206 ], [ -155.97714, 19.80098 ], [ -155.97656, 19.80072 ], [ -155.97655, 19.80018 ], [ -155.97598, 19.80019 ], [ -155.97596, 19.79937 ], [ -155.9751, 19.79912 ], [ -155.97508, 19.79803 ], [ -155.97392, 19.79697 ], [ -155.97361, 19.79562 ], [ -155.97332, 19.79563 ], [ -155.9736, 19.79535 ], [ -155.9733, 19.79481 ], [ -155.97359, 19.79481 ], [ -155.97384, 19.79264 ], [ -155.97325, 19.79211 ], [ -155.97321, 19.78967 ], [ -155.97234, 19.78887 ], [ -155.97233, 19.78833 ], [ -155.96883, 19.78514 ], [ -155.96797, 19.78515 ], [ -155.96564, 19.78275 ], [ -155.96421, 19.78278 ], [ -155.96392, 19.78251 ], [ -155.96391, 19.7817 ], [ -155.96274, 19.78064 ], [ -155.96241, 19.77793 ], [ -155.96183, 19.77767 ], [ -155.96178, 19.77496 ], [ -155.9612, 19.7747 ], [ -155.96118, 19.77335 ], [ -155.95943, 19.77175 ], [ -155.95941, 19.77067 ], [ -155.96025, 19.76984 ], [ -155.96019, 19.76659 ], [ -155.95991, 19.7666 ], [ -155.95989, 19.76579 ], [ -155.95786, 19.7642 ], [ -155.95784, 19.76311 ], [ -155.95726, 19.76285 ], [ -155.95724, 19.76177 ], [ -155.95696, 19.76177 ], [ -155.95688, 19.75744 ], [ -155.9563, 19.75691 ], [ -155.95627, 19.75528 ], [ -155.95684, 19.75528 ], [ -155.96178, 19.7598 ], [ -155.96179, 19.76034 ], [ -155.96266, 19.76087 ], [ -155.96268, 19.76195 ], [ -155.96355, 19.76275 ], [ -155.96441, 19.76273 ], [ -155.96558, 19.7638 ], [ -155.96559, 19.76461 ], [ -155.96646, 19.76514 ], [ -155.96647, 19.76595 ], [ -155.96591, 19.76623 ], [ -155.96592, 19.76704 ], [ -155.9668, 19.76784 ], [ -155.96737, 19.76783 ], [ -155.96737, 19.7681 ], [ -155.96852, 19.76808 ], [ -155.96939, 19.76915 ], [ -155.97112, 19.76966 ], [ -155.97316, 19.77153 ], [ -155.97318, 19.77288 ], [ -155.97347, 19.77314 ], [ -155.97319, 19.77315 ], [ -155.9732, 19.77396 ], [ -155.97349, 19.77396 ], [ -155.9738, 19.77504 ], [ -155.97609, 19.77527 ], [ -155.9761, 19.77608 ], [ -155.97755, 19.77714 ], [ -155.97769, 19.78472 ], [ -155.97741, 19.78472 ], [ -155.97742, 19.78554 ], [ -155.97714, 19.78554 ], [ -155.97716, 19.7869 ], [ -155.97688, 19.7869 ], [ -155.97722, 19.79014 ], [ -155.97839, 19.79121 ], [ -155.97869, 19.79229 ], [ -155.97928, 19.79282 ], [ -155.9793, 19.7939 ], [ -155.98017, 19.7947 ], [ -155.98019, 19.79578 ], [ -155.98106, 19.79631 ], [ -155.98108, 19.79739 ], [ -155.98195, 19.79792 ], [ -155.98196, 19.79846 ], [ -155.98399, 19.80032 ], [ -155.98457, 19.80031 ], [ -155.98574, 19.80165 ], [ -155.98803, 19.80188 ], [ -155.98833, 19.80269 ], [ -155.98949, 19.80348 ], [ -155.9895, 19.80402 ], [ -155.99008, 19.80455 ], [ -155.9901, 19.80564 ], [ -155.99126, 19.80643 ], [ -155.99127, 19.80675 ], [ -155.98962, 19.80816 ], [ -155.98505, 19.81096 ] ] ] } },
{ "type": "Feature", "properties": { "unit_id": "U-093", "name": "Southern Inland", "type": "Road-defined", "area_ha": 543.6, "c_firevuln": 50.0, "c_consval": 0.0, "c_commval": 0.0, "c_respmgmt": 18.0, "c_prevmgmt": 41.0 }, "geometry": { "type": "Polygon", "coordinates": [ [ [ -155.99295, 19.80505 ], [ -155.99236, 19.80424 ], [ -155.99008, 19.80428 ], [ -155.98833, 19.80269 ], [ -155.98803, 19.80188 ], [ -155.98574, 19.80165 ], [ -155.98108, 19.79739 ], [ -155.98106, 19.79631 ], [ -155.98019, 19.79578 ], [ -155.98017, 19.7947 ], [ -155.9793, 19.7939 ], [ -155.97928, 19.79282 ], [ -155.97869, 19.79229 ], [ -155.97839, 19.79121 ], [ -155.97781, 19.79095 ], [ -155.9778, 19.79041 ], [ -155.97722, 19.79014 ], [ -155.9772, 19.78906 ], [ -155.97692, 19.78907 ], [ -155.97688, 19.7869 ], [ -155.97716, 19.7869 ], [ -155.97714, 19.78554 ], [ -155.97742, 19.78554 ], [ -155.97741, 19.78472 ], [ -155.97769, 19.78472 ], [ -155.97755, 19.77714 ], [ -155.9761, 19.77608 ], [ -155.97609, 19.77527 ], [ -155.9738, 19.77504 ], [ -155.97349, 19.77396 ], [ -155.9732, 19.77396 ], [ -155.97319, 19.77315 ], [ -155.97433, 19.77313 ], [ -155.9755, 19.77419 ], [ -155.97635, 19.77418 ], [ -155.97665, 19.77472 ], [ -155.97751, 19.7747 ], [ -155.97751, 19.77497 ], [ -155.98037, 19.77465 ], [ -155.98037, 19.77493 ], [ -155.98209, 19.7749 ], [ -155.9821, 19.77544 ], [ -155.98353, 19.77541 ], [ -155.98469, 19.77648 ], [ -155.9847, 19.77702 ], [ -155.98586, 19.77781 ], [ -155.98587, 19.77835 ], [ -155.98731, 19.7786 ], [ -155.98818, 19.7794 ], [ -155.98819, 19.77994 ], [ -155.98936, 19.781 ], [ -155.98967, 19.78235 ], [ -155.99083, 19.78315 ], [ -155.99084, 19.78369 ], [ -155.99229, 19.78502 ], [ -155.99344, 19.785 ], [ -155.9946, 19.78633 ], [ -155.99546, 19.78632 ], [ -155.99634, 19.78712 ], [ -155.99691, 19.78711 ], [ -155.99693, 19.78819 ], [ -155.99779, 19.78845 ], [ -155.99896, 19.78951 ], [ -155.99897, 19.79032 ], [ -155.99926, 19.79059 ], [ -155.99983, 19.79058 ], [ -155.99984, 19.79085 ], [ -156.00156, 19.79082 ], [ -156.00155, 19.79055 ], [ -156.00241, 19.79054 ], [ -156.003, 19.79134 ], [ -156.00357, 19.79133 ], [ -156.00415, 19.79186 ], [ -156.00443, 19.79414 ], [ -155.99721, 19.80157 ], [ -155.99295, 19.80505 ] ] ] } },
{ "type": "Feature", "properties": { "unit_id": "U-094", "name": "Southern Inland", "type": "Road-defined", "area_ha": 425.3, "c_firevuln": 23.0, "c_consval": 0.0, "c_commval": 0.0, "c_respmgmt": 12.0, "c_prevmgmt": 41.0 }, "geometry": { "type": "Polygon", "coordinates": [ [ [ -155.97607, 19.77418 ], [ -155.97691, 19.77309 ], [ -155.97805, 19.77334 ], [ -155.97833, 19.77279 ], [ -155.97919, 19.77305 ], [ -155.97919, 19.77278 ], [ -155.98005, 19.77276 ], [ -155.98006, 19.77331 ], [ -155.98063, 19.7733 ], [ -155.98121, 19.77383 ], [ -155.98122, 19.77437 ], [ -155.98553, 19.77511 ], [ -155.9858, 19.77456 ], [ -155.98637, 19.77455 ], [ -155.98722, 19.77373 ], [ -155.9872, 19.77292 ], [ -155.98806, 19.7729 ], [ -155.98834, 19.77236 ], [ -155.98977, 19.7726 ], [ -155.99033, 19.77205 ], [ -155.9912, 19.77231 ], [ -155.99119, 19.77204 ], [ -155.99176, 19.77203 ], [ -155.99177, 19.7723 ], [ -155.99492, 19.77252 ], [ -155.9955, 19.77305 ], [ -155.99607, 19.77304 ], [ -155.99695, 19.77411 ], [ -155.99981, 19.77406 ], [ -155.99982, 19.77433 ], [ -156.00096, 19.77431 ], [ -156.00154, 19.77484 ], [ -156.00297, 19.77482 ], [ -156.00356, 19.77562 ], [ -156.0047, 19.7756 ], [ -156.0047, 19.77533 ], [ -156.00556, 19.77532 ], [ -156.00555, 19.77505 ], [ -156.00727, 19.77502 ], [ -156.00727, 19.77529 ], [ -156.00984, 19.77497 ], [ -156.01188, 19.77683 ], [ -156.01245, 19.77683 ], [ -156.01246, 19.77737 ], [ -156.01304, 19.77763 ], [ -156.01305, 19.77844 ], [ -156.01363, 19.7787 ], [ -156.01364, 19.77924 ], [ -156.01451, 19.78004 ], [ -156.01456, 19.78085 ], [ -156.00953, 19.78803 ], [ -156.00448, 19.79402 ], [ -156.00419, 19.79376 ], [ -156.00415, 19.79186 ], [ -156.00357, 19.79133 ], [ -156.003, 19.79134 ], [ -156.00241, 19.79054 ], [ -156.00155, 19.79055 ], [ -156.00156, 19.79082 ], [ -155.99984, 19.79085 ], [ -155.99983, 19.79058 ], [ -155.99926, 19.79059 ], [ -155.99897, 19.79032 ], [ -155.99896, 19.78951 ], [ -155.99779, 19.78845 ], [ -155.99693, 19.78819 ], [ -155.99691, 19.78711 ], [ -155.99634, 19.78712 ], [ -155.99546, 19.78632 ], [ -155.9946, 19.78633 ], [ -155.99344, 19.785 ], [ -155.99229, 19.78502 ], [ -155.99084, 19.78369 ], [ -155.99083, 19.78315 ], [ -155.98967, 19.78235 ], [ -155.98936, 19.781 ], [ -155.98819, 19.77994 ], [ -155.98818, 19.7794 ], [ -155.98731, 19.7786 ], [ -155.98587, 19.77835 ], [ -155.98586, 19.77781 ], [ -155.9847, 19.77702 ], [ -155.98469, 19.77648 ], [ -155.98353, 19.77541 ], [ -155.9821, 19.77544 ], [ -155.98209, 19.7749 ], [ -155.98037, 19.77493 ], [ -155.98037, 19.77465 ], [ -155.97751, 19.77497 ], [ -155.97751, 19.7747 ], [ -155.97665, 19.77472 ], [ -155.97607, 19.77418 ] ] ] } },
{ "type": "Feature", "properties": { "unit_id": "U-095", "name": "Southern Inland", "type": "Road-defined", "area_ha": 848.0, "c_firevuln": 17.0, "c_consval": 0.0, "c_commval": 0.0, "c_respmgmt": 24.0, "c_prevmgmt": 36.0 }, "geometry": { "type": "Polygon", "coordinates": [ [ [ -155.95159, 19.82449 ], [ -155.95101, 19.82335 ], [ -155.94979, 19.82283 ], [ -155.94918, 19.82121 ], [ -155.94861, 19.82095 ], [ -155.94829, 19.81933 ], [ -155.948, 19.81934 ], [ -155.94799, 19.81852 ], [ -155.94828, 19.81852 ], [ -155.94797, 19.81744 ], [ -155.94711, 19.81718 ], [ -155.94332, 19.81373 ], [ -155.9433, 19.81264 ], [ -155.94273, 19.81265 ], [ -155.94272, 19.81184 ], [ -155.94126, 19.81051 ], [ -155.94069, 19.81052 ], [ -155.94039, 19.80971 ], [ -155.9401, 19.80972 ], [ -155.94009, 19.80918 ], [ -155.93981, 19.80918 ], [ -155.93975, 19.8062 ], [ -155.93917, 19.80594 ], [ -155.93916, 19.80513 ], [ -155.93944, 19.80512 ], [ -155.93911, 19.80242 ], [ -155.93968, 19.80214 ], [ -155.93965, 19.80079 ], [ -155.93907, 19.80026 ], [ -155.93874, 19.79809 ], [ -155.93817, 19.79783 ], [ -155.93811, 19.79485 ], [ -155.93783, 19.79486 ], [ -155.93811, 19.79458 ], [ -155.93808, 19.79296 ], [ -155.93779, 19.79296 ], [ -155.93804, 19.79106 ], [ -155.93776, 19.79107 ], [ -155.93774, 19.79026 ], [ -155.93831, 19.78998 ], [ -155.93854, 19.78726 ], [ -155.93911, 19.78698 ], [ -155.9391, 19.78617 ], [ -155.93881, 19.78618 ], [ -155.93874, 19.78239 ], [ -155.93787, 19.78186 ], [ -155.93786, 19.78132 ], [ -155.93842, 19.78077 ], [ -155.93841, 19.77995 ], [ -155.9387, 19.77995 ], [ -155.93868, 19.77887 ], [ -155.93896, 19.77886 ], [ -155.93893, 19.77724 ], [ -155.93836, 19.77698 ], [ -155.93864, 19.7767 ], [ -155.93861, 19.77535 ], [ -155.93716, 19.77402 ], [ -155.93658, 19.77403 ], [ -155.93629, 19.77349 ], [ -155.93572, 19.7735 ], [ -155.93484, 19.7727 ], [ -155.93397, 19.7719 ], [ -155.93396, 19.77136 ], [ -155.93338, 19.7711 ], [ -155.93337, 19.77056 ], [ -155.93251, 19.77003 ], [ -155.9325, 19.76949 ], [ -155.93192, 19.76923 ], [ -155.93259, 19.76869 ], [ -155.93578, 19.76804 ], [ -155.93899, 19.76661 ], [ -155.94387, 19.76548 ], [ -155.94415, 19.76551 ], [ -155.94417, 19.76659 ], [ -155.94446, 19.76658 ], [ -155.94448, 19.76767 ], [ -155.94476, 19.76766 ], [ -155.94481, 19.7701 ], [ -155.94452, 19.7701 ], [ -155.94465, 19.77687 ], [ -155.94493, 19.77687 ], [ -155.94495, 19.77768 ], [ -155.94523, 19.77767 ], [ -155.94527, 19.77984 ], [ -155.94499, 19.78012 ], [ -155.94557, 19.78038 ], [ -155.94589, 19.78227 ], [ -155.94676, 19.7828 ], [ -155.9471, 19.78577 ], [ -155.94797, 19.7863 ], [ -155.94832, 19.79008 ], [ -155.9489, 19.79034 ], [ -155.94894, 19.79251 ], [ -155.94981, 19.79304 ], [ -155.94982, 19.79385 ], [ -155.95098, 19.79464 ], [ -155.951, 19.79545 ], [ -155.95158, 19.79572 ], [ -155.95159, 19.79626 ], [ -155.95245, 19.79678 ], [ -155.95248, 19.79814 ], [ -155.95306, 19.7984 ], [ -155.95307, 19.79894 ], [ -155.95481, 19.80027 ], [ -155.95482, 19.80108 ], [ -155.9554, 19.80134 ], [ -155.95545, 19.80432 ], [ -155.95574, 19.80431 ], [ -155.95575, 19.80513 ], [ -155.95605, 19.80539 ], [ -155.95663, 19.80592 ], [ -155.9572, 19.80591 ], [ -155.95722, 19.80673 ], [ -155.95983, 19.80885 ], [ -155.95984, 19.80939 ], [ -155.961, 19.81046 ], [ -155.96301, 19.81069 ], [ -155.9636, 19.8115 ], [ -155.96617, 19.81118 ], [ -155.96646, 19.81172 ], [ -155.96789, 19.81169 ], [ -155.9682, 19.8125 ], [ -155.96848, 19.8125 ], [ -155.96849, 19.81304 ], [ -155.96994, 19.8141 ], [ -155.96995, 19.81464 ], [ -155.96783, 19.81526 ], [ -155.95159, 19.82449 ] ] ] } },
{ "type": "Feature", "properties": { "unit_id": "U-096", "name": "Southern Inland", "type": "Road-defined", "area_ha": 1120.8, "c_firevuln": 39.0, "c_consval": 0.0, "c_commval": 0.0, "c_respmgmt": 35.0, "c_prevmgmt": 42.0 }, "geometry": { "type": "Polygon", "coordinates": [ [ [ -155.94387, 19.76548 ], [ -155.95725, 19.76227 ], [ -155.95726, 19.76285 ], [ -155.95784, 19.76311 ], [ -155.95786, 19.7642 ], [ -155.95989, 19.76579 ], [ -155.95991, 19.7666 ], [ -155.96019, 19.76659 ], [ -155.96025, 19.76984 ], [ -155.95941, 19.77067 ], [ -155.95943, 19.77175 ], [ -155.96118, 19.77335 ], [ -155.9612, 19.7747 ], [ -155.96178, 19.77496 ], [ -155.96183, 19.77767 ], [ -155.96241, 19.77793 ], [ -155.96274, 19.78064 ], [ -155.96391, 19.7817 ], [ -155.96392, 19.78251 ], [ -155.96421, 19.78278 ], [ -155.96564, 19.78275 ], [ -155.96797, 19.78515 ], [ -155.96883, 19.78514 ], [ -155.97233, 19.78833 ], [ -155.97234, 19.78887 ], [ -155.97291, 19.78913 ], [ -155.97292, 19.78967 ], [ -155.97321, 19.78967 ], [ -155.97325, 19.79211 ], [ -155.97384, 19.79264 ], [ -155.97359, 19.79481 ], [ -155.9733, 19.79481 ], [ -155.9736, 19.79535 ], [ -155.97332, 19.79563 ], [ -155.97361, 19.79562 ], [ -155.97392, 19.79697 ], [ -155.97508, 19.79803 ], [ -155.9751, 19.79912 ], [ -155.97596, 19.79937 ], [ -155.97598, 19.80019 ], [ -155.97655, 19.80018 ], [ -155.97656, 19.80072 ], [ -155.97714, 19.80098 ], [ -155.97715, 19.80152 ], [ -155.97773, 19.80205 ], [ -155.97745, 19.80233 ], [ -155.97749, 19.80422 ], [ -155.97777, 19.80422 ], [ -155.9778, 19.80584 ], [ -155.97866, 19.8061 ], [ -155.979, 19.80853 ], [ -155.97986, 19.80906 ], [ -155.97988, 19.80987 ], [ -155.98017, 19.80987 ], [ -155.9802, 19.81176 ], [ -155.98106, 19.81202 ], [ -155.98136, 19.81245 ], [ -155.96995, 19.81464 ], [ -155.96994, 19.8141 ], [ -155.96849, 19.81304 ], [ -155.96848, 19.8125 ], [ -155.9682, 19.8125 ], [ -155.96789, 19.81169 ], [ -155.96646, 19.81172 ], [ -155.96617, 19.81118 ], [ -155.9636, 19.8115 ], [ -155.96301, 19.81069 ], [ -155.961, 19.81046 ], [ -155.95984, 19.80939 ], [ -155.95983, 19.80885 ], [ -155.95722, 19.80673 ], [ -155.9572, 19.80591 ], [ -155.95663, 19.80592 ], [ -155.95575, 19.80513 ], [ -155.95574, 19.80431 ], [ -155.95545, 19.80432 ], [ -155.9554, 19.80134 ], [ -155.95482, 19.80108 ], [ -155.95481, 19.80027 ], [ -155.95248, 19.79814 ], [ -155.95245, 19.79678 ], [ -155.95159, 19.79626 ], [ -155.95158, 19.79572 ], [ -155.951, 19.79545 ], [ -155.95098, 19.79464 ], [ -155.94982, 19.79385 ], [ -155.94981, 19.79304 ], [ -155.94894, 19.79251 ], [ -155.9489, 19.79034 ], [ -155.94832, 19.79008 ], [ -155.94797, 19.7863 ], [ -155.9471, 19.78577 ], [ -155.94676, 19.7828 ], [ -155.94589, 19.78227 ], [ -155.94557, 19.78038 ], [ -155.94499, 19.78012 ], [ -155.94527, 19.77984 ], [ -155.94523, 19.77767 ], [ -155.94495, 19.77768 ], [ -155.94493, 19.77687 ], [ -155.94465, 19.77687 ], [ -155.94452, 19.7701 ], [ -155.94481, 19.7701 ], [ -155.94476, 19.76766 ], [ -155.94448, 19.76767 ], [ -155.94446, 19.76658 ], [ -155.94417, 19.76659 ], [ -155.94415, 19.76551 ], [ -155.94387, 19.76548 ] ] ] } },
{ "type": "Feature", "properties": { "unit_id": "U-097", "name": "Southern Inland", "type": "Road-defined", "area_ha": 836.2, "c_firevuln": 29.0, "c_consval": 0.0, "c_commval": 0.0, "c_respmgmt": 18.0, "c_prevmgmt": 41.0 }, "geometry": { "type": "Polygon", "coordinates": [ [ [ -155.97607, 19.77418 ], [ -155.9755, 19.77419 ], [ -155.97491, 19.77339 ], [ -155.97318, 19.77288 ], [ -155.97316, 19.77153 ], [ -155.97112, 19.76966 ], [ -155.96939, 19.76915 ], [ -155.96852, 19.76808 ], [ -155.96737, 19.7681 ], [ -155.96737, 19.76783 ], [ -155.9668, 19.76784 ], [ -155.96592, 19.76704 ], [ -155.96591, 19.76623 ], [ -155.96647, 19.76595 ], [ -155.96646, 19.76514 ], [ -155.96559, 19.76461 ], [ -155.96558, 19.7638 ], [ -155.96441, 19.76273 ], [ -155.96355, 19.76275 ], [ -155.96268, 19.76195 ], [ -155.96266, 19.76087 ], [ -155.96179, 19.76034 ], [ -155.96602, 19.75639 ], [ -155.96752, 19.75562 ], [ -155.97044, 19.75482 ], [ -155.97269, 19.75313 ], [ -155.97543, 19.75497 ], [ -155.97896, 19.75661 ], [ -155.97964, 19.7574 ], [ -155.98037, 19.75949 ], [ -155.98415, 19.7624 ], [ -155.99017, 19.76286 ], [ -155.99373, 19.7639 ], [ -155.99564, 19.76519 ], [ -155.99737, 19.7657 ], [ -155.99965, 19.7654 ], [ -156.00167, 19.76435 ], [ -156.00534, 19.76395 ], [ -156.00974, 19.76198 ], [ -156.0139, 19.76263 ], [ -156.01879, 19.76426 ], [ -156.02198, 19.76409 ], [ -156.0238, 19.76467 ], [ -156.02135, 19.77031 ], [ -156.01844, 19.77521 ], [ -156.01456, 19.78085 ], [ -156.01451, 19.78004 ], [ -156.01364, 19.77924 ], [ -156.01363, 19.7787 ], [ -156.01305, 19.77844 ], [ -156.01304, 19.77763 ], [ -156.01246, 19.77737 ], [ -156.01245, 19.77683 ], [ -156.01188, 19.77683 ], [ -156.00984, 19.77497 ], [ -156.00727, 19.77529 ], [ -156.00727, 19.77502 ], [ -156.00555, 19.77505 ], [ -156.00556, 19.77532 ], [ -156.0047, 19.77533 ], [ -156.0047, 19.7756 ], [ -156.00356, 19.77562 ], [ -156.00297, 19.77482 ], [ -156.00154, 19.77484 ], [ -156.00096, 19.77431 ], [ -155.99982, 19.77433 ], [ -155.99981, 19.77406 ], [ -155.99695, 19.77411 ], [ -155.99607, 19.77304 ], [ -155.9955, 19.77305 ], [ -155.99492, 19.77252 ], [ -155.99177, 19.7723 ], [ -155.99176, 19.77203 ], [ -155.99119, 19.77204 ], [ -155.9912, 19.77231 ], [ -155.99033, 19.77205 ], [ -155.98977, 19.7726 ], [ -155.98834, 19.77236 ], [ -155.98806, 19.7729 ], [ -155.9872, 19.77292 ], [ -155.98722, 19.77373 ], [ -155.98637, 19.77455 ], [ -155.9858, 19.77456 ], [ -155.98553, 19.77511 ], [ -155.98122, 19.77437 ], [ -155.98121, 19.77383 ], [ -155.98063, 19.7733 ], [ -155.98006, 19.77331 ], [ -155.98005, 19.77276 ], [ -155.97919, 19.77278 ], [ -155.97919, 19.77305 ], [ -155.97833, 19.77279 ], [ -155.97805, 19.77334 ], [ -155.97691, 19.77309 ], [ -155.97607, 19.77418 ] ] ] } },
{ "type": "Feature", "properties": { "unit_id": "U-098", "name": "Waikoloa Inland - South", "type": "Road-defined", "area_ha": 804.0, "c_firevuln": 26.0, "c_consval": 0.0, "c_commval": 0.0, "c_respmgmt": 9.0, "c_prevmgmt": 25.0 }, "geometry": { "type": "Polygon", "coordinates": [ [ [ -155.83436, 19.91409 ], [ -155.83406, 19.91327 ], [ -155.83347, 19.91274 ], [ -155.8329, 19.91275 ], [ -155.83289, 19.91194 ], [ -155.8326, 19.91194 ], [ -155.83259, 19.91113 ], [ -155.83315, 19.91085 ], [ -155.83314, 19.91004 ], [ -155.83257, 19.91005 ], [ -155.83198, 19.90924 ], [ -155.83141, 19.90925 ], [ -155.83139, 19.90817 ], [ -155.83052, 19.90791 ], [ -155.82906, 19.90604 ], [ -155.8282, 19.90578 ], [ -155.82819, 19.90524 ], [ -155.82761, 19.90498 ], [ -155.8276, 19.90444 ], [ -155.82731, 19.90444 ], [ -155.82701, 19.90363 ], [ -155.82644, 19.90364 ], [ -155.82614, 19.90311 ], [ -155.82443, 19.90313 ], [ -155.82413, 19.90232 ], [ -155.82384, 19.90233 ], [ -155.82382, 19.90152 ], [ -155.82297, 19.90153 ], [ -155.82238, 19.901 ], [ -155.82237, 19.90046 ], [ -155.82121, 19.89966 ], [ -155.8212, 19.89885 ], [ -155.82033, 19.89805 ], [ -155.8206, 19.89723 ], [ -155.82003, 19.89724 ], [ -155.81973, 19.89644 ], [ -155.81915, 19.89617 ], [ -155.81942, 19.89534 ], [ -155.87806, 19.90888 ], [ -155.86037, 19.92205 ], [ -155.85992, 19.92128 ], [ -155.85408, 19.91906 ], [ -155.84809, 19.91879 ], [ -155.8432, 19.91805 ], [ -155.84215, 19.91724 ], [ -155.83808, 19.9161 ], [ -155.8351, 19.91419 ], [ -155.83436, 19.91409 ] ] ] } },
{ "type": "Feature", "properties": { "unit_id": "U-099", "name": "Waikoloa Inland - South", "type": "Road-defined", "area_ha": 1587.1, "c_firevuln": 73.0, "c_consval": 0.0, "c_commval": 0.0, "c_respmgmt": 30.0, "c_prevmgmt": 30.0 }, "geometry": { "type": "Polygon", "coordinates": [ [ [ -155.7214, 19.87671 ], [ -155.72871, 19.86535 ], [ -155.72873, 19.86644 ], [ -155.7293, 19.86643 ], [ -155.72932, 19.86751 ], [ -155.73135, 19.8691 ], [ -155.73136, 19.86965 ], [ -155.73222, 19.8699 ], [ -155.73253, 19.87098 ], [ -155.7331, 19.87097 ], [ -155.73369, 19.87178 ], [ -155.73483, 19.87203 ], [ -155.73484, 19.8723 ], [ -155.73627, 19.87228 ], [ -155.73627, 19.87201 ], [ -155.73884, 19.87197 ], [ -155.7394, 19.87115 ], [ -155.74112, 19.87112 ], [ -155.74141, 19.87139 ], [ -155.74142, 19.8722 ], [ -155.74114, 19.87247 ], [ -155.74201, 19.87327 ], [ -155.74402, 19.87351 ], [ -155.74431, 19.87378 ], [ -155.74433, 19.87459 ], [ -155.74491, 19.87512 ], [ -155.74748, 19.87509 ], [ -155.74808, 19.87616 ], [ -155.75037, 19.87639 ], [ -155.75097, 19.87774 ], [ -155.75498, 19.87795 ], [ -155.75498, 19.87822 ], [ -155.75556, 19.87821 ], [ -155.75586, 19.87902 ], [ -155.75672, 19.87955 ], [ -155.75704, 19.88117 ], [ -155.75761, 19.88116 ], [ -155.75762, 19.88143 ], [ -155.75876, 19.88114 ], [ -155.75963, 19.88221 ], [ -155.76106, 19.88219 ], [ -155.76166, 19.88326 ], [ -155.76251, 19.88325 ], [ -155.76513, 19.88565 ], [ -155.76715, 19.88616 ], [ -155.76744, 19.88642 ], [ -155.76777, 19.88913 ], [ -155.76834, 19.88912 ], [ -155.76864, 19.88965 ], [ -155.76921, 19.88965 ], [ -155.77008, 19.89044 ], [ -155.7701, 19.89126 ], [ -155.77068, 19.89179 ], [ -155.7724, 19.89203 ], [ -155.77241, 19.89258 ], [ -155.77356, 19.89283 ], [ -155.77358, 19.89364 ], [ -155.77445, 19.89444 ], [ -155.77502, 19.89443 ], [ -155.77503, 19.89497 ], [ -155.77618, 19.89523 ], [ -155.77653, 19.89874 ], [ -155.77711, 19.899 ], [ -155.77714, 19.90117 ], [ -155.77686, 19.90117 ], [ -155.77688, 19.90226 ], [ -155.77631, 19.90254 ], [ -155.77634, 19.90416 ], [ -155.77691, 19.90415 ], [ -155.77692, 19.90469 ], [ -155.77749, 19.90468 ], [ -155.77808, 19.90549 ], [ -155.78094, 19.90517 ], [ -155.78093, 19.9049 ], [ -155.78179, 19.90489 ], [ -155.78179, 19.90462 ], [ -155.7835, 19.90459 ], [ -155.78351, 19.90486 ], [ -155.78408, 19.90485 ], [ -155.7841, 19.90594 ], [ -155.78468, 19.90647 ], [ -155.7847, 19.90755 ], [ -155.78499, 19.90755 ], [ -155.78529, 19.90863 ], [ -155.78558, 19.90862 ], [ -155.78561, 19.91025 ], [ -155.78618, 19.91024 ], [ -155.78619, 19.91105 ], [ -155.78707, 19.91185 ], [ -155.78679, 19.91212 ], [ -155.7868, 19.91321 ], [ -155.78709, 19.9132 ], [ -155.7874, 19.91428 ], [ -155.78885, 19.91561 ], [ -155.79, 19.91586 ], [ -155.79058, 19.9164 ], [ -155.79059, 19.91694 ], [ -155.79259, 19.91664 ], [ -155.79346, 19.91744 ], [ -155.79432, 19.91742 ], [ -155.79433, 19.91796 ], [ -155.79519, 19.91795 ], [ -155.79521, 19.91876 ], [ -155.7955, 19.91903 ], [ -155.7975, 19.919 ], [ -155.79808, 19.91953 ], [ -155.79809, 19.9201 ], [ -155.79713, 19.92008 ], [ -155.79712, 19.92035 ], [ -155.79597, 19.9206 ], [ -155.79597, 19.92088 ], [ -155.79511, 19.92086 ], [ -155.7951, 19.92113 ], [ -155.79396, 19.92111 ], [ -155.79366, 19.92165 ], [ -155.7928, 19.92163 ], [ -155.79192, 19.9227 ], [ -155.79135, 19.92269 ], [ -155.79136, 19.92242 ], [ -155.79106, 19.92268 ], [ -155.78992, 19.92266 ], [ -155.78903, 19.924 ], [ -155.78789, 19.92371 ], [ -155.7879, 19.92344 ], [ -155.78675, 19.92342 ], [ -155.78648, 19.92287 ], [ -155.7839, 19.92309 ], [ -155.78331, 19.92362 ], [ -155.7833, 19.92417 ], [ -155.78302, 19.92416 ], [ -155.783, 19.9251 ], [ -155.77844, 19.92337 ], [ -155.77774, 19.9226 ], [ -155.77739, 19.92087 ], [ -155.7786, 19.91784 ], [ -155.77871, 19.91656 ], [ -155.77825, 19.91555 ], [ -155.77561, 19.91367 ], [ -155.77373, 19.9103 ], [ -155.77023, 19.90741 ], [ -155.76825, 19.90677 ], [ -155.75937, 19.90532 ], [ -155.75537, 19.90632 ], [ -155.74406, 19.9052 ], [ -155.74287, 19.90474 ], [ -155.74159, 19.90357 ], [ -155.74091, 19.9022 ], [ -155.73593, 19.8878 ], [ -155.73337, 19.88508 ], [ -155.72917, 19.88365 ], [ -155.72808, 19.88268 ], [ -155.72722, 19.8793 ], [ -155.72644, 19.87819 ], [ -155.72519, 19.87722 ], [ -155.72418, 19.87695 ], [ -155.72246, 19.87708 ], [ -155.7214, 19.87671 ] ] ] } },
{ "type": "Feature", "properties": { "unit_id": "U-100", "name": "Waikoloa Inland - South", "type": "Road-defined", "area_ha": 2340.7, "c_firevuln": 60.0, "c_consval": 0.0, "c_commval": 0.0, "c_respmgmt": 28.0, "c_prevmgmt": 27.0 }, "geometry": { "type": "Polygon", "coordinates": [ [ [ -155.79809, 19.9201 ], [ -155.79808, 19.91953 ], [ -155.7975, 19.919 ], [ -155.7955, 19.91903 ], [ -155.79521, 19.91876 ], [ -155.79519, 19.91795 ], [ -155.79433, 19.91796 ], [ -155.79432, 19.91742 ], [ -155.79346, 19.91744 ], [ -155.79259, 19.91664 ], [ -155.79059, 19.91694 ], [ -155.79058, 19.9164 ], [ -155.79, 19.91586 ], [ -155.78885, 19.91561 ], [ -155.7874, 19.91428 ], [ -155.78709, 19.9132 ], [ -155.7868, 19.91321 ], [ -155.78679, 19.91212 ], [ -155.78707, 19.91185 ], [ -155.78619, 19.91105 ], [ -155.78618, 19.91024 ], [ -155.78561, 19.91025 ], [ -155.78558, 19.90862 ], [ -155.78529, 19.90863 ], [ -155.78499, 19.90755 ], [ -155.7847, 19.90755 ], [ -155.78468, 19.90647 ], [ -155.7841, 19.90594 ], [ -155.78408, 19.90485 ], [ -155.78351, 19.90486 ], [ -155.7835, 19.90459 ], [ -155.78179, 19.90462 ], [ -155.78179, 19.90489 ], [ -155.78093, 19.9049 ], [ -155.78094, 19.90517 ], [ -155.77808, 19.90549 ], [ -155.77749, 19.90468 ], [ -155.77692, 19.90469 ], [ -155.77691, 19.90415 ], [ -155.77634, 19.90416 ], [ -155.77631, 19.90254 ], [ -155.77688, 19.90226 ], [ -155.77686, 19.90117 ], [ -155.77714, 19.90117 ], [ -155.77711, 19.899 ], [ -155.77653, 19.89874 ], [ -155.77618, 19.89523 ], [ -155.77503, 19.89497 ], [ -155.77502, 19.89443 ], [ -155.77445, 19.89444 ], [ -155.77358, 19.89364 ], [ -155.77356, 19.89283 ], [ -155.77241, 19.89258 ], [ -155.7724, 19.89203 ], [ -155.77068, 19.89179 ], [ -155.7701, 19.89126 ], [ -155.77008, 19.89044 ], [ -155.76921, 19.88965 ], [ -155.76864, 19.88965 ], [ -155.76834, 19.88912 ], [ -155.76777, 19.88913 ], [ -155.76744, 19.88642 ], [ -155.76715, 19.88616 ], [ -155.76513, 19.88565 ], [ -155.76251, 19.88325 ], [ -155.76166, 19.88326 ], [ -155.76106, 19.88219 ], [ -155.75963, 19.88221 ], [ -155.75876, 19.88114 ], [ -155.75762, 19.88143 ], [ -155.75761, 19.88116 ], [ -155.75704, 19.88117 ], [ -155.75672, 19.87955 ], [ -155.75586, 19.87902 ], [ -155.75556, 19.87821 ], [ -155.75498, 19.87822 ], [ -155.75498, 19.87795 ], [ -155.75097, 19.87774 ], [ -155.75037, 19.87639 ], [ -155.74808, 19.87616 ], [ -155.74748, 19.87509 ], [ -155.74491, 19.87512 ], [ -155.74433, 19.87459 ], [ -155.74431, 19.87378 ], [ -155.74402, 19.87351 ], [ -155.74201, 19.87327 ], [ -155.74114, 19.87247 ], [ -155.74142, 19.8722 ], [ -155.74141, 19.87139 ], [ -155.74112, 19.87112 ], [ -155.7394, 19.87115 ], [ -155.73884, 19.87197 ], [ -155.73484, 19.8723 ], [ -155.73483, 19.87203 ], [ -155.73369, 19.87178 ], [ -155.7331, 19.87097 ], [ -155.73253, 19.87098 ], [ -155.73222, 19.8699 ], [ -155.73136, 19.86965 ], [ -155.73135, 19.8691 ], [ -155.72932, 19.86751 ], [ -155.7293, 19.86643 ], [ -155.72873, 19.86644 ], [ -155.72866, 19.86535 ], [ -155.73985, 19.8479 ], [ -155.74092, 19.8467 ], [ -155.74285, 19.84573 ], [ -155.75073, 19.84361 ], [ -155.75839, 19.85443 ], [ -155.77184, 19.8647 ], [ -155.77621, 19.8748 ], [ -155.78702, 19.88784 ], [ -155.79354, 19.88936 ], [ -155.79355, 19.88981 ], [ -155.79412, 19.8898 ], [ -155.795, 19.8906 ], [ -155.79501, 19.89114 ], [ -155.79587, 19.8914 ], [ -155.79588, 19.89194 ], [ -155.79731, 19.89191 ], [ -155.7976, 19.89218 ], [ -155.79761, 19.89272 ], [ -155.79848, 19.89325 ], [ -155.79849, 19.89379 ], [ -155.79793, 19.89434 ], [ -155.79767, 19.89624 ], [ -155.79711, 19.89679 ], [ -155.7974, 19.89706 ], [ -155.79742, 19.89814 ], [ -155.79771, 19.89814 ], [ -155.79773, 19.89922 ], [ -155.79888, 19.89974 ], [ -155.79916, 19.8992 ], [ -155.80088, 19.89917 ], [ -155.80146, 19.89997 ], [ -155.80375, 19.89994 ], [ -155.80375, 19.89967 ], [ -155.80603, 19.89936 ], [ -155.80604, 19.89963 ], [ -155.8069, 19.89962 ], [ -155.80719, 19.90016 ], [ -155.8092, 19.90039 ], [ -155.81095, 19.90226 ], [ -155.81267, 19.90224 ], [ -155.81326, 19.90304 ], [ -155.81383, 19.90303 ], [ -155.81413, 19.90384 ], [ -155.8147, 19.90383 ], [ -155.8147, 19.90356 ], [ -155.81556, 19.90381 ], [ -155.81584, 19.90354 ], [ -155.81673, 19.90488 ], [ -155.81731, 19.90541 ], [ -155.81788, 19.9054 ], [ -155.8185, 19.90783 ], [ -155.81937, 19.90863 ], [ -155.82023, 19.90862 ], [ -155.82024, 19.90943 ], [ -155.82053, 19.90969 ], [ -155.82226, 19.90994 ], [ -155.82284, 19.91047 ], [ -155.82315, 19.91209 ], [ -155.82373, 19.91235 ], [ -155.82404, 19.9137 ], [ -155.82461, 19.91369 ], [ -155.82463, 19.91451 ], [ -155.8252, 19.9145 ], [ -155.8255, 19.9153 ], [ -155.82636, 19.91556 ], [ -155.82637, 19.91586 ], [ -155.82497, 19.91543 ], [ -155.81817, 19.90977 ], [ -155.81672, 19.90929 ], [ -155.81527, 19.90926 ], [ -155.81343, 19.90996 ], [ -155.80856, 19.91416 ], [ -155.80648, 19.91607 ], [ -155.80319, 19.92015 ], [ -155.80169, 19.921 ], [ -155.80141, 19.9207 ], [ -155.80055, 19.92069 ], [ -155.80056, 19.92042 ], [ -155.7997, 19.9204 ], [ -155.7997, 19.92013 ], [ -155.79809, 19.9201 ] ] ] } },
{ "type": "Feature", "properties": { "unit_id": "U-101", "name": "Waikoloa Inland - South", "type": "Road-defined", "area_ha": 383.1, "c_firevuln": 5.0, "c_consval": 0.0, "c_commval": 0.0, "c_respmgmt": 7.0, "c_prevmgmt": 23.0 }, "geometry": { "type": "Polygon", "coordinates": [ [ [ -155.82637, 19.91586 ], [ -155.82607, 19.91529 ], [ -155.82521, 19.91504 ], [ -155.8252, 19.9145 ], [ -155.82463, 19.91451 ], [ -155.82461, 19.91369 ], [ -155.82404, 19.9137 ], [ -155.82373, 19.91235 ], [ -155.82315, 19.91209 ], [ -155.82284, 19.91047 ], [ -155.82226, 19.90994 ], [ -155.82053, 19.90969 ], [ -155.82024, 19.90943 ], [ -155.82023, 19.90862 ], [ -155.81937, 19.90863 ], [ -155.8185, 19.90783 ], [ -155.81788, 19.9054 ], [ -155.81731, 19.90541 ], [ -155.81673, 19.90488 ], [ -155.81584, 19.90354 ], [ -155.81556, 19.90381 ], [ -155.8147, 19.90356 ], [ -155.8147, 19.90383 ], [ -155.81413, 19.90384 ], [ -155.81383, 19.90303 ], [ -155.81326, 19.90304 ], [ -155.81267, 19.90224 ], [ -155.81095, 19.90226 ], [ -155.8092, 19.90039 ], [ -155.80719, 19.90016 ], [ -155.8069, 19.89962 ], [ -155.80604, 19.89963 ], [ -155.80603, 19.89936 ], [ -155.80375, 19.89967 ], [ -155.80375, 19.89994 ], [ -155.80146, 19.89997 ], [ -155.80088, 19.89917 ], [ -155.79916, 19.8992 ], [ -155.79888, 19.89974 ], [ -155.79802, 19.89949 ], [ -155.79711, 19.89679 ], [ -155.79767, 19.89624 ], [ -155.79793, 19.89434 ], [ -155.79821, 19.89434 ], [ -155.79848, 19.89325 ], [ -155.79761, 19.89272 ], [ -155.79731, 19.89191 ], [ -155.79588, 19.89194 ], [ -155.79587, 19.8914 ], [ -155.79501, 19.89114 ], [ -155.795, 19.8906 ], [ -155.79412, 19.8898 ], [ -155.79355, 19.88981 ], [ -155.79354, 19.88936 ], [ -155.81942, 19.89534 ], [ -155.81915, 19.89617 ], [ -155.81973, 19.89644 ], [ -155.82003, 19.89724 ], [ -155.8206, 19.89723 ], [ -155.82033, 19.89805 ], [ -155.8212, 19.89885 ], [ -155.82121, 19.89966 ], [ -155.82237, 19.90046 ], [ -155.82238, 19.901 ], [ -155.82297, 19.90153 ], [ -155.82382, 19.90152 ], [ -155.82384, 19.90233 ], [ -155.82413, 19.90232 ], [ -155.82443, 19.90313 ], [ -155.82614, 19.90311 ], [ -155.82644, 19.90364 ], [ -155.82701, 19.90363 ], [ -155.82731, 19.90444 ], [ -155.8276, 19.90444 ], [ -155.82761, 19.90498 ], [ -155.82819, 19.90524 ], [ -155.8282, 19.90578 ], [ -155.82906, 19.90604 ], [ -155.83052, 19.90791 ], [ -155.83139, 19.90817 ], [ -155.83141, 19.90925 ], [ -155.83198, 19.90924 ], [ -155.83257, 19.91005 ], [ -155.83314, 19.91004 ], [ -155.83315, 19.91085 ], [ -155.83259, 19.91113 ], [ -155.8326, 19.91194 ], [ -155.83289, 19.91194 ], [ -155.8329, 19.91275 ], [ -155.83347, 19.91274 ], [ -155.83406, 19.91327 ], [ -155.83436, 19.91409 ], [ -155.83272, 19.91436 ], [ -155.83104, 19.9156 ], [ -155.82637, 19.91586 ] ] ] } },
{ "type": "Feature", "properties": { "unit_id": "U-102", "name": "Puʻu Anahulu - Makai", "type": "Reserve", "area_ha": 917.8, "c_firevuln": 48.0, "c_consval": 0.0, "c_commval": 0.0, "c_respmgmt": 58.0, "c_prevmgmt": 45.0 }, "geometry": { "type": "MultiPolygon", "coordinates": [ [ [ [ -155.88274, 19.86602 ], [ -155.88291, 19.86617 ], [ -155.88274, 19.86618 ], [ -155.88274, 19.86602 ] ] ], [ [ [ -155.88187, 19.86519 ], [ -155.88213, 19.86547 ], [ -155.88261, 19.86591 ], [ -155.88187, 19.86565 ], [ -155.88187, 19.86519 ] ] ], [ [ [ -155.82335, 19.82651 ], [ -155.84728, 19.83274 ], [ -155.85568, 19.82413 ], [ -155.85743, 19.82608 ], [ -155.86022, 19.83596 ], [ -155.86236, 19.83906 ], [ -155.86238, 19.84387 ], [ -155.88155, 19.86484 ], [ -155.881, 19.86485 ], [ -155.88071, 19.86431 ], [ -155.88013, 19.86432 ], [ -155.87983, 19.86351 ], [ -155.87868, 19.86299 ], [ -155.8778, 19.86165 ], [ -155.87722, 19.86166 ], [ -155.87695, 19.86248 ], [ -155.87666, 19.86248 ], [ -155.87579, 19.86168 ], [ -155.87522, 19.86169 ], [ -155.87492, 19.86116 ], [ -155.87435, 19.86116 ], [ -155.87434, 19.86062 ], [ -155.87377, 19.86063 ], [ -155.87318, 19.85983 ], [ -155.8729, 19.8601 ], [ -155.8709, 19.86014 ], [ -155.8709, 19.86041 ], [ -155.86775, 19.86046 ], [ -155.86748, 19.86128 ], [ -155.86662, 19.86129 ], [ -155.86604, 19.86049 ], [ -155.86318, 19.8608 ], [ -155.86288, 19.86027 ], [ -155.86231, 19.86028 ], [ -155.8623, 19.85973 ], [ -155.86114, 19.85867 ], [ -155.85569, 19.85821 ], [ -155.8554, 19.85795 ], [ -155.85539, 19.85714 ], [ -155.85481, 19.85687 ], [ -155.85479, 19.85579 ], [ -155.85333, 19.85446 ], [ -155.85162, 19.85449 ], [ -155.85045, 19.85315 ], [ -155.84902, 19.85318 ], [ -155.84843, 19.85237 ], [ -155.84758, 19.85266 ], [ -155.84758, 19.85293 ], [ -155.84672, 19.85267 ], [ -155.84643, 19.8524 ], [ -155.84641, 19.85159 ], [ -155.84555, 19.85134 ], [ -155.84468, 19.85054 ], [ -155.84467, 19.85 ], [ -155.84409, 19.85 ], [ -155.84322, 19.84921 ], [ -155.84321, 19.84866 ], [ -155.84147, 19.84734 ], [ -155.84115, 19.84545 ], [ -155.84029, 19.84519 ], [ -155.8397, 19.84439 ], [ -155.83885, 19.84467 ], [ -155.83855, 19.84386 ], [ -155.83767, 19.84306 ], [ -155.83681, 19.84281 ], [ -155.8365, 19.84173 ], [ -155.83593, 19.84174 ], [ -155.83533, 19.84012 ], [ -155.83476, 19.84013 ], [ -155.83446, 19.83959 ], [ -155.8336, 19.83961 ], [ -155.83331, 19.83934 ], [ -155.8333, 19.83853 ], [ -155.83184, 19.8372 ], [ -155.83127, 19.83721 ], [ -155.83069, 19.83668 ], [ -155.83068, 19.83613 ], [ -155.82923, 19.83507 ], [ -155.82922, 19.83426 ], [ -155.8295, 19.83426 ], [ -155.82921, 19.83372 ], [ -155.82977, 19.83344 ], [ -155.82976, 19.8329 ], [ -155.8289, 19.83264 ], [ -155.82861, 19.8321 ], [ -155.82803, 19.83211 ], [ -155.82716, 19.83131 ], [ -155.82715, 19.8305 ], [ -155.826, 19.83052 ], [ -155.82513, 19.82972 ], [ -155.82511, 19.82864 ], [ -155.82453, 19.82838 ], [ -155.82452, 19.82783 ], [ -155.82395, 19.82757 ], [ -155.82394, 19.82703 ], [ -155.82335, 19.82651 ] ] ] ] } },
{ "type": "Feature", "properties": { "unit_id": "U-103", "name": "Puʻu Anahulu - Makai", "type": "Reserve", "area_ha": 2341.7, "c_firevuln": 35.0, "c_consval": 0.0, "c_commval": 0.0, "c_respmgmt": 15.0, "c_prevmgmt": 38.0 }, "geometry": { "type": "Polygon", "coordinates": [ [ [ -155.81942, 19.89534 ], [ -155.8197, 19.89508 ], [ -155.81968, 19.894 ], [ -155.81882, 19.89374 ], [ -155.81881, 19.89347 ], [ -155.81824, 19.89348 ], [ -155.81821, 19.89158 ], [ -155.81792, 19.89132 ], [ -155.81591, 19.89135 ], [ -155.81562, 19.89108 ], [ -155.81561, 19.89027 ], [ -155.81503, 19.89001 ], [ -155.81502, 19.8892 ], [ -155.81473, 19.8892 ], [ -155.81471, 19.88812 ], [ -155.81413, 19.88786 ], [ -155.81441, 19.88704 ], [ -155.81383, 19.88678 ], [ -155.81381, 19.88597 ], [ -155.81295, 19.88571 ], [ -155.81293, 19.88436 ], [ -155.81234, 19.88382 ], [ -155.81177, 19.88383 ], [ -155.81176, 19.88329 ], [ -155.81119, 19.88303 ], [ -155.81118, 19.88249 ], [ -155.8106, 19.8825 ], [ -155.8103, 19.88169 ], [ -155.81002, 19.88169 ], [ -155.81056, 19.87979 ], [ -155.80968, 19.87899 ], [ -155.80967, 19.87818 ], [ -155.80938, 19.87818 ], [ -155.80937, 19.87737 ], [ -155.80908, 19.87737 ], [ -155.80877, 19.87575 ], [ -155.8079, 19.87523 ], [ -155.80789, 19.87468 ], [ -155.80817, 19.87468 ], [ -155.80786, 19.87333 ], [ -155.807, 19.87307 ], [ -155.80671, 19.87254 ], [ -155.80613, 19.87255 ], [ -155.80612, 19.872 ], [ -155.80555, 19.87201 ], [ -155.80525, 19.8712 ], [ -155.80439, 19.87122 ], [ -155.80322, 19.86988 ], [ -155.80265, 19.86989 ], [ -155.80236, 19.86935 ], [ -155.8015, 19.86937 ], [ -155.80062, 19.86857 ], [ -155.80061, 19.86776 ], [ -155.79974, 19.86696 ], [ -155.79888, 19.86697 ], [ -155.7983, 19.86644 ], [ -155.79858, 19.86616 ], [ -155.79829, 19.8659 ], [ -155.79853, 19.86373 ], [ -155.79796, 19.86346 ], [ -155.79794, 19.86238 ], [ -155.79879, 19.8621 ], [ -155.79878, 19.86156 ], [ -155.79935, 19.86128 ], [ -155.79934, 19.86046 ], [ -155.7999, 19.86018 ], [ -155.79989, 19.85964 ], [ -155.79903, 19.85939 ], [ -155.79816, 19.85859 ], [ -155.79785, 19.85724 ], [ -155.79727, 19.85698 ], [ -155.79726, 19.85643 ], [ -155.79668, 19.85617 ], [ -155.79667, 19.85563 ], [ -155.79522, 19.8543 ], [ -155.79465, 19.85431 ], [ -155.79435, 19.85377 ], [ -155.7932, 19.85352 ], [ -155.79262, 19.85299 ], [ -155.79231, 19.85136 ], [ -155.79086, 19.8503 ], [ -155.79053, 19.84814 ], [ -155.78996, 19.84788 ], [ -155.78993, 19.84626 ], [ -155.79049, 19.84571 ], [ -155.79046, 19.84408 ], [ -155.79075, 19.84408 ], [ -155.79073, 19.84326 ], [ -155.79102, 19.84326 ], [ -155.79092, 19.83757 ], [ -155.79149, 19.83729 ], [ -155.79147, 19.83621 ], [ -155.79204, 19.8362 ], [ -155.79203, 19.83566 ], [ -155.7926, 19.83538 ], [ -155.79228, 19.83378 ], [ -155.79616, 19.83371 ], [ -155.80083, 19.83136 ], [ -155.80229, 19.83279 ], [ -155.80343, 19.83277 ], [ -155.8046, 19.83411 ], [ -155.80546, 19.83409 ], [ -155.80547, 19.83491 ], [ -155.80633, 19.83489 ], [ -155.80808, 19.83676 ], [ -155.8098, 19.83701 ], [ -155.81067, 19.8378 ], [ -155.81068, 19.83835 ], [ -155.81097, 19.83834 ], [ -155.811, 19.83997 ], [ -155.81245, 19.8413 ], [ -155.81246, 19.84184 ], [ -155.81333, 19.84237 ], [ -155.81335, 19.84372 ], [ -155.81221, 19.84401 ], [ -155.81165, 19.84456 ], [ -155.81168, 19.84591 ], [ -155.81254, 19.84644 ], [ -155.81256, 19.84753 ], [ -155.81314, 19.84779 ], [ -155.81315, 19.84833 ], [ -155.8143, 19.84885 ], [ -155.81463, 19.85128 ], [ -155.8158, 19.85235 ], [ -155.81637, 19.85234 ], [ -155.81724, 19.85314 ], [ -155.81725, 19.85368 ], [ -155.81812, 19.85421 ], [ -155.81813, 19.85475 ], [ -155.81842, 19.85475 ], [ -155.81845, 19.85691 ], [ -155.81991, 19.85824 ], [ -155.81992, 19.85878 ], [ -155.82108, 19.85985 ], [ -155.82165, 19.85984 ], [ -155.82282, 19.86118 ], [ -155.8254, 19.86141 ], [ -155.82628, 19.86221 ], [ -155.82629, 19.86302 ], [ -155.82744, 19.86327 ], [ -155.82745, 19.86408 ], [ -155.82774, 19.86408 ], [ -155.82805, 19.86516 ], [ -155.82833, 19.86515 ], [ -155.82835, 19.86596 ], [ -155.82863, 19.86596 ], [ -155.82865, 19.86704 ], [ -155.83069, 19.86891 ], [ -155.83183, 19.86889 ], [ -155.83358, 19.87049 ], [ -155.83389, 19.87156 ], [ -155.83447, 19.8721 ], [ -155.83448, 19.87291 ], [ -155.83506, 19.87344 ], [ -155.83508, 19.87452 ], [ -155.83654, 19.87586 ], [ -155.83768, 19.87584 ], [ -155.83827, 19.87664 ], [ -155.83913, 19.87663 ], [ -155.83972, 19.87743 ], [ -155.84029, 19.87742 ], [ -155.84088, 19.87822 ], [ -155.84145, 19.87821 ], [ -155.84203, 19.87875 ], [ -155.84233, 19.87955 ], [ -155.8429, 19.87955 ], [ -155.84292, 19.88063 ], [ -155.84379, 19.88116 ], [ -155.84352, 19.88224 ], [ -155.84381, 19.88224 ], [ -155.84382, 19.88278 ], [ -155.84556, 19.88411 ], [ -155.84586, 19.88492 ], [ -155.84643, 19.88491 ], [ -155.84673, 19.88544 ], [ -155.8473, 19.88543 ], [ -155.84992, 19.88783 ], [ -155.84993, 19.88837 ], [ -155.85108, 19.88835 ], [ -155.85137, 19.88889 ], [ -155.85195, 19.88888 ], [ -155.85194, 19.88861 ], [ -155.85394, 19.88858 ], [ -155.85395, 19.88885 ], [ -155.85481, 19.88883 ], [ -155.85481, 19.88911 ], [ -155.85624, 19.88908 ], [ -155.85625, 19.88935 ], [ -155.85711, 19.88934 ], [ -155.8577, 19.89014 ], [ -155.85855, 19.89013 ], [ -155.85856, 19.8904 ], [ -155.8597, 19.89011 ], [ -155.86029, 19.89091 ], [ -155.86229, 19.89088 ], [ -155.86229, 19.89115 ], [ -155.86315, 19.89114 ], [ -155.86316, 19.89141 ], [ -155.86431, 19.89166 ], [ -155.86431, 19.89193 ], [ -155.86661, 19.89217 ], [ -155.86692, 19.89351 ], [ -155.86779, 19.89404 ], [ -155.86781, 19.8954 ], [ -155.86752, 19.8954 ], [ -155.86753, 19.89594 ], [ -155.86782, 19.89594 ], [ -155.86786, 19.8981 ], [ -155.86961, 19.8997 ], [ -155.86962, 19.90024 ], [ -155.86905, 19.90052 ], [ -155.86908, 19.90215 ], [ -155.86965, 19.90214 ], [ -155.86966, 19.90268 ], [ -155.86909, 19.90296 ], [ -155.8691, 19.9035 ], [ -155.86853, 19.90351 ], [ -155.86883, 19.90405 ], [ -155.86798, 19.90487 ], [ -155.8683, 19.9066 ], [ -155.81942, 19.89534 ] ] ] } },
{ "type": "Feature", "properties": { "unit_id": "U-104", "name": "Puʻu Anahulu - Makai", "type": "Reserve", "area_ha": 212.3, "c_firevuln": 53.0, "c_consval": 0.0, "c_commval": 0.0, "c_respmgmt": 25.0, "c_prevmgmt": 41.0 }, "geometry": { "type": "Polygon", "coordinates": [ [ [ -155.75073, 19.84361 ], [ -155.75807, 19.8417 ], [ -155.75809, 19.84269 ], [ -155.75838, 19.84268 ], [ -155.75842, 19.84539 ], [ -155.759, 19.84538 ], [ -155.75902, 19.84701 ], [ -155.7596, 19.84727 ], [ -155.75962, 19.84835 ], [ -155.76078, 19.84915 ], [ -155.7608, 19.85023 ], [ -155.76138, 19.85076 ], [ -155.76195, 19.85075 ], [ -155.76196, 19.8513 ], [ -155.76283, 19.85182 ], [ -155.76284, 19.85237 ], [ -155.76342, 19.8529 ], [ -155.76343, 19.85371 ], [ -155.7643, 19.85397 ], [ -155.76517, 19.85477 ], [ -155.76548, 19.85612 ], [ -155.76693, 19.85718 ], [ -155.76666, 19.85799 ], [ -155.76694, 19.85799 ], [ -155.76695, 19.85853 ], [ -155.76753, 19.85852 ], [ -155.76782, 19.85906 ], [ -155.76926, 19.85931 ], [ -155.76926, 19.85958 ], [ -155.77012, 19.85957 ], [ -155.77042, 19.8601 ], [ -155.77156, 19.86009 ], [ -155.77157, 19.86036 ], [ -155.77214, 19.86035 ], [ -155.77272, 19.86088 ], [ -155.77278, 19.86413 ], [ -155.77336, 19.86466 ], [ -155.77338, 19.86602 ], [ -155.77396, 19.86628 ], [ -155.77397, 19.86709 ], [ -155.77543, 19.86842 ], [ -155.77516, 19.86978 ], [ -155.77691, 19.87111 ], [ -155.77665, 19.87301 ], [ -155.7784, 19.87461 ], [ -155.77841, 19.87515 ], [ -155.77869, 19.87487 ], [ -155.78012, 19.87485 ], [ -155.78041, 19.87512 ], [ -155.78042, 19.87566 ], [ -155.781, 19.87619 ], [ -155.78102, 19.87727 ], [ -155.78189, 19.8778 ], [ -155.78219, 19.87888 ], [ -155.78277, 19.87914 ], [ -155.7828, 19.8805 ], [ -155.78308, 19.88049 ], [ -155.78309, 19.88103 ], [ -155.78396, 19.88183 ], [ -155.78454, 19.88182 ], [ -155.78454, 19.88209 ], [ -155.78654, 19.88206 ], [ -155.78684, 19.8826 ], [ -155.78741, 19.88259 ], [ -155.7877, 19.88286 ], [ -155.78774, 19.88502 ], [ -155.78803, 19.88502 ], [ -155.78804, 19.88556 ], [ -155.78949, 19.88689 ], [ -155.79178, 19.88686 ], [ -155.79238, 19.88847 ], [ -155.79354, 19.88936 ], [ -155.78702, 19.88784 ], [ -155.77621, 19.8748 ], [ -155.77184, 19.8647 ], [ -155.75839, 19.85443 ], [ -155.75073, 19.84361 ] ] ] } },
{ "type": "Feature", "properties": { "unit_id": "U-105", "name": "Puʻu Anahulu - Makai", "type": "Reserve", "area_ha": 706.1, "c_firevuln": 0.0, "c_consval": 0.0, "c_commval": 0.0, "c_respmgmt": 7.0, "c_prevmgmt": 38.0 }, "geometry": { "type": "Polygon", "coordinates": [ [ [ -155.8683, 19.9066 ], [ -155.86798, 19.90487 ], [ -155.86883, 19.90405 ], [ -155.86853, 19.90351 ], [ -155.8691, 19.9035 ], [ -155.86909, 19.90296 ], [ -155.86966, 19.90268 ], [ -155.86965, 19.90214 ], [ -155.86908, 19.90215 ], [ -155.86905, 19.90052 ], [ -155.86962, 19.90024 ], [ -155.86961, 19.8997 ], [ -155.86786, 19.8981 ], [ -155.86782, 19.89594 ], [ -155.86753, 19.89594 ], [ -155.86752, 19.8954 ], [ -155.86781, 19.8954 ], [ -155.86779, 19.89404 ], [ -155.86692, 19.89351 ], [ -155.86661, 19.89217 ], [ -155.86431, 19.89193 ], [ -155.86431, 19.89166 ], [ -155.86316, 19.89141 ], [ -155.86315, 19.89114 ], [ -155.86229, 19.89115 ], [ -155.86229, 19.89088 ], [ -155.86029, 19.89091 ], [ -155.8597, 19.89011 ], [ -155.85856, 19.8904 ], [ -155.85855, 19.89013 ], [ -155.8577, 19.89014 ], [ -155.85711, 19.88934 ], [ -155.85481, 19.88911 ], [ -155.85481, 19.88883 ], [ -155.85395, 19.88885 ], [ -155.85394, 19.88858 ], [ -155.85194, 19.88861 ], [ -155.85195, 19.88888 ], [ -155.85137, 19.88889 ], [ -155.85108, 19.88835 ], [ -155.84993, 19.88837 ], [ -155.84992, 19.88783 ], [ -155.8473, 19.88543 ], [ -155.84673, 19.88544 ], [ -155.84643, 19.88491 ], [ -155.84586, 19.88492 ], [ -155.84556, 19.88411 ], [ -155.84382, 19.88278 ], [ -155.84381, 19.88224 ], [ -155.84352, 19.88224 ], [ -155.84379, 19.88116 ], [ -155.84292, 19.88063 ], [ -155.8429, 19.87955 ], [ -155.84233, 19.87955 ], [ -155.84203, 19.87875 ], [ -155.84145, 19.87821 ], [ -155.84088, 19.87822 ], [ -155.84029, 19.87742 ], [ -155.83972, 19.87743 ], [ -155.83913, 19.87663 ], [ -155.83827, 19.87664 ], [ -155.83768, 19.87584 ], [ -155.83654, 19.87586 ], [ -155.83508, 19.87452 ], [ -155.83506, 19.87344 ], [ -155.83448, 19.87291 ], [ -155.83447, 19.8721 ], [ -155.83389, 19.87156 ], [ -155.83358, 19.87049 ], [ -155.83183, 19.86889 ], [ -155.83069, 19.86891 ], [ -155.82865, 19.86704 ], [ -155.82863, 19.86596 ], [ -155.82835, 19.86596 ], [ -155.82833, 19.86515 ], [ -155.82805, 19.86516 ], [ -155.82774, 19.86408 ], [ -155.82745, 19.86408 ], [ -155.82744, 19.86327 ], [ -155.82629, 19.86302 ], [ -155.82628, 19.86221 ], [ -155.8254, 19.86141 ], [ -155.82282, 19.86118 ], [ -155.81875, 19.85745 ], [ -155.81812, 19.85421 ], [ -155.81725, 19.85368 ], [ -155.81724, 19.85314 ], [ -155.81637, 19.85234 ], [ -155.8158, 19.85235 ], [ -155.81463, 19.85128 ], [ -155.8143, 19.84885 ], [ -155.81315, 19.84833 ], [ -155.81314, 19.84779 ], [ -155.81256, 19.84753 ], [ -155.81254, 19.84644 ], [ -155.81168, 19.84591 ], [ -155.81165, 19.84456 ], [ -155.81221, 19.84401 ], [ -155.81335, 19.84372 ], [ -155.81452, 19.84479 ], [ -155.81453, 19.8456 ], [ -155.8154, 19.84613 ], [ -155.81541, 19.84694 ], [ -155.81599, 19.84693 ], [ -155.81631, 19.84882 ], [ -155.81602, 19.84882 ], [ -155.81603, 19.84937 ], [ -155.81632, 19.84936 ], [ -155.81633, 19.85017 ], [ -155.81749, 19.85124 ], [ -155.8178, 19.85259 ], [ -155.81867, 19.85312 ], [ -155.81868, 19.85366 ], [ -155.81926, 19.85419 ], [ -155.81928, 19.855 ], [ -155.81956, 19.855 ], [ -155.81987, 19.85635 ], [ -155.82016, 19.85634 ], [ -155.82018, 19.85716 ], [ -155.82076, 19.85769 ], [ -155.82133, 19.85768 ], [ -155.82163, 19.85822 ], [ -155.8222, 19.85821 ], [ -155.8225, 19.85901 ], [ -155.82336, 19.859 ], [ -155.82453, 19.86034 ], [ -155.82596, 19.86031 ], [ -155.82654, 19.86112 ], [ -155.82712, 19.86111 ], [ -155.8277, 19.86191 ], [ -155.82828, 19.8619 ], [ -155.83002, 19.8635 ], [ -155.83033, 19.86458 ], [ -155.83294, 19.8667 ], [ -155.83295, 19.86725 ], [ -155.83353, 19.86751 ], [ -155.83354, 19.86805 ], [ -155.83526, 19.86856 ], [ -155.83585, 19.86909 ], [ -155.83586, 19.86964 ], [ -155.83818, 19.8715 ], [ -155.83819, 19.87204 ], [ -155.83876, 19.87203 ], [ -155.83877, 19.8723 ], [ -155.83934, 19.87229 ], [ -155.83992, 19.87282 ], [ -155.84023, 19.8739 ], [ -155.84139, 19.87497 ], [ -155.84196, 19.87496 ], [ -155.84226, 19.87549 ], [ -155.84627, 19.87543 ], [ -155.84714, 19.87623 ], [ -155.84771, 19.87622 ], [ -155.84801, 19.87703 ], [ -155.84858, 19.87702 ], [ -155.85091, 19.87915 ], [ -155.8532, 19.87911 ], [ -155.85379, 19.87991 ], [ -155.85551, 19.87989 ], [ -155.85609, 19.88069 ], [ -155.8581, 19.88066 ], [ -155.85839, 19.88119 ], [ -155.86183, 19.88141 ], [ -155.86242, 19.88221 ], [ -155.86328, 19.8822 ], [ -155.86386, 19.88273 ], [ -155.86471, 19.88245 ], [ -155.86501, 19.88298 ], [ -155.86645, 19.88323 ], [ -155.86733, 19.88457 ], [ -155.86819, 19.88456 ], [ -155.86936, 19.88589 ], [ -155.87166, 19.8864 ], [ -155.87283, 19.888 ], [ -155.87656, 19.88821 ], [ -155.87685, 19.88848 ], [ -155.87689, 19.89065 ], [ -155.87776, 19.89144 ], [ -155.87749, 19.89226 ], [ -155.8772, 19.89227 ], [ -155.87722, 19.89308 ], [ -155.87779, 19.89334 ], [ -155.8778, 19.89388 ], [ -155.87867, 19.89414 ], [ -155.87867, 19.89441 ], [ -155.8804, 19.89465 ], [ -155.88069, 19.89519 ], [ -155.88155, 19.89517 ], [ -155.88214, 19.89598 ], [ -155.88329, 19.89623 ], [ -155.88358, 19.89677 ], [ -155.88444, 19.89675 ], [ -155.88474, 19.89729 ], [ -155.8856, 19.89728 ], [ -155.88592, 19.89917 ], [ -155.88679, 19.89969 ], [ -155.88681, 19.90078 ], [ -155.88595, 19.90106 ], [ -155.88626, 19.90241 ], [ -155.88539, 19.90324 ], [ -155.88485, 19.90325 ], [ -155.88325, 19.9049 ], [ -155.88259, 19.90491 ], [ -155.88231, 19.90562 ], [ -155.87806, 19.90888 ], [ -155.8683, 19.9066 ] ] ] } },
{ "type": "Feature", "properties": { "unit_id": "U-106", "name": "Puʻu Anahulu - Makai", "type": "Reserve", "area_ha": 2403.3, "c_firevuln": 42.0, "c_consval": 0.0, "c_commval": 0.0, "c_respmgmt": 38.0, "c_prevmgmt": 39.0 }, "geometry": { "type": "Polygon", "coordinates": [ [ [ -155.87685, 19.88848 ], [ -155.87656, 19.88821 ], [ -155.87283, 19.888 ], [ -155.87166, 19.8864 ], [ -155.86936, 19.88589 ], [ -155.86819, 19.88456 ], [ -155.86733, 19.88457 ], [ -155.86645, 19.88323 ], [ -155.86501, 19.88298 ], [ -155.86471, 19.88245 ], [ -155.86386, 19.88273 ], [ -155.86328, 19.8822 ], [ -155.86242, 19.88221 ], [ -155.86183, 19.88141 ], [ -155.86069, 19.88143 ], [ -155.86068, 19.88116 ], [ -155.85839, 19.88119 ], [ -155.8581, 19.88066 ], [ -155.85609, 19.88069 ], [ -155.85551, 19.87989 ], [ -155.85379, 19.87991 ], [ -155.8532, 19.87911 ], [ -155.85091, 19.87915 ], [ -155.84858, 19.87702 ], [ -155.84801, 19.87703 ], [ -155.84771, 19.87622 ], [ -155.84714, 19.87623 ], [ -155.84627, 19.87543 ], [ -155.84226, 19.87549 ], [ -155.84196, 19.87496 ], [ -155.84139, 19.87497 ], [ -155.84023, 19.8739 ], [ -155.83992, 19.87282 ], [ -155.83934, 19.87229 ], [ -155.83877, 19.8723 ], [ -155.83876, 19.87203 ], [ -155.83819, 19.87204 ], [ -155.83818, 19.8715 ], [ -155.83586, 19.86964 ], [ -155.83585, 19.86909 ], [ -155.83526, 19.86856 ], [ -155.83354, 19.86805 ], [ -155.83353, 19.86751 ], [ -155.83295, 19.86725 ], [ -155.83294, 19.8667 ], [ -155.83033, 19.86458 ], [ -155.83002, 19.8635 ], [ -155.82828, 19.8619 ], [ -155.8277, 19.86191 ], [ -155.82712, 19.86111 ], [ -155.82654, 19.86112 ], [ -155.82596, 19.86031 ], [ -155.82453, 19.86034 ], [ -155.82336, 19.859 ], [ -155.8225, 19.85901 ], [ -155.8222, 19.85821 ], [ -155.82163, 19.85822 ], [ -155.82133, 19.85768 ], [ -155.82076, 19.85769 ], [ -155.82018, 19.85716 ], [ -155.82016, 19.85634 ], [ -155.81987, 19.85635 ], [ -155.81956, 19.855 ], [ -155.81928, 19.855 ], [ -155.81926, 19.85419 ], [ -155.81868, 19.85366 ], [ -155.81867, 19.85312 ], [ -155.8178, 19.85259 ], [ -155.81749, 19.85124 ], [ -155.81633, 19.85017 ], [ -155.81632, 19.84936 ], [ -155.81603, 19.84937 ], [ -155.81602, 19.84882 ], [ -155.81631, 19.84882 ], [ -155.81599, 19.84693 ], [ -155.81541, 19.84694 ], [ -155.8154, 19.84613 ], [ -155.81453, 19.8456 ], [ -155.81452, 19.84479 ], [ -155.81336, 19.84399 ], [ -155.81333, 19.84237 ], [ -155.81246, 19.84184 ], [ -155.81245, 19.8413 ], [ -155.811, 19.83997 ], [ -155.81097, 19.83834 ], [ -155.81068, 19.83835 ], [ -155.81067, 19.8378 ], [ -155.8098, 19.83701 ], [ -155.80808, 19.83676 ], [ -155.80633, 19.83489 ], [ -155.80547, 19.83491 ], [ -155.80546, 19.83409 ], [ -155.8046, 19.83411 ], [ -155.80343, 19.83277 ], [ -155.80229, 19.83279 ], [ -155.80083, 19.83136 ], [ -155.81135, 19.83089 ], [ -155.81586, 19.83019 ], [ -155.82335, 19.82651 ], [ -155.82394, 19.82703 ], [ -155.82395, 19.82757 ], [ -155.82452, 19.82783 ], [ -155.82453, 19.82838 ], [ -155.82511, 19.82864 ], [ -155.82513, 19.82972 ], [ -155.826, 19.83052 ], [ -155.82715, 19.8305 ], [ -155.82716, 19.83131 ], [ -155.82803, 19.83211 ], [ -155.82861, 19.8321 ], [ -155.8289, 19.83264 ], [ -155.82976, 19.8329 ], [ -155.82977, 19.83344 ], [ -155.82921, 19.83372 ], [ -155.8295, 19.83426 ], [ -155.82922, 19.83426 ], [ -155.82923, 19.83507 ], [ -155.83068, 19.83613 ], [ -155.83069, 19.83668 ], [ -155.83127, 19.83721 ], [ -155.83184, 19.8372 ], [ -155.8333, 19.83853 ], [ -155.83331, 19.83934 ], [ -155.8336, 19.83961 ], [ -155.83446, 19.83959 ], [ -155.83476, 19.84013 ], [ -155.83533, 19.84012 ], [ -155.83593, 19.84174 ], [ -155.8365, 19.84173 ], [ -155.83681, 19.84281 ], [ -155.83767, 19.84306 ], [ -155.83855, 19.84386 ], [ -155.83885, 19.84467 ], [ -155.8397, 19.84439 ], [ -155.84029, 19.84519 ], [ -155.84115, 19.84545 ], [ -155.84147, 19.84734 ], [ -155.84321, 19.84866 ], [ -155.84322, 19.84921 ], [ -155.84409, 19.85 ], [ -155.84467, 19.85 ], [ -155.84468, 19.85054 ], [ -155.84555, 19.85134 ], [ -155.84641, 19.85159 ], [ -155.84643, 19.8524 ], [ -155.84672, 19.85267 ], [ -155.84758, 19.85293 ], [ -155.84758, 19.85266 ], [ -155.84843, 19.85237 ], [ -155.84902, 19.85318 ], [ -155.85045, 19.85315 ], [ -155.85162, 19.85449 ], [ -155.85333, 19.85446 ], [ -155.85479, 19.85579 ], [ -155.85481, 19.85687 ], [ -155.85539, 19.85714 ], [ -155.8554, 19.85795 ], [ -155.85569, 19.85821 ], [ -155.86114, 19.85867 ], [ -155.8623, 19.85973 ], [ -155.86231, 19.86028 ], [ -155.86288, 19.86027 ], [ -155.86318, 19.8608 ], [ -155.86604, 19.86049 ], [ -155.86662, 19.86129 ], [ -155.86748, 19.86128 ], [ -155.86775, 19.86046 ], [ -155.8709, 19.86041 ], [ -155.8709, 19.86014 ], [ -155.8729, 19.8601 ], [ -155.87318, 19.85983 ], [ -155.87377, 19.86063 ], [ -155.87434, 19.86062 ], [ -155.87435, 19.86116 ], [ -155.87492, 19.86116 ], [ -155.87522, 19.86169 ], [ -155.87579, 19.86168 ], [ -155.87666, 19.86248 ], [ -155.87695, 19.86248 ], [ -155.87722, 19.86166 ], [ -155.8778, 19.86165 ], [ -155.87868, 19.86299 ], [ -155.87983, 19.86351 ], [ -155.88013, 19.86432 ], [ -155.88071, 19.86431 ], [ -155.881, 19.86485 ], [ -155.88155, 19.86484 ], [ -155.88187, 19.86565 ], [ -155.88261, 19.86591 ], [ -155.89924, 19.88083 ], [ -155.89952, 19.88144 ], [ -155.89722, 19.88734 ], [ -155.89715, 19.88707 ], [ -155.89629, 19.88681 ], [ -155.89657, 19.88653 ], [ -155.89655, 19.88572 ], [ -155.89569, 19.88574 ], [ -155.89569, 19.88547 ], [ -155.89541, 19.88574 ], [ -155.89426, 19.88576 ], [ -155.89427, 19.88603 ], [ -155.89341, 19.88631 ], [ -155.89342, 19.88686 ], [ -155.89171, 19.88715 ], [ -155.89115, 19.88771 ], [ -155.89116, 19.88825 ], [ -155.89003, 19.88935 ], [ -155.88918, 19.88936 ], [ -155.88861, 19.88991 ], [ -155.88862, 19.89046 ], [ -155.88776, 19.89047 ], [ -155.88747, 19.88993 ], [ -155.88575, 19.88996 ], [ -155.88545, 19.88942 ], [ -155.88488, 19.88943 ], [ -155.88514, 19.8878 ], [ -155.88428, 19.88782 ], [ -155.88429, 19.88809 ], [ -155.88285, 19.88811 ], [ -155.88256, 19.88785 ], [ -155.88257, 19.88812 ], [ -155.88171, 19.88813 ], [ -155.88144, 19.88895 ], [ -155.87943, 19.88898 ], [ -155.87943, 19.88871 ], [ -155.87828, 19.88846 ], [ -155.87827, 19.88819 ], [ -155.87713, 19.8882 ], [ -155.87685, 19.88848 ] ] ] } },
{ "type": "Feature", "properties": { "unit_id": "U-107", "name": "Puʻu Anahulu - Makai", "type": "Reserve", "area_ha": 1782.3, "c_firevuln": 61.0, "c_consval": 0.0, "c_commval": 0.0, "c_respmgmt": 28.0, "c_prevmgmt": 41.0 }, "geometry": { "type": "Polygon", "coordinates": [ [ [ -155.79354, 19.88936 ], [ -155.79238, 19.88847 ], [ -155.79178, 19.88686 ], [ -155.78949, 19.88689 ], [ -155.78804, 19.88556 ], [ -155.78803, 19.88502 ], [ -155.78774, 19.88502 ], [ -155.7877, 19.88286 ], [ -155.78741, 19.88259 ], [ -155.78684, 19.8826 ], [ -155.78654, 19.88206 ], [ -155.78454, 19.88209 ], [ -155.78454, 19.88182 ], [ -155.78396, 19.88183 ], [ -155.78309, 19.88103 ], [ -155.78308, 19.88049 ], [ -155.7828, 19.8805 ], [ -155.78277, 19.87914 ], [ -155.78219, 19.87888 ], [ -155.78189, 19.8778 ], [ -155.78102, 19.87727 ], [ -155.781, 19.87619 ], [ -155.78042, 19.87566 ], [ -155.78041, 19.87512 ], [ -155.78012, 19.87485 ], [ -155.77869, 19.87487 ], [ -155.77841, 19.87515 ], [ -155.7784, 19.87461 ], [ -155.77665, 19.87301 ], [ -155.77691, 19.87111 ], [ -155.77516, 19.86978 ], [ -155.77543, 19.86842 ], [ -155.77397, 19.86709 ], [ -155.77396, 19.86628 ], [ -155.77338, 19.86602 ], [ -155.77336, 19.86466 ], [ -155.77278, 19.86413 ], [ -155.77272, 19.86088 ], [ -155.77214, 19.86035 ], [ -155.77157, 19.86036 ], [ -155.77156, 19.86009 ], [ -155.77042, 19.8601 ], [ -155.77012, 19.85957 ], [ -155.76926, 19.85958 ], [ -155.76926, 19.85931 ], [ -155.76782, 19.85906 ], [ -155.76753, 19.85852 ], [ -155.76695, 19.85853 ], [ -155.76694, 19.85799 ], [ -155.76666, 19.85799 ], [ -155.76693, 19.85718 ], [ -155.76548, 19.85612 ], [ -155.76517, 19.85477 ], [ -155.7643, 19.85397 ], [ -155.76343, 19.85371 ], [ -155.76342, 19.8529 ], [ -155.76284, 19.85237 ], [ -155.76283, 19.85182 ], [ -155.76196, 19.8513 ], [ -155.76195, 19.85075 ], [ -155.76138, 19.85076 ], [ -155.7608, 19.85023 ], [ -155.76078, 19.84915 ], [ -155.75962, 19.84835 ], [ -155.7596, 19.84727 ], [ -155.75902, 19.84701 ], [ -155.759, 19.84538 ], [ -155.75842, 19.84539 ], [ -155.75838, 19.84268 ], [ -155.75809, 19.84269 ], [ -155.75807, 19.8417 ], [ -155.76454, 19.84 ], [ -155.77036, 19.8376 ], [ -155.77756, 19.83819 ], [ -155.78553, 19.83561 ], [ -155.78804, 19.83406 ], [ -155.79005, 19.8337 ], [ -155.79228, 19.83378 ], [ -155.7926, 19.83538 ], [ -155.79203, 19.83566 ], [ -155.79204, 19.8362 ], [ -155.79147, 19.83621 ], [ -155.79149, 19.83729 ], [ -155.79092, 19.83757 ], [ -155.79102, 19.84326 ], [ -155.79073, 19.84326 ], [ -155.79075, 19.84408 ], [ -155.79046, 19.84408 ], [ -155.79049, 19.84571 ], [ -155.78993, 19.84626 ], [ -155.78996, 19.84788 ], [ -155.79053, 19.84814 ], [ -155.79086, 19.8503 ], [ -155.79231, 19.85136 ], [ -155.79262, 19.85299 ], [ -155.7932, 19.85352 ], [ -155.79435, 19.85377 ], [ -155.79465, 19.85431 ], [ -155.79522, 19.8543 ], [ -155.79667, 19.85563 ], [ -155.79668, 19.85617 ], [ -155.79726, 19.85643 ], [ -155.79727, 19.85698 ], [ -155.79785, 19.85724 ], [ -155.79816, 19.85859 ], [ -155.79903, 19.85939 ], [ -155.79989, 19.85964 ], [ -155.7999, 19.86018 ], [ -155.79934, 19.86046 ], [ -155.79935, 19.86128 ], [ -155.79878, 19.86156 ], [ -155.79879, 19.8621 ], [ -155.79794, 19.86238 ], [ -155.79796, 19.86346 ], [ -155.79853, 19.86373 ], [ -155.79829, 19.8659 ], [ -155.79858, 19.86616 ], [ -155.7983, 19.86644 ], [ -155.79888, 19.86697 ], [ -155.79974, 19.86696 ], [ -155.80061, 19.86776 ], [ -155.80062, 19.86857 ], [ -155.8015, 19.86937 ], [ -155.80236, 19.86935 ], [ -155.80265, 19.86989 ], [ -155.80322, 19.86988 ], [ -155.80439, 19.87122 ], [ -155.80525, 19.8712 ], [ -155.80555, 19.87201 ], [ -155.80612, 19.872 ], [ -155.80613, 19.87255 ], [ -155.80671, 19.87254 ], [ -155.807, 19.87307 ], [ -155.80786, 19.87333 ], [ -155.80817, 19.87468 ], [ -155.80789, 19.87468 ], [ -155.8079, 19.87523 ], [ -155.80877, 19.87575 ], [ -155.80908, 19.87737 ], [ -155.80937, 19.87737 ], [ -155.80938, 19.87818 ], [ -155.80967, 19.87818 ], [ -155.80968, 19.87899 ], [ -155.81056, 19.87979 ], [ -155.81002, 19.88169 ], [ -155.8103, 19.88169 ], [ -155.8106, 19.8825 ], [ -155.81118, 19.88249 ], [ -155.81119, 19.88303 ], [ -155.81176, 19.88329 ], [ -155.81177, 19.88383 ], [ -155.81234, 19.88382 ], [ -155.81293, 19.88436 ], [ -155.81295, 19.88571 ], [ -155.81381, 19.88597 ], [ -155.81383, 19.88678 ], [ -155.81441, 19.88704 ], [ -155.81413, 19.88786 ], [ -155.81471, 19.88812 ], [ -155.81473, 19.8892 ], [ -155.81502, 19.8892 ], [ -155.81503, 19.89001 ], [ -155.81561, 19.89027 ], [ -155.81562, 19.89108 ], [ -155.81591, 19.89135 ], [ -155.81792, 19.89132 ], [ -155.81821, 19.89158 ], [ -155.81824, 19.89348 ], [ -155.81881, 19.89347 ], [ -155.81882, 19.89374 ], [ -155.81968, 19.894 ], [ -155.8197, 19.89508 ], [ -155.81942, 19.89534 ], [ -155.79354, 19.88936 ] ] ] } },
{ "type": "Feature", "properties": { "unit_id": "U-108", "name": "Puʻu Anahulu - Makai", "type": "Reserve", "area_ha": 181.0, "c_firevuln": 35.0, "c_consval": 0.0, "c_commval": 0.0, "c_respmgmt": 6.0, "c_prevmgmt": 40.0 }, "geometry": { "type": "MultiPolygon", "coordinates": [ [ [ [ -155.88325, 19.9049 ], [ -155.88231, 19.90562 ], [ -155.88259, 19.90491 ], [ -155.88325, 19.9049 ] ] ], [ [ [ -155.8836, 19.90462 ], [ -155.88344, 19.90475 ], [ -155.88344, 19.90462 ], [ -155.8836, 19.90462 ] ] ], [ [ [ -155.88396, 19.90434 ], [ -155.88372, 19.90453 ], [ -155.88372, 19.90435 ], [ -155.88396, 19.90434 ] ] ], [ [ [ -155.88539, 19.90324 ], [ -155.88401, 19.90431 ], [ -155.88485, 19.90325 ], [ -155.88539, 19.90324 ] ] ], [ [ [ -155.87685, 19.88848 ], [ -155.87713, 19.8882 ], [ -155.87827, 19.88819 ], [ -155.87828, 19.88846 ], [ -155.87943, 19.88871 ], [ -155.87943, 19.88898 ], [ -155.88144, 19.88895 ], [ -155.88171, 19.88813 ], [ -155.88257, 19.88812 ], [ -155.88256, 19.88785 ], [ -155.88285, 19.88811 ], [ -155.88429, 19.88809 ], [ -155.88428, 19.88782 ], [ -155.88514, 19.8878 ], [ -155.88488, 19.88943 ], [ -155.88545, 19.88942 ], [ -155.88575, 19.88996 ], [ -155.88747, 19.88993 ], [ -155.88776, 19.89047 ], [ -155.88862, 19.89046 ], [ -155.88861, 19.88991 ], [ -155.88918, 19.88936 ], [ -155.89003, 19.88935 ], [ -155.89116, 19.88825 ], [ -155.89115, 19.88771 ], [ -155.89171, 19.88715 ], [ -155.89342, 19.88686 ], [ -155.89341, 19.88631 ], [ -155.89427, 19.88603 ], [ -155.89426, 19.88576 ], [ -155.89541, 19.88574 ], [ -155.89569, 19.88547 ], [ -155.89569, 19.88574 ], [ -155.89655, 19.88572 ], [ -155.89657, 19.88653 ], [ -155.89629, 19.88681 ], [ -155.89715, 19.88707 ], [ -155.89722, 19.88734 ], [ -155.89521, 19.8918 ], [ -155.89237, 19.89602 ], [ -155.88773, 19.90124 ], [ -155.88542, 19.90322 ], [ -155.88626, 19.90241 ], [ -155.88595, 19.90106 ], [ -155.88681, 19.90078 ], [ -155.88679, 19.89969 ], [ -155.88592, 19.89917 ], [ -155.8856, 19.89728 ], [ -155.88474, 19.89729 ], [ -155.88444, 19.89675 ], [ -155.88358, 19.89677 ], [ -155.88329, 19.89623 ], [ -155.88214, 19.89598 ], [ -155.88155, 19.89517 ], [ -155.88069, 19.89519 ], [ -155.8804, 19.89465 ], [ -155.87867, 19.89441 ], [ -155.87867, 19.89414 ], [ -155.8778, 19.89388 ], [ -155.87779, 19.89334 ], [ -155.87722, 19.89308 ], [ -155.8772, 19.89227 ], [ -155.87749, 19.89226 ], [ -155.87776, 19.89144 ], [ -155.87689, 19.89065 ], [ -155.87685, 19.88848 ] ] ] ] } },
{ "type": "Feature", "properties": { "unit_id": "U-109", "name": "Southern Coast / Kukio", "type": "Road-defined", "area_ha": 102.6, "c_firevuln": 51.0, "c_consval": 0.0, "c_commval": 50.0, "c_respmgmt": 19.0, "c_prevmgmt": 19.0 }, "geometry": { "type": "Polygon", "coordinates": [ [ [ -155.98505, 19.81096 ], [ -155.98962, 19.80816 ], [ -155.99127, 19.80675 ], [ -155.99243, 19.80776 ], [ -155.99246, 19.80912 ], [ -155.99274, 19.80911 ], [ -155.99306, 19.81073 ], [ -155.99422, 19.81153 ], [ -155.99423, 19.81207 ], [ -155.99538, 19.81232 ], [ -155.99568, 19.81313 ], [ -155.9971, 19.81283 ], [ -155.99741, 19.81364 ], [ -155.99769, 19.81363 ], [ -155.99771, 19.81445 ], [ -155.99828, 19.81444 ], [ -155.99915, 19.81523 ], [ -155.99917, 19.81605 ], [ -155.99888, 19.81605 ], [ -155.99893, 19.81849 ], [ -155.99835, 19.8185 ], [ -155.99865, 19.81883 ], [ -155.99817, 19.81931 ], [ -155.99808, 19.81904 ], [ -155.99751, 19.81932 ], [ -155.99752, 19.81987 ], [ -155.99666, 19.81988 ], [ -155.99665, 19.81907 ], [ -155.99608, 19.81908 ], [ -155.9958, 19.81962 ], [ -155.99436, 19.81938 ], [ -155.99408, 19.81965 ], [ -155.99408, 19.81938 ], [ -155.99265, 19.81941 ], [ -155.99206, 19.8186 ], [ -155.99092, 19.81862 ], [ -155.99063, 19.81836 ], [ -155.99061, 19.81754 ], [ -155.99032, 19.81755 ], [ -155.99058, 19.81592 ], [ -155.99, 19.81566 ], [ -155.98999, 19.81512 ], [ -155.98912, 19.81459 ], [ -155.98911, 19.81405 ], [ -155.98795, 19.81298 ], [ -155.98738, 19.81299 ], [ -155.98679, 19.81219 ], [ -155.98593, 19.81221 ], [ -155.98563, 19.81113 ], [ -155.98505, 19.81096 ] ] ] } },
{ "type": "Feature", "properties": { "unit_id": "U-110", "name": "Southern Coast / Kukio", "type": "Road-defined", "area_ha": 179.7, "c_firevuln": 25.0, "c_consval": 0.0, "c_commval": 0.0, "c_respmgmt": 6.0, "c_prevmgmt": 20.0 }, "geometry": { "type": "Polygon", "coordinates": [ [ [ -155.97048, 19.8428 ], [ -155.9696, 19.842 ], [ -155.96874, 19.84174 ], [ -155.96872, 19.84093 ], [ -155.96815, 19.84067 ], [ -155.96814, 19.84013 ], [ -155.96756, 19.83987 ], [ -155.96755, 19.83932 ], [ -155.96698, 19.83933 ], [ -155.96697, 19.83879 ], [ -155.9661, 19.83827 ], [ -155.9658, 19.83746 ], [ -155.96523, 19.83747 ], [ -155.96493, 19.83693 ], [ -155.96407, 19.83694 ], [ -155.96349, 19.83641 ], [ -155.96149, 19.83645 ], [ -155.96148, 19.8359 ], [ -155.9609, 19.83564 ], [ -155.96088, 19.83483 ], [ -155.95943, 19.8335 ], [ -155.95886, 19.83351 ], [ -155.95856, 19.83297 ], [ -155.9577, 19.83299 ], [ -155.9574, 19.83218 ], [ -155.95711, 19.83219 ], [ -155.9571, 19.83164 ], [ -155.95653, 19.83138 ], [ -155.9565, 19.83003 ], [ -155.95534, 19.82897 ], [ -155.95477, 19.82897 ], [ -155.95098, 19.82552 ], [ -155.95097, 19.8247 ], [ -155.94922, 19.82338 ], [ -155.94921, 19.82284 ], [ -155.94806, 19.82259 ], [ -155.94775, 19.82097 ], [ -155.94717, 19.82043 ], [ -155.94715, 19.81962 ], [ -155.94743, 19.81935 ], [ -155.94685, 19.81881 ], [ -155.94684, 19.818 ], [ -155.94626, 19.81774 ], [ -155.94625, 19.8172 ], [ -155.9445, 19.8156 ], [ -155.94278, 19.81509 ], [ -155.94246, 19.81347 ], [ -155.94217, 19.81347 ], [ -155.94215, 19.81239 ], [ -155.94157, 19.81186 ], [ -155.941, 19.81187 ], [ -155.94099, 19.8116 ], [ -155.94014, 19.81161 ], [ -155.9404, 19.81025 ], [ -155.94126, 19.81051 ], [ -155.94272, 19.81184 ], [ -155.94273, 19.81265 ], [ -155.9433, 19.81264 ], [ -155.94332, 19.81373 ], [ -155.94711, 19.81718 ], [ -155.94797, 19.81744 ], [ -155.94828, 19.81852 ], [ -155.94799, 19.81852 ], [ -155.948, 19.81934 ], [ -155.94829, 19.81933 ], [ -155.94861, 19.82095 ], [ -155.94918, 19.82121 ], [ -155.94979, 19.82283 ], [ -155.95101, 19.82335 ], [ -155.95159, 19.82449 ], [ -155.95211, 19.82441 ], [ -155.95213, 19.8255 ], [ -155.95329, 19.82656 ], [ -155.95386, 19.82628 ], [ -155.95474, 19.82735 ], [ -155.95531, 19.82734 ], [ -155.95647, 19.8284 ], [ -155.95677, 19.82921 ], [ -155.95735, 19.8292 ], [ -155.95766, 19.83055 ], [ -155.95881, 19.8308 ], [ -155.95882, 19.83162 ], [ -155.95911, 19.83188 ], [ -155.96082, 19.83158 ], [ -155.96083, 19.83185 ], [ -155.9614, 19.83184 ], [ -155.96199, 19.83265 ], [ -155.96314, 19.8329 ], [ -155.96315, 19.83344 ], [ -155.96372, 19.8337 ], [ -155.96373, 19.83424 ], [ -155.96431, 19.83423 ], [ -155.96489, 19.83504 ], [ -155.96689, 19.83473 ], [ -155.9669, 19.83527 ], [ -155.96805, 19.83552 ], [ -155.96806, 19.8358 ], [ -155.96949, 19.83577 ], [ -155.96948, 19.8355 ], [ -155.97178, 19.83573 ], [ -155.97176, 19.83465 ], [ -155.97233, 19.83464 ], [ -155.9726, 19.83409 ], [ -155.97461, 19.83406 ], [ -155.97488, 19.83324 ], [ -155.97602, 19.83323 ], [ -155.97603, 19.8335 ], [ -155.97745, 19.8332 ], [ -155.97775, 19.83374 ], [ -155.98033, 19.83397 ], [ -155.98034, 19.83451 ], [ -155.98063, 19.8345 ], [ -155.9809, 19.83396 ], [ -155.9829, 19.83392 ], [ -155.98291, 19.83419 ], [ -155.98348, 19.83418 ], [ -155.98489, 19.83281 ], [ -155.98546, 19.8328 ], [ -155.98602, 19.83225 ], [ -155.98639, 19.83254 ], [ -155.98666, 19.83374 ], [ -155.98638, 19.8343 ], [ -155.98687, 19.83459 ], [ -155.98671, 19.83521 ], [ -155.98588, 19.83491 ], [ -155.98409, 19.83607 ], [ -155.9839, 19.83661 ], [ -155.98324, 19.83663 ], [ -155.98247, 19.83718 ], [ -155.98124, 19.83693 ], [ -155.98066, 19.8364 ], [ -155.97894, 19.83643 ], [ -155.97895, 19.8367 ], [ -155.9781, 19.83698 ], [ -155.97812, 19.83834 ], [ -155.97841, 19.83833 ], [ -155.97842, 19.83887 ], [ -155.97813, 19.83888 ], [ -155.97815, 19.83969 ], [ -155.97562, 19.84217 ], [ -155.97476, 19.84218 ], [ -155.97418, 19.84165 ], [ -155.97103, 19.8417 ], [ -155.97047, 19.84225 ], [ -155.97048, 19.8428 ] ] ] } },
{ "type": "Feature", "properties": { "unit_id": "U-111", "name": "Southern Coast / Kukio", "type": "Road-defined", "area_ha": 94.4, "c_firevuln": 45.0, "c_consval": 0.0, "c_commval": 50.0, "c_respmgmt": 7.0, "c_prevmgmt": 19.0 }, "geometry": { "type": "MultiPolygon", "coordinates": [ [ [ [ -155.99326, 19.80504 ], [ -155.99721, 19.80157 ], [ -156.0028, 19.79595 ], [ -156.0031, 19.79675 ], [ -156.00338, 19.79675 ], [ -156.0034, 19.79783 ], [ -156.00399, 19.79836 ], [ -156.00403, 19.8008 ], [ -156.00375, 19.8008 ], [ -156.00376, 19.80135 ], [ -156.00404, 19.80134 ], [ -156.00406, 19.80215 ], [ -156.00321, 19.80298 ], [ -156.00297, 19.80515 ], [ -156.0024, 19.80543 ], [ -156.00242, 19.80624 ], [ -156.00299, 19.8065 ], [ -156.00331, 19.80812 ], [ -156.00417, 19.80838 ], [ -156.00449, 19.80973 ], [ -156.00507, 19.81026 ], [ -156.00564, 19.81025 ], [ -156.00594, 19.81079 ], [ -156.00678, 19.81077 ], [ -156.00678, 19.81131 ], [ -156.00624, 19.81187 ], [ -156.00395, 19.8119 ], [ -156.00366, 19.81137 ], [ -156.00222, 19.81112 ], [ -156.00222, 19.81085 ], [ -156.00108, 19.81114 ], [ -156.0005, 19.81061 ], [ -156.00047, 19.80898 ], [ -155.99901, 19.80792 ], [ -155.99899, 19.80684 ], [ -155.99842, 19.80685 ], [ -155.99841, 19.80631 ], [ -155.99754, 19.80551 ], [ -155.99497, 19.80583 ], [ -155.99438, 19.80502 ], [ -155.99381, 19.80503 ], [ -155.99382, 19.8053 ], [ -155.99326, 19.80504 ] ] ], [ [ [ -156.0028, 19.79594 ], [ -156.00452, 19.79402 ], [ -156.00476, 19.79402 ], [ -156.00449, 19.79483 ], [ -156.00392, 19.79511 ], [ -156.00393, 19.79566 ], [ -156.0028, 19.79594 ] ] ] ] } },
{ "type": "Feature", "properties": { "unit_id": "U-112", "name": "Southern Coast / Kukio", "type": "Road-defined", "area_ha": 186.7, "c_firevuln": 38.0, "c_consval": 33.0, "c_commval": 0.0, "c_respmgmt": 5.0, "c_prevmgmt": 41.0 }, "geometry": { "type": "Polygon", "coordinates": [ [ [ -156.00449, 19.79456 ], [ -156.00477, 19.79429 ], [ -156.00452, 19.79402 ], [ -156.00953, 19.78803 ], [ -156.01456, 19.78085 ], [ -156.0151, 19.78084 ], [ -156.01597, 19.78164 ], [ -156.01599, 19.78272 ], [ -156.01629, 19.78299 ], [ -156.01572, 19.78354 ], [ -156.01573, 19.78408 ], [ -156.01602, 19.78408 ], [ -156.01604, 19.78489 ], [ -156.01661, 19.78515 ], [ -156.01663, 19.78596 ], [ -156.01779, 19.78703 ], [ -156.01812, 19.78946 ], [ -156.01842, 19.78972 ], [ -156.01985, 19.7897 ], [ -156.02043, 19.79023 ], [ -156.02044, 19.79077 ], [ -156.02072, 19.79077 ], [ -156.02073, 19.79131 ], [ -156.0216, 19.79157 ], [ -156.02161, 19.79211 ], [ -156.02218, 19.79237 ], [ -156.02249, 19.79318 ], [ -156.02277, 19.7929 ], [ -156.02392, 19.79315 ], [ -156.02393, 19.79369 ], [ -156.02421, 19.79369 ], [ -156.02393, 19.79396 ], [ -156.02395, 19.79478 ], [ -156.02423, 19.79477 ], [ -156.02425, 19.79558 ], [ -156.0231, 19.7956 ], [ -156.02255, 19.79642 ], [ -156.02233, 19.79589 ], [ -156.02172, 19.79594 ], [ -156.02087, 19.79699 ], [ -156.01969, 19.79674 ], [ -156.0194, 19.79621 ], [ -156.01739, 19.79624 ], [ -156.01656, 19.79734 ], [ -156.01313, 19.79767 ], [ -156.01254, 19.79686 ], [ -156.01111, 19.79689 ], [ -156.01081, 19.79635 ], [ -156.00938, 19.79611 ], [ -156.0088, 19.79557 ], [ -156.00852, 19.79585 ], [ -156.00651, 19.79588 ], [ -156.00651, 19.79561 ], [ -156.00565, 19.79563 ], [ -156.00449, 19.79456 ] ] ] } },
{ "type": "Feature", "properties": { "unit_id": "U-113", "name": "Southern Coast / Kukio", "type": "Road-defined", "area_ha": 511.6, "c_firevuln": 29.0, "c_consval": 0.0, "c_commval": 0.0, "c_respmgmt": 6.0, "c_prevmgmt": 36.0 }, "geometry": { "type": "Polygon", "coordinates": [ [ [ -155.95182, 19.82436 ], [ -155.96783, 19.81526 ], [ -155.96995, 19.81464 ], [ -155.97025, 19.81545 ], [ -155.97287, 19.81757 ], [ -155.97288, 19.81811 ], [ -155.97345, 19.8181 ], [ -155.97462, 19.81917 ], [ -155.97463, 19.81971 ], [ -155.97521, 19.82024 ], [ -155.97635, 19.82022 ], [ -155.97665, 19.82103 ], [ -155.97751, 19.82101 ], [ -155.97779, 19.82047 ], [ -155.97922, 19.82071 ], [ -155.97922, 19.82044 ], [ -155.98179, 19.8204 ], [ -155.9818, 19.82094 ], [ -155.98239, 19.82147 ], [ -155.9821, 19.82175 ], [ -155.98214, 19.82391 ], [ -155.98273, 19.82445 ], [ -155.98444, 19.82442 ], [ -155.98473, 19.82468 ], [ -155.98475, 19.8255 ], [ -155.9856, 19.82521 ], [ -155.9859, 19.82602 ], [ -155.98648, 19.82601 ], [ -155.98622, 19.82764 ], [ -155.98565, 19.82765 ], [ -155.98596, 19.82927 ], [ -155.98568, 19.82927 ], [ -155.98569, 19.82981 ], [ -155.98656, 19.83034 ], [ -155.98657, 19.83111 ], [ -155.986, 19.83187 ], [ -155.98603, 19.83252 ], [ -155.98489, 19.83281 ], [ -155.98461, 19.83335 ], [ -155.98404, 19.83336 ], [ -155.98348, 19.83418 ], [ -155.98291, 19.83419 ], [ -155.9829, 19.83392 ], [ -155.9809, 19.83396 ], [ -155.98034, 19.83451 ], [ -155.98033, 19.83397 ], [ -155.97775, 19.83374 ], [ -155.97745, 19.8332 ], [ -155.97603, 19.8335 ], [ -155.97602, 19.83323 ], [ -155.97488, 19.83324 ], [ -155.97461, 19.83406 ], [ -155.9726, 19.83409 ], [ -155.97233, 19.83464 ], [ -155.97176, 19.83465 ], [ -155.97178, 19.83573 ], [ -155.96948, 19.8355 ], [ -155.96949, 19.83577 ], [ -155.96806, 19.8358 ], [ -155.96805, 19.83552 ], [ -155.9669, 19.83527 ], [ -155.96689, 19.83473 ], [ -155.96489, 19.83504 ], [ -155.96431, 19.83423 ], [ -155.96373, 19.83424 ], [ -155.96372, 19.8337 ], [ -155.96315, 19.83344 ], [ -155.96314, 19.8329 ], [ -155.96199, 19.83265 ], [ -155.96082, 19.83158 ], [ -155.95911, 19.83188 ], [ -155.95882, 19.83162 ], [ -155.95881, 19.8308 ], [ -155.95766, 19.83055 ], [ -155.95735, 19.8292 ], [ -155.95677, 19.82921 ], [ -155.95647, 19.8284 ], [ -155.95531, 19.82734 ], [ -155.95474, 19.82735 ], [ -155.95386, 19.82628 ], [ -155.95329, 19.82656 ], [ -155.95213, 19.8255 ], [ -155.95211, 19.82441 ], [ -155.95182, 19.82436 ] ] ] } },
{ "type": "Feature", "properties": { "unit_id": "U-114", "name": "Southern Coast / Kukio", "type": "Road-defined", "area_ha": 122.9, "c_firevuln": 47.0, "c_consval": 0.0, "c_commval": 50.0, "c_respmgmt": 17.0, "c_prevmgmt": 35.0 }, "geometry": { "type": "Polygon", "coordinates": [ [ [ -155.98829, 19.83109 ], [ -155.98657, 19.83111 ], [ -155.98656, 19.83034 ], [ -155.98569, 19.82981 ], [ -155.98568, 19.82927 ], [ -155.98596, 19.82927 ], [ -155.98565, 19.82765 ], [ -155.98622, 19.82764 ], [ -155.98648, 19.82601 ], [ -155.9859, 19.82602 ], [ -155.9856, 19.82521 ], [ -155.98475, 19.8255 ], [ -155.98473, 19.82468 ], [ -155.98444, 19.82442 ], [ -155.98273, 19.82445 ], [ -155.98214, 19.82391 ], [ -155.9821, 19.82175 ], [ -155.98239, 19.82147 ], [ -155.9818, 19.82094 ], [ -155.98179, 19.8204 ], [ -155.97922, 19.82044 ], [ -155.97922, 19.82071 ], [ -155.97779, 19.82047 ], [ -155.97751, 19.82101 ], [ -155.97665, 19.82103 ], [ -155.97635, 19.82022 ], [ -155.97521, 19.82024 ], [ -155.97463, 19.81971 ], [ -155.97462, 19.81917 ], [ -155.97345, 19.8181 ], [ -155.97288, 19.81811 ], [ -155.97287, 19.81757 ], [ -155.97025, 19.81545 ], [ -155.96995, 19.81464 ], [ -155.98165, 19.81255 ], [ -155.98195, 19.81336 ], [ -155.98166, 19.81336 ], [ -155.98168, 19.81417 ], [ -155.98225, 19.81443 ], [ -155.98198, 19.81525 ], [ -155.98257, 19.81578 ], [ -155.98258, 19.8166 ], [ -155.9823, 19.81687 ], [ -155.98259, 19.81687 ], [ -155.98291, 19.81876 ], [ -155.98319, 19.81875 ], [ -155.98322, 19.82011 ], [ -155.98436, 19.82009 ], [ -155.98494, 19.82062 ], [ -155.98496, 19.82143 ], [ -155.98612, 19.82249 ], [ -155.98669, 19.82221 ], [ -155.98699, 19.82302 ], [ -155.98814, 19.823 ], [ -155.98852, 19.82841 ], [ -155.98768, 19.82897 ], [ -155.98769, 19.82978 ], [ -155.98827, 19.83004 ], [ -155.98829, 19.83109 ] ] ] } },
{ "type": "Feature", "properties": { "unit_id": "U-115", "name": "Southern Coast / Kukio", "type": "Road-defined", "area_ha": 215.2, "c_firevuln": 10.0, "c_consval": 33.0, "c_commval": 0.0, "c_respmgmt": 14.0, "c_prevmgmt": 41.0 }, "geometry": { "type": "MultiPolygon", "coordinates": [ [ [ [ -156.02733, 19.79201 ], [ -156.02687, 19.7928 ], [ -156.02644, 19.79269 ], [ -156.02606, 19.79339 ], [ -156.02564, 19.79339 ], [ -156.02562, 19.79258 ], [ -156.02618, 19.79203 ], [ -156.02733, 19.79201 ] ] ], [ [ [ -156.0151, 19.78084 ], [ -156.01456, 19.78085 ], [ -156.01986, 19.77289 ], [ -156.02397, 19.76475 ], [ -156.02522, 19.7663 ], [ -156.02861, 19.76917 ], [ -156.02865, 19.77114 ], [ -156.02808, 19.77114 ], [ -156.02808, 19.77142 ], [ -156.02837, 19.77141 ], [ -156.02867, 19.77249 ], [ -156.02839, 19.77249 ], [ -156.0284, 19.77304 ], [ -156.02783, 19.77304 ], [ -156.02812, 19.77331 ], [ -156.02814, 19.77466 ], [ -156.02786, 19.77494 ], [ -156.02815, 19.77494 ], [ -156.02816, 19.77548 ], [ -156.02787, 19.77548 ], [ -156.02789, 19.77629 ], [ -156.02818, 19.77656 ], [ -156.02762, 19.77711 ], [ -156.02763, 19.77765 ], [ -156.02791, 19.77765 ], [ -156.02794, 19.77927 ], [ -156.02766, 19.77928 ], [ -156.02768, 19.78036 ], [ -156.02826, 19.78062 ], [ -156.02828, 19.7817 ], [ -156.02915, 19.7825 ], [ -156.02916, 19.78304 ], [ -156.02945, 19.78304 ], [ -156.02917, 19.78331 ], [ -156.02921, 19.78548 ], [ -156.02949, 19.78547 ], [ -156.0295, 19.78602 ], [ -156.02922, 19.78602 ], [ -156.02925, 19.78764 ], [ -156.02953, 19.78764 ], [ -156.02954, 19.78818 ], [ -156.02898, 19.78846 ], [ -156.02899, 19.789 ], [ -156.02842, 19.78901 ], [ -156.02874, 19.7909 ], [ -156.02817, 19.79091 ], [ -156.02761, 19.79201 ], [ -156.02704, 19.79174 ], [ -156.02672, 19.7904 ], [ -156.02615, 19.79041 ], [ -156.02584, 19.78879 ], [ -156.02498, 19.7888 ], [ -156.02497, 19.78826 ], [ -156.02525, 19.78825 ], [ -156.02524, 19.78771 ], [ -156.02496, 19.78772 ], [ -156.02493, 19.78636 ], [ -156.02522, 19.78636 ], [ -156.02521, 19.78582 ], [ -156.02434, 19.78556 ], [ -156.02434, 19.78529 ], [ -156.0232, 19.78531 ], [ -156.02288, 19.78396 ], [ -156.0223, 19.78343 ], [ -156.02173, 19.78344 ], [ -156.02114, 19.78264 ], [ -156.02029, 19.78292 ], [ -156.02027, 19.78211 ], [ -156.01998, 19.78184 ], [ -156.01769, 19.78161 ], [ -156.01741, 19.78189 ], [ -156.01566, 19.78029 ], [ -156.0151, 19.78084 ] ] ] ] } },
{ "type": "Feature", "properties": { "unit_id": "U-116", "name": "Southern Coast / Kukio", "type": "Road-defined", "area_ha": 214.9, "c_firevuln": 23.0, "c_consval": 0.0, "c_commval": 0.0, "c_respmgmt": 7.0, "c_prevmgmt": 20.0 }, "geometry": { "type": "MultiPolygon", "coordinates": [ [ [ [ -155.95302, 19.82738 ], [ -155.95477, 19.82897 ], [ -155.95534, 19.82897 ], [ -155.9565, 19.83003 ], [ -155.95653, 19.83138 ], [ -155.9571, 19.83164 ], [ -155.95741, 19.83272 ], [ -155.95856, 19.83297 ], [ -155.95886, 19.83351 ], [ -155.95943, 19.8335 ], [ -155.96088, 19.83483 ], [ -155.9609, 19.83564 ], [ -155.96148, 19.8359 ], [ -155.96149, 19.83645 ], [ -155.96349, 19.83641 ], [ -155.96407, 19.83694 ], [ -155.96493, 19.83693 ], [ -155.96523, 19.83747 ], [ -155.9658, 19.83746 ], [ -155.9661, 19.83827 ], [ -155.96697, 19.83879 ], [ -155.96698, 19.83933 ], [ -155.96755, 19.83932 ], [ -155.96756, 19.83987 ], [ -155.96814, 19.84013 ], [ -155.96815, 19.84067 ], [ -155.96872, 19.84093 ], [ -155.96874, 19.84174 ], [ -155.9696, 19.842 ], [ -155.97019, 19.8428 ], [ -155.97048, 19.8428 ], [ -155.97047, 19.84225 ], [ -155.97103, 19.8417 ], [ -155.97418, 19.84165 ], [ -155.97476, 19.84218 ], [ -155.97562, 19.84217 ], [ -155.97815, 19.83969 ], [ -155.97813, 19.83888 ], [ -155.97842, 19.83887 ], [ -155.97841, 19.83833 ], [ -155.97812, 19.83834 ], [ -155.9781, 19.83698 ], [ -155.97838, 19.83671 ], [ -155.97895, 19.8367 ], [ -155.97894, 19.83643 ], [ -155.98066, 19.8364 ], [ -155.98124, 19.83693 ], [ -155.9821, 19.83692 ], [ -155.98239, 19.83723 ], [ -155.98102, 19.83869 ], [ -155.98116, 19.83951 ], [ -155.98067, 19.84054 ], [ -155.98075, 19.84124 ], [ -155.97993, 19.84236 ], [ -155.98012, 19.84281 ], [ -155.97793, 19.84348 ], [ -155.97693, 19.84494 ], [ -155.97708, 19.84526 ], [ -155.97665, 19.84508 ], [ -155.97661, 19.8454 ], [ -155.97568, 19.84542 ], [ -155.97502, 19.84647 ], [ -155.97392, 19.84716 ], [ -155.97413, 19.84734 ], [ -155.9729, 19.84777 ], [ -155.97229, 19.84845 ], [ -155.97027, 19.84873 ], [ -155.96941, 19.84931 ], [ -155.96831, 19.84925 ], [ -155.96755, 19.85013 ], [ -155.96661, 19.85017 ], [ -155.96515, 19.85128 ], [ -155.95302, 19.82738 ] ] ], [ [ [ -155.98212, 19.83793 ], [ -155.98212, 19.83785 ], [ -155.98216, 19.83788 ], [ -155.98212, 19.83793 ] ] ], [ [ [ -155.95289, 19.82711 ], [ -155.95301, 19.82711 ], [ -155.95302, 19.82738 ], [ -155.95289, 19.82711 ] ] ] ] } },
{ "type": "Feature", "properties": { "unit_id": "U-117", "name": "Southern Coast / Kukio", "type": "Road-defined", "area_ha": 210.8, "c_firevuln": 47.0, "c_consval": 0.0, "c_commval": 50.0, "c_respmgmt": 21.0, "c_prevmgmt": 36.0 }, "geometry": { "type": "Polygon", "coordinates": [ [ [ -155.98829, 19.83109 ], [ -155.98827, 19.83004 ], [ -155.98769, 19.82978 ], [ -155.98768, 19.82897 ], [ -155.98852, 19.82841 ], [ -155.98814, 19.823 ], [ -155.98699, 19.82302 ], [ -155.98669, 19.82221 ], [ -155.98612, 19.82249 ], [ -155.98496, 19.82143 ], [ -155.98494, 19.82062 ], [ -155.98436, 19.82009 ], [ -155.98322, 19.82011 ], [ -155.98319, 19.81875 ], [ -155.98291, 19.81876 ], [ -155.98259, 19.81687 ], [ -155.9823, 19.81687 ], [ -155.98258, 19.8166 ], [ -155.98257, 19.81578 ], [ -155.98198, 19.81525 ], [ -155.98225, 19.81443 ], [ -155.98168, 19.81417 ], [ -155.98194, 19.81281 ], [ -155.98106, 19.81202 ], [ -155.9802, 19.81176 ], [ -155.98017, 19.80987 ], [ -155.97988, 19.80987 ], [ -155.97986, 19.80906 ], [ -155.979, 19.80853 ], [ -155.97866, 19.8061 ], [ -155.9778, 19.80584 ], [ -155.97745, 19.80233 ], [ -155.97832, 19.80313 ], [ -155.97834, 19.80394 ], [ -155.98183, 19.80713 ], [ -155.9824, 19.80712 ], [ -155.9827, 19.80793 ], [ -155.98416, 19.80899 ], [ -155.98417, 19.80953 ], [ -155.98474, 19.80979 ], [ -155.98476, 19.8106 ], [ -155.98504, 19.8106 ], [ -155.98505, 19.81114 ], [ -155.98563, 19.81113 ], [ -155.98593, 19.81221 ], [ -155.98679, 19.81219 ], [ -155.98738, 19.81299 ], [ -155.98795, 19.81298 ], [ -155.98911, 19.81405 ], [ -155.98912, 19.81459 ], [ -155.99058, 19.81592 ], [ -155.99032, 19.81755 ], [ -155.99061, 19.81754 ], [ -155.99063, 19.81836 ], [ -155.99092, 19.81862 ], [ -155.99206, 19.8186 ], [ -155.99265, 19.81941 ], [ -155.99408, 19.81938 ], [ -155.99408, 19.81965 ], [ -155.99436, 19.81938 ], [ -155.9958, 19.81962 ], [ -155.99608, 19.81908 ], [ -155.99665, 19.81907 ], [ -155.99666, 19.81988 ], [ -155.99752, 19.81987 ], [ -155.99751, 19.81932 ], [ -155.99808, 19.81904 ], [ -155.99691, 19.82197 ], [ -155.99757, 19.82242 ], [ -155.99788, 19.82319 ], [ -155.99735, 19.824 ], [ -155.99771, 19.82441 ], [ -155.99758, 19.82575 ], [ -155.99632, 19.82653 ], [ -155.99538, 19.82672 ], [ -155.99469, 19.82772 ], [ -155.99268, 19.82908 ], [ -155.99116, 19.82989 ], [ -155.98885, 19.83057 ], [ -155.98829, 19.83109 ] ] ] } },
{ "type": "Feature", "properties": { "unit_id": "U-118", "name": "Southern Coast / Kukio", "type": "Road-defined", "area_ha": 104.5, "c_firevuln": 58.0, "c_consval": 0.0, "c_commval": 50.0, "c_respmgmt": 14.0, "c_prevmgmt": 19.0 }, "geometry": { "type": "MultiPolygon", "coordinates": [ [ [ [ -155.98978, 19.80375 ], [ -155.9895, 19.80402 ], [ -155.98949, 19.80375 ], [ -155.98978, 19.80375 ] ] ], [ [ [ -155.98979, 19.80402 ], [ -155.99008, 19.80428 ], [ -155.99236, 19.80424 ], [ -155.99295, 19.80505 ], [ -155.99352, 19.80504 ], [ -155.99353, 19.80531 ], [ -155.99438, 19.80502 ], [ -155.99497, 19.80583 ], [ -155.99754, 19.80551 ], [ -155.99841, 19.80631 ], [ -155.99842, 19.80685 ], [ -155.99899, 19.80684 ], [ -155.99901, 19.80792 ], [ -156.00047, 19.80898 ], [ -156.0005, 19.81061 ], [ -156.00108, 19.81114 ], [ -156.00222, 19.81085 ], [ -156.00222, 19.81112 ], [ -156.00366, 19.81137 ], [ -156.00395, 19.8119 ], [ -156.00624, 19.81187 ], [ -156.00678, 19.81131 ], [ -156.00714, 19.81254 ], [ -156.00562, 19.81452 ], [ -156.00422, 19.81462 ], [ -156.00279, 19.81425 ], [ -156.00176, 19.81454 ], [ -156.00125, 19.81506 ], [ -156.00169, 19.81829 ], [ -156.00118, 19.81834 ], [ -156.0012, 19.81945 ], [ -155.99989, 19.81849 ], [ -155.99836, 19.81877 ], [ -155.99835, 19.8185 ], [ -155.99893, 19.81849 ], [ -155.99888, 19.81605 ], [ -155.99917, 19.81605 ], [ -155.99915, 19.81523 ], [ -155.99828, 19.81444 ], [ -155.99771, 19.81445 ], [ -155.99769, 19.81363 ], [ -155.99741, 19.81364 ], [ -155.9971, 19.81283 ], [ -155.99568, 19.81313 ], [ -155.99567, 19.81258 ], [ -155.99481, 19.81233 ], [ -155.9948, 19.81206 ], [ -155.99423, 19.81207 ], [ -155.99422, 19.81153 ], [ -155.99306, 19.81073 ], [ -155.99274, 19.80911 ], [ -155.99246, 19.80912 ], [ -155.99243, 19.80776 ], [ -155.9901, 19.80564 ], [ -155.98979, 19.80402 ] ] ] ] } },
{ "type": "Feature", "properties": { "unit_id": "U-119", "name": "Southern Coast / Kukio", "type": "Road-defined", "area_ha": 181.8, "c_firevuln": 64.0, "c_consval": 33.0, "c_commval": 50.0, "c_respmgmt": 28.0, "c_prevmgmt": 41.0 }, "geometry": { "type": "Polygon", "coordinates": [ [ [ -156.0028, 19.79595 ], [ -156.00393, 19.79566 ], [ -156.00392, 19.79511 ], [ -156.00477, 19.79456 ], [ -156.00565, 19.79563 ], [ -156.00651, 19.79561 ], [ -156.00651, 19.79588 ], [ -156.00852, 19.79585 ], [ -156.0088, 19.79557 ], [ -156.00938, 19.79611 ], [ -156.01081, 19.79635 ], [ -156.01111, 19.79689 ], [ -156.01254, 19.79686 ], [ -156.01313, 19.79767 ], [ -156.01656, 19.79734 ], [ -156.01739, 19.79624 ], [ -156.0194, 19.79621 ], [ -156.01969, 19.79674 ], [ -156.02087, 19.79699 ], [ -156.02043, 19.79839 ], [ -156.01873, 19.79932 ], [ -156.01839, 19.80014 ], [ -156.01744, 19.80081 ], [ -156.01726, 19.80169 ], [ -156.01589, 19.8014 ], [ -156.01498, 19.80187 ], [ -156.01465, 19.80266 ], [ -156.01383, 19.80299 ], [ -156.0136, 19.80452 ], [ -156.01399, 19.80521 ], [ -156.01296, 19.80688 ], [ -156.00915, 19.80812 ], [ -156.0084, 19.80956 ], [ -156.00744, 19.80979 ], [ -156.00678, 19.81077 ], [ -156.00594, 19.81079 ], [ -156.00564, 19.81025 ], [ -156.00507, 19.81026 ], [ -156.00449, 19.80973 ], [ -156.00417, 19.80838 ], [ -156.00331, 19.80812 ], [ -156.00299, 19.8065 ], [ -156.00242, 19.80624 ], [ -156.0024, 19.80543 ], [ -156.00297, 19.80515 ], [ -156.00321, 19.80298 ], [ -156.00406, 19.80215 ], [ -156.00404, 19.80134 ], [ -156.00376, 19.80135 ], [ -156.00375, 19.8008 ], [ -156.00403, 19.8008 ], [ -156.00399, 19.79836 ], [ -156.0034, 19.79783 ], [ -156.00338, 19.79675 ], [ -156.0031, 19.79675 ], [ -156.0028, 19.79595 ] ] ] } },
{ "type": "Feature", "properties": { "unit_id": "U-120", "name": "Southern Coast / Kukio", "type": "Road-defined", "area_ha": 289.9, "c_firevuln": 9.0, "c_consval": 33.0, "c_commval": 0.0, "c_respmgmt": 16.0, "c_prevmgmt": 41.0 }, "geometry": { "type": "MultiPolygon", "coordinates": [ [ [ [ -156.02255, 19.79642 ], [ -156.0231, 19.7956 ], [ -156.02425, 19.79558 ], [ -156.02423, 19.79477 ], [ -156.02395, 19.79478 ], [ -156.02393, 19.79396 ], [ -156.02421, 19.79369 ], [ -156.02393, 19.79369 ], [ -156.02362, 19.79289 ], [ -156.02277, 19.7929 ], [ -156.02277, 19.79317 ], [ -156.02219, 19.79291 ], [ -156.02218, 19.79237 ], [ -156.02161, 19.79211 ], [ -156.02131, 19.7913 ], [ -156.02073, 19.79131 ], [ -156.02072, 19.79077 ], [ -156.02044, 19.79077 ], [ -156.02043, 19.79023 ], [ -156.01985, 19.7897 ], [ -156.01842, 19.78972 ], [ -156.01812, 19.78946 ], [ -156.01779, 19.78703 ], [ -156.01663, 19.78596 ], [ -156.01661, 19.78515 ], [ -156.01604, 19.78489 ], [ -156.01602, 19.78408 ], [ -156.01573, 19.78408 ], [ -156.01572, 19.78354 ], [ -156.01601, 19.78354 ], [ -156.01628, 19.78272 ], [ -156.01599, 19.78272 ], [ -156.01597, 19.78164 ], [ -156.01511, 19.78111 ], [ -156.01538, 19.7803 ], [ -156.01624, 19.78055 ], [ -156.01741, 19.78189 ], [ -156.01769, 19.78161 ], [ -156.01998, 19.78184 ], [ -156.02027, 19.78211 ], [ -156.02029, 19.78292 ], [ -156.02114, 19.78264 ], [ -156.02173, 19.78344 ], [ -156.0223, 19.78343 ], [ -156.02288, 19.78396 ], [ -156.0232, 19.78531 ], [ -156.02434, 19.78529 ], [ -156.02434, 19.78556 ], [ -156.02521, 19.78582 ], [ -156.02522, 19.78636 ], [ -156.02493, 19.78636 ], [ -156.02496, 19.78772 ], [ -156.02524, 19.78771 ], [ -156.02525, 19.78825 ], [ -156.02497, 19.78826 ], [ -156.02498, 19.7888 ], [ -156.02584, 19.78879 ], [ -156.02615, 19.79041 ], [ -156.02672, 19.7904 ], [ -156.02674, 19.79121 ], [ -156.02703, 19.7912 ], [ -156.02733, 19.79201 ], [ -156.02618, 19.79203 ], [ -156.02562, 19.79258 ], [ -156.02564, 19.79339 ], [ -156.02606, 19.79339 ], [ -156.02577, 19.79555 ], [ -156.02295, 19.79608 ], [ -156.02255, 19.79642 ] ] ], [ [ [ -156.02733, 19.79201 ], [ -156.02789, 19.79173 ], [ -156.02817, 19.79091 ], [ -156.02874, 19.7909 ], [ -156.02842, 19.78901 ], [ -156.02899, 19.789 ], [ -156.02898, 19.78846 ], [ -156.02954, 19.78818 ], [ -156.02953, 19.78764 ], [ -156.02925, 19.78764 ], [ -156.02922, 19.78602 ], [ -156.0295, 19.78602 ], [ -156.02949, 19.78547 ], [ -156.02921, 19.78548 ], [ -156.02917, 19.78331 ], [ -156.02945, 19.78304 ], [ -156.02916, 19.78304 ], [ -156.02915, 19.7825 ], [ -156.02828, 19.7817 ], [ -156.02826, 19.78062 ], [ -156.02768, 19.78036 ], [ -156.02766, 19.77928 ], [ -156.02794, 19.77927 ], [ -156.02791, 19.77765 ], [ -156.02763, 19.77765 ], [ -156.02762, 19.77711 ], [ -156.02818, 19.77656 ], [ -156.02789, 19.77629 ], [ -156.02787, 19.77548 ], [ -156.02816, 19.77548 ], [ -156.02815, 19.77494 ], [ -156.02786, 19.77494 ], [ -156.02814, 19.77466 ], [ -156.02812, 19.77331 ], [ -156.02783, 19.77304 ], [ -156.0284, 19.77304 ], [ -156.02839, 19.77249 ], [ -156.02867, 19.77249 ], [ -156.02866, 19.77195 ], [ -156.02838, 19.77195 ], [ -156.02808, 19.77114 ], [ -156.02865, 19.77114 ], [ -156.02869, 19.76924 ], [ -156.03128, 19.77065 ], [ -156.03207, 19.77205 ], [ -156.03348, 19.77305 ], [ -156.03556, 19.77384 ], [ -156.03597, 19.77556 ], [ -156.03693, 19.77673 ], [ -156.039, 19.77704 ], [ -156.04006, 19.77762 ], [ -156.04052, 19.78057 ], [ -156.04006, 19.78224 ], [ -156.0397, 19.78167 ], [ -156.03811, 19.78124 ], [ -156.03668, 19.78305 ], [ -156.03715, 19.7847 ], [ -156.03878, 19.78679 ], [ -156.03828, 19.78796 ], [ -156.03741, 19.7884 ], [ -156.03601, 19.78847 ], [ -156.0338, 19.79055 ], [ -156.03011, 19.79045 ], [ -156.02859, 19.79133 ], [ -156.02778, 19.79254 ], [ -156.02705, 19.79258 ], [ -156.02733, 19.79201 ] ] ] ] } },
{ "type": "Feature", "properties": { "unit_id": "U-121", "name": "Parker Ranch - West", "type": "Major Landowner", "area_ha": 312.8, "c_firevuln": 61.0, "c_consval": 0.0, "c_commval": 0.0, "c_respmgmt": 55.0, "c_prevmgmt": 40.0 }, "geometry": { "type": "MultiPolygon", "coordinates": [ [ [ [ -155.67904, 20.00645 ], [ -155.67683, 20.00533 ], [ -155.67741, 20.00067 ], [ -155.67651, 19.99481 ], [ -155.67678, 19.99481 ], [ -155.67677, 19.99426 ], [ -155.67791, 19.99425 ], [ -155.67819, 19.9937 ], [ -155.68106, 19.99393 ], [ -155.68107, 19.9942 ], [ -155.68336, 19.99416 ], [ -155.68336, 19.99443 ], [ -155.68393, 19.99443 ], [ -155.68452, 19.99496 ], [ -155.68482, 19.99604 ], [ -155.68597, 19.99629 ], [ -155.68598, 19.99683 ], [ -155.68656, 19.99737 ], [ -155.68828, 19.99734 ], [ -155.68886, 19.99787 ], [ -155.6903, 19.99785 ], [ -155.6903, 19.99812 ], [ -155.69116, 19.99811 ], [ -155.69144, 19.99756 ], [ -155.69287, 19.99727 ], [ -155.69317, 19.99808 ], [ -155.69488, 19.99778 ], [ -155.69517, 19.99805 ], [ -155.69545, 19.9975 ], [ -155.69659, 19.99748 ], [ -155.6966, 19.99776 ], [ -155.69803, 19.99746 ], [ -155.69803, 19.99773 ], [ -155.69947, 19.99798 ], [ -155.69976, 19.99852 ], [ -155.70205, 19.99794 ], [ -155.70204, 19.99767 ], [ -155.70319, 19.99765 ], [ -155.70319, 19.99793 ], [ -155.70443, 19.99818 ], [ -155.69317, 20.00072 ], [ -155.68589, 20.00574 ], [ -155.6837, 20.00676 ], [ -155.6794, 20.0062 ], [ -155.67904, 20.00645 ] ] ], [ [ [ -155.70691, 19.99757 ], [ -155.70747, 19.99678 ], [ -155.70833, 19.99676 ], [ -155.70888, 19.99567 ], [ -155.71118, 19.99564 ], [ -155.71118, 19.99591 ], [ -155.71204, 19.99562 ], [ -155.71233, 19.99589 ], [ -155.71317, 19.99479 ], [ -155.71431, 19.99478 ], [ -155.71431, 19.99451 ], [ -155.71775, 19.99472 ], [ -155.71776, 19.99499 ], [ -155.71891, 19.99525 ], [ -155.71891, 19.99552 ], [ -155.7212, 19.99521 ], [ -155.7212, 19.99548 ], [ -155.72321, 19.99572 ], [ -155.72378, 19.99517 ], [ -155.72464, 19.99516 ], [ -155.72463, 19.99489 ], [ -155.72549, 19.99488 ], [ -155.72549, 19.9946 ], [ -155.72692, 19.99458 ], [ -155.72748, 19.99403 ], [ -155.72919, 19.99373 ], [ -155.72949, 19.99427 ], [ -155.73035, 19.99426 ], [ -155.73094, 19.99506 ], [ -155.73208, 19.99504 ], [ -155.73325, 19.99611 ], [ -155.73382, 19.9961 ], [ -155.73132, 19.99756 ], [ -155.72235, 20.0008 ], [ -155.71814, 20.00164 ], [ -155.71712, 20.00069 ], [ -155.71439, 19.99956 ], [ -155.71048, 19.99727 ], [ -155.70853, 19.99679 ], [ -155.70691, 19.99757 ] ] ], [ [ [ -155.70577, 19.99762 ], [ -155.7056, 19.99792 ], [ -155.70491, 19.99807 ], [ -155.70519, 19.99762 ], [ -155.70577, 19.99762 ] ] ], [ [ [ -155.70676, 19.9976 ], [ -155.70634, 19.99772 ], [ -155.70634, 19.99761 ], [ -155.70676, 19.9976 ] ] ] ] } },
{ "type": "Feature", "properties": { "unit_id": "U-122", "name": "Parker Ranch - West", "type": "Major Landowner", "area_ha": 1389.2, "c_firevuln": 64.0, "c_consval": 0.0, "c_commval": 0.0, "c_respmgmt": 55.0, "c_prevmgmt": 28.0 }, "geometry": { "type": "Polygon", "coordinates": [ [ [ -155.68336, 19.99443 ], [ -155.68449, 19.99333 ], [ -155.68448, 19.99252 ], [ -155.68533, 19.99197 ], [ -155.68532, 19.99143 ], [ -155.68644, 19.99033 ], [ -155.68816, 19.99003 ], [ -155.68843, 19.98948 ], [ -155.68901, 19.98947 ], [ -155.68928, 19.98866 ], [ -155.69071, 19.98864 ], [ -155.6924, 19.98698 ], [ -155.69326, 19.98697 ], [ -155.69354, 19.98615 ], [ -155.69467, 19.98532 ], [ -155.69466, 19.98478 ], [ -155.6955, 19.98396 ], [ -155.69636, 19.98394 ], [ -155.69636, 19.98367 ], [ -155.6998, 19.98362 ], [ -155.70064, 19.98252 ], [ -155.70178, 19.98251 ], [ -155.70234, 19.98169 ], [ -155.70462, 19.98111 ], [ -155.7049, 19.98056 ], [ -155.70547, 19.98056 ], [ -155.70575, 19.98001 ], [ -155.70689, 19.97972 ], [ -155.70716, 19.9789 ], [ -155.70802, 19.97889 ], [ -155.70802, 19.97862 ], [ -155.70859, 19.97861 ], [ -155.70889, 19.97942 ], [ -155.70975, 19.97941 ], [ -155.70976, 19.97968 ], [ -155.71262, 19.97936 ], [ -155.71261, 19.97909 ], [ -155.71404, 19.97907 ], [ -155.71434, 19.97961 ], [ -155.71777, 19.97928 ], [ -155.71778, 19.97955 ], [ -155.71921, 19.97953 ], [ -155.71979, 19.98007 ], [ -155.72007, 19.97979 ], [ -155.72151, 19.97977 ], [ -155.7218, 19.98031 ], [ -155.72323, 19.98028 ], [ -155.72382, 19.98082 ], [ -155.72439, 19.98081 ], [ -155.72438, 19.98054 ], [ -155.72581, 19.98024 ], [ -155.72581, 19.97997 ], [ -155.7301, 19.97964 ], [ -155.73037, 19.97882 ], [ -155.73094, 19.97854 ], [ -155.73093, 19.978 ], [ -155.73234, 19.97662 ], [ -155.73377, 19.9766 ], [ -155.73405, 19.97605 ], [ -155.73491, 19.97604 ], [ -155.7349, 19.97577 ], [ -155.73604, 19.97548 ], [ -155.73605, 19.97575 ], [ -155.73662, 19.97574 ], [ -155.73663, 19.97628 ], [ -155.73896, 19.97842 ], [ -155.74068, 19.97866 ], [ -155.74126, 19.97919 ], [ -155.74127, 19.97973 ], [ -155.74299, 19.97971 ], [ -155.74299, 19.97944 ], [ -155.74385, 19.97942 ], [ -155.74412, 19.97888 ], [ -155.74527, 19.97886 ], [ -155.74586, 19.97966 ], [ -155.74672, 19.97965 ], [ -155.74727, 19.97883 ], [ -155.74899, 19.9788 ], [ -155.74898, 19.97826 ], [ -155.75013, 19.97824 ], [ -155.75238, 19.97604 ], [ -155.75296, 19.97603 ], [ -155.75323, 19.97549 ], [ -155.75666, 19.97489 ], [ -155.75666, 19.97462 ], [ -155.75836, 19.97405 ], [ -155.75864, 19.97351 ], [ -155.7595, 19.97322 ], [ -155.76037, 19.97429 ], [ -155.76095, 19.97428 ], [ -155.76094, 19.97401 ], [ -155.76123, 19.97428 ], [ -155.76238, 19.97426 ], [ -155.76237, 19.97399 ], [ -155.76295, 19.97398 ], [ -155.76295, 19.97425 ], [ -155.76381, 19.97424 ], [ -155.76382, 19.97451 ], [ -155.76524, 19.97422 ], [ -155.76554, 19.97502 ], [ -155.76612, 19.97501 ], [ -155.76728, 19.97608 ], [ -155.76814, 19.97607 ], [ -155.76844, 19.9766 ], [ -155.7693, 19.97659 ], [ -155.76988, 19.97712 ], [ -155.77045, 19.97711 ], [ -155.77046, 19.97766 ], [ -155.77103, 19.97765 ], [ -155.77162, 19.97818 ], [ -155.77154, 19.98366 ], [ -155.76622, 19.98499 ], [ -155.75812, 19.98851 ], [ -155.73731, 19.99427 ], [ -155.73382, 19.99622 ], [ -155.73325, 19.99611 ], [ -155.73208, 19.99504 ], [ -155.73094, 19.99506 ], [ -155.73035, 19.99426 ], [ -155.72949, 19.99427 ], [ -155.72919, 19.99373 ], [ -155.72748, 19.99403 ], [ -155.72692, 19.99458 ], [ -155.72549, 19.9946 ], [ -155.72549, 19.99488 ], [ -155.72463, 19.99489 ], [ -155.72464, 19.99516 ], [ -155.72378, 19.99517 ], [ -155.72321, 19.99572 ], [ -155.7212, 19.99548 ], [ -155.7212, 19.99521 ], [ -155.71891, 19.99552 ], [ -155.71891, 19.99525 ], [ -155.71776, 19.99499 ], [ -155.71775, 19.99472 ], [ -155.71431, 19.99451 ], [ -155.71431, 19.99478 ], [ -155.71317, 19.99479 ], [ -155.71233, 19.99589 ], [ -155.71204, 19.99562 ], [ -155.71118, 19.99591 ], [ -155.71118, 19.99564 ], [ -155.70888, 19.99567 ], [ -155.70833, 19.99676 ], [ -155.70747, 19.99678 ], [ -155.70691, 19.99757 ], [ -155.70577, 19.99787 ], [ -155.70577, 19.99762 ], [ -155.70519, 19.99762 ], [ -155.7052, 19.99789 ], [ -155.70443, 19.99818 ], [ -155.70319, 19.99793 ], [ -155.70319, 19.99765 ], [ -155.70204, 19.99767 ], [ -155.70205, 19.99794 ], [ -155.69976, 19.99852 ], [ -155.69947, 19.99798 ], [ -155.69803, 19.99773 ], [ -155.69803, 19.99746 ], [ -155.6966, 19.99776 ], [ -155.69659, 19.99748 ], [ -155.69545, 19.9975 ], [ -155.69517, 19.99805 ], [ -155.69488, 19.99778 ], [ -155.69317, 19.99808 ], [ -155.69287, 19.99727 ], [ -155.69201, 19.99728 ], [ -155.69116, 19.99811 ], [ -155.6903, 19.99812 ], [ -155.6903, 19.99785 ], [ -155.68886, 19.99787 ], [ -155.68828, 19.99734 ], [ -155.68656, 19.99737 ], [ -155.68598, 19.99683 ], [ -155.68597, 19.99629 ], [ -155.68482, 19.99604 ], [ -155.68452, 19.99496 ], [ -155.68393, 19.99443 ], [ -155.68336, 19.99443 ] ] ] } },
{ "type": "Feature", "properties": { "unit_id": "U-123", "name": "Parker Ranch - West", "type": "Major Landowner", "area_ha": 1539.3, "c_firevuln": 65.0, "c_consval": 0.0, "c_commval": 0.0, "c_respmgmt": 55.0, "c_prevmgmt": 31.0 }, "geometry": { "type": "Polygon", "coordinates": [ [ [ -155.67651, 19.99481 ], [ -155.67713, 19.97557 ], [ -155.67789, 19.9741 ], [ -155.67852, 19.96959 ], [ -155.68011, 19.96508 ], [ -155.68033, 19.96306 ], [ -155.68397, 19.96273 ], [ -155.68455, 19.96327 ], [ -155.6857, 19.96325 ], [ -155.68569, 19.96298 ], [ -155.68798, 19.96267 ], [ -155.68798, 19.96294 ], [ -155.68942, 19.96319 ], [ -155.6897, 19.96265 ], [ -155.69084, 19.96236 ], [ -155.69317, 19.96449 ], [ -155.69574, 19.96391 ], [ -155.69603, 19.96445 ], [ -155.69689, 19.96443 ], [ -155.69747, 19.96497 ], [ -155.69778, 19.96632 ], [ -155.69895, 19.96738 ], [ -155.69981, 19.96737 ], [ -155.69981, 19.96764 ], [ -155.70239, 19.9676 ], [ -155.70297, 19.96813 ], [ -155.70354, 19.96812 ], [ -155.70413, 19.96866 ], [ -155.70415, 19.97001 ], [ -155.70443, 19.97001 ], [ -155.70444, 19.97055 ], [ -155.70645, 19.97052 ], [ -155.70673, 19.96997 ], [ -155.70844, 19.96995 ], [ -155.70844, 19.96968 ], [ -155.70987, 19.96965 ], [ -155.70987, 19.96938 ], [ -155.7113, 19.96936 ], [ -155.71159, 19.9699 ], [ -155.71245, 19.96988 ], [ -155.71246, 19.97016 ], [ -155.7136, 19.97014 ], [ -155.7136, 19.9696 ], [ -155.71503, 19.96957 ], [ -155.71502, 19.9693 ], [ -155.71589, 19.96956 ], [ -155.71616, 19.96902 ], [ -155.71674, 19.96901 ], [ -155.71758, 19.96818 ], [ -155.71901, 19.96816 ], [ -155.719, 19.96762 ], [ -155.72015, 19.9676 ], [ -155.72099, 19.96623 ], [ -155.72242, 19.96621 ], [ -155.72241, 19.96594 ], [ -155.72327, 19.96593 ], [ -155.72327, 19.96566 ], [ -155.72499, 19.96563 ], [ -155.72498, 19.96536 ], [ -155.72584, 19.96535 ], [ -155.72584, 19.96507 ], [ -155.72756, 19.96532 ], [ -155.72844, 19.96639 ], [ -155.73016, 19.96663 ], [ -155.73046, 19.96744 ], [ -155.73189, 19.96742 ], [ -155.73191, 19.96823 ], [ -155.73449, 19.96873 ], [ -155.7345, 19.969 ], [ -155.73536, 19.96899 ], [ -155.73535, 19.96845 ], [ -155.73678, 19.96816 ], [ -155.73677, 19.96789 ], [ -155.73792, 19.96787 ], [ -155.73791, 19.9676 ], [ -155.73993, 19.96811 ], [ -155.74218, 19.96591 ], [ -155.74418, 19.96588 ], [ -155.74418, 19.9656 ], [ -155.74963, 19.96579 ], [ -155.7505, 19.96659 ], [ -155.75222, 19.96683 ], [ -155.75252, 19.96764 ], [ -155.75367, 19.96762 ], [ -155.75395, 19.96708 ], [ -155.75452, 19.96707 ], [ -155.75451, 19.96653 ], [ -155.75795, 19.96674 ], [ -155.75795, 19.96647 ], [ -155.75909, 19.96619 ], [ -155.75938, 19.96672 ], [ -155.76024, 19.96671 ], [ -155.76025, 19.96698 ], [ -155.76427, 19.96746 ], [ -155.76514, 19.96826 ], [ -155.76887, 19.96847 ], [ -155.76971, 19.96765 ], [ -155.76997, 19.96629 ], [ -155.77083, 19.966 ], [ -155.77082, 19.96546 ], [ -155.77118, 19.96546 ], [ -155.77165, 19.97845 ], [ -155.77103, 19.97765 ], [ -155.77046, 19.97766 ], [ -155.77045, 19.97711 ], [ -155.76988, 19.97712 ], [ -155.7693, 19.97659 ], [ -155.76844, 19.9766 ], [ -155.76814, 19.97607 ], [ -155.76728, 19.97608 ], [ -155.76612, 19.97501 ], [ -155.76554, 19.97502 ], [ -155.76524, 19.97422 ], [ -155.76382, 19.97451 ], [ -155.76381, 19.97424 ], [ -155.76295, 19.97425 ], [ -155.76295, 19.97398 ], [ -155.76237, 19.97399 ], [ -155.76238, 19.97426 ], [ -155.76123, 19.97428 ], [ -155.76094, 19.97401 ], [ -155.76095, 19.97428 ], [ -155.76037, 19.97429 ], [ -155.7595, 19.97322 ], [ -155.75864, 19.97351 ], [ -155.75836, 19.97405 ], [ -155.75666, 19.97462 ], [ -155.75666, 19.97489 ], [ -155.75323, 19.97549 ], [ -155.75296, 19.97603 ], [ -155.75238, 19.97604 ], [ -155.75013, 19.97824 ], [ -155.74898, 19.97826 ], [ -155.74899, 19.9788 ], [ -155.74727, 19.97883 ], [ -155.74672, 19.97965 ], [ -155.74586, 19.97966 ], [ -155.74527, 19.97886 ], [ -155.74412, 19.97888 ], [ -155.74385, 19.97942 ], [ -155.74299, 19.97944 ], [ -155.74299, 19.97971 ], [ -155.74127, 19.97973 ], [ -155.74126, 19.97919 ], [ -155.74068, 19.97866 ], [ -155.73896, 19.97842 ], [ -155.73663, 19.97628 ], [ -155.73662, 19.97574 ], [ -155.73605, 19.97575 ], [ -155.73604, 19.97548 ], [ -155.7349, 19.97577 ], [ -155.73491, 19.97604 ], [ -155.73405, 19.97605 ], [ -155.73377, 19.9766 ], [ -155.73234, 19.97662 ], [ -155.73093, 19.978 ], [ -155.73094, 19.97854 ], [ -155.73037, 19.97882 ], [ -155.7301, 19.97964 ], [ -155.72581, 19.97997 ], [ -155.72581, 19.98024 ], [ -155.72438, 19.98054 ], [ -155.72439, 19.98081 ], [ -155.72382, 19.98082 ], [ -155.72323, 19.98028 ], [ -155.7218, 19.98031 ], [ -155.72151, 19.97977 ], [ -155.72007, 19.97979 ], [ -155.71979, 19.98007 ], [ -155.71921, 19.97953 ], [ -155.71778, 19.97955 ], [ -155.71777, 19.97928 ], [ -155.71434, 19.97961 ], [ -155.71404, 19.97907 ], [ -155.71261, 19.97909 ], [ -155.71262, 19.97936 ], [ -155.70976, 19.97968 ], [ -155.70975, 19.97941 ], [ -155.70889, 19.97942 ], [ -155.70859, 19.97861 ], [ -155.70802, 19.97862 ], [ -155.70802, 19.97889 ], [ -155.70716, 19.9789 ], [ -155.70689, 19.97972 ], [ -155.70575, 19.98001 ], [ -155.70547, 19.98056 ], [ -155.7049, 19.98056 ], [ -155.70462, 19.98111 ], [ -155.70234, 19.98169 ], [ -155.70178, 19.98251 ], [ -155.70064, 19.98252 ], [ -155.6998, 19.98362 ], [ -155.69636, 19.98367 ], [ -155.69636, 19.98394 ], [ -155.6955, 19.98396 ], [ -155.69466, 19.98478 ], [ -155.69467, 19.98532 ], [ -155.69354, 19.98615 ], [ -155.69326, 19.98697 ], [ -155.6924, 19.98698 ], [ -155.69071, 19.98864 ], [ -155.68928, 19.98866 ], [ -155.68901, 19.98947 ], [ -155.68843, 19.98948 ], [ -155.68816, 19.99003 ], [ -155.68644, 19.99033 ], [ -155.68532, 19.99143 ], [ -155.68533, 19.99197 ], [ -155.68448, 19.99252 ], [ -155.68449, 19.99333 ], [ -155.68364, 19.99416 ], [ -155.68107, 19.9942 ], [ -155.68106, 19.99393 ], [ -155.67819, 19.9937 ], [ -155.67791, 19.99425 ], [ -155.67677, 19.99426 ], [ -155.67678, 19.99481 ], [ -155.67651, 19.99481 ] ] ] } },
{ "type": "Feature", "properties": { "unit_id": "U-124", "name": "Parker Ranch - West", "type": "Major Landowner", "area_ha": 2505.7, "c_firevuln": 61.0, "c_consval": 0.0, "c_commval": 0.0, "c_respmgmt": 63.0, "c_prevmgmt": 30.0 }, "geometry": { "type": "Polygon", "coordinates": [ [ [ -155.68033, 19.96306 ], [ -155.6813, 19.95264 ], [ -155.68054, 19.94965 ], [ -155.68077, 19.94631 ], [ -155.68149, 19.94457 ], [ -155.68317, 19.94228 ], [ -155.68517, 19.94096 ], [ -155.68553, 19.93837 ], [ -155.68905, 19.93095 ], [ -155.69056, 19.92877 ], [ -155.69086, 19.92958 ], [ -155.69143, 19.92985 ], [ -155.69145, 19.93066 ], [ -155.69431, 19.93061 ], [ -155.69489, 19.93115 ], [ -155.69603, 19.93086 ], [ -155.69662, 19.93139 ], [ -155.69719, 19.93138 ], [ -155.69748, 19.93192 ], [ -155.69834, 19.93164 ], [ -155.69893, 19.93244 ], [ -155.70007, 19.93242 ], [ -155.70037, 19.93296 ], [ -155.70152, 19.93321 ], [ -155.70153, 19.93375 ], [ -155.70268, 19.93401 ], [ -155.70298, 19.93482 ], [ -155.70326, 19.93481 ], [ -155.70328, 19.93562 ], [ -155.70413, 19.93561 ], [ -155.70443, 19.93615 ], [ -155.70614, 19.93585 ], [ -155.70613, 19.93531 ], [ -155.70756, 19.93502 ], [ -155.70755, 19.93448 ], [ -155.70813, 19.93447 ], [ -155.70812, 19.9342 ], [ -155.70984, 19.93444 ], [ -155.70985, 19.93471 ], [ -155.7107, 19.93443 ], [ -155.711, 19.93496 ], [ -155.71215, 19.93522 ], [ -155.71216, 19.93576 ], [ -155.71244, 19.93576 ], [ -155.71274, 19.93656 ], [ -155.71332, 19.93655 ], [ -155.71359, 19.93601 ], [ -155.7154, 19.93625 ], [ -155.7159, 19.93679 ], [ -155.71647, 19.93678 ], [ -155.71648, 19.93705 ], [ -155.71728, 19.93704 ], [ -155.77054, 19.95918 ], [ -155.77055, 19.95959 ], [ -155.77087, 19.95973 ], [ -155.77098, 19.95936 ], [ -155.77118, 19.96546 ], [ -155.77082, 19.96546 ], [ -155.77083, 19.966 ], [ -155.76997, 19.96629 ], [ -155.76971, 19.96765 ], [ -155.76887, 19.96847 ], [ -155.76514, 19.96826 ], [ -155.76427, 19.96746 ], [ -155.76025, 19.96698 ], [ -155.76024, 19.96671 ], [ -155.75938, 19.96672 ], [ -155.75909, 19.96619 ], [ -155.75795, 19.96647 ], [ -155.75795, 19.96674 ], [ -155.75451, 19.96653 ], [ -155.75452, 19.96707 ], [ -155.75395, 19.96708 ], [ -155.75367, 19.96762 ], [ -155.75252, 19.96764 ], [ -155.75222, 19.96683 ], [ -155.7505, 19.96659 ], [ -155.74963, 19.96579 ], [ -155.74418, 19.9656 ], [ -155.74418, 19.96588 ], [ -155.74218, 19.96591 ], [ -155.73993, 19.96811 ], [ -155.73791, 19.9676 ], [ -155.73792, 19.96787 ], [ -155.73677, 19.96789 ], [ -155.73678, 19.96816 ], [ -155.73535, 19.96845 ], [ -155.73536, 19.96899 ], [ -155.7345, 19.969 ], [ -155.73449, 19.96873 ], [ -155.73191, 19.96823 ], [ -155.73189, 19.96742 ], [ -155.73046, 19.96744 ], [ -155.73016, 19.96663 ], [ -155.72844, 19.96639 ], [ -155.72756, 19.96532 ], [ -155.72584, 19.96507 ], [ -155.72584, 19.96535 ], [ -155.72498, 19.96536 ], [ -155.72499, 19.96563 ], [ -155.72327, 19.96566 ], [ -155.72327, 19.96593 ], [ -155.72241, 19.96594 ], [ -155.72242, 19.96621 ], [ -155.72099, 19.96623 ], [ -155.72015, 19.9676 ], [ -155.719, 19.96762 ], [ -155.71901, 19.96816 ], [ -155.71758, 19.96818 ], [ -155.71674, 19.96901 ], [ -155.71616, 19.96902 ], [ -155.71589, 19.96956 ], [ -155.71502, 19.9693 ], [ -155.71503, 19.96957 ], [ -155.7136, 19.9696 ], [ -155.7136, 19.97014 ], [ -155.71246, 19.97016 ], [ -155.71245, 19.96988 ], [ -155.71159, 19.9699 ], [ -155.7113, 19.96936 ], [ -155.70987, 19.96938 ], [ -155.70987, 19.96965 ], [ -155.70844, 19.96968 ], [ -155.70844, 19.96995 ], [ -155.70673, 19.96997 ], [ -155.70645, 19.97052 ], [ -155.70444, 19.97055 ], [ -155.70443, 19.97001 ], [ -155.70415, 19.97001 ], [ -155.70413, 19.96866 ], [ -155.70354, 19.96812 ], [ -155.70297, 19.96813 ], [ -155.70239, 19.9676 ], [ -155.69981, 19.96764 ], [ -155.69981, 19.96737 ], [ -155.69895, 19.96738 ], [ -155.69778, 19.96632 ], [ -155.69747, 19.96497 ], [ -155.69689, 19.96443 ], [ -155.69603, 19.96445 ], [ -155.69574, 19.96391 ], [ -155.69317, 19.96449 ], [ -155.69084, 19.96236 ], [ -155.6897, 19.96265 ], [ -155.68942, 19.96319 ], [ -155.68798, 19.96294 ], [ -155.68798, 19.96267 ], [ -155.68569, 19.96298 ], [ -155.6857, 19.96325 ], [ -155.68455, 19.96327 ], [ -155.68397, 19.96273 ], [ -155.68033, 19.96306 ] ] ] } },
{ "type": "Feature", "properties": { "unit_id": "U-125", "name": "Parker Ranch - West", "type": "Major Landowner", "area_ha": 73.0, "c_firevuln": 54.0, "c_consval": 0.0, "c_commval": 0.0, "c_respmgmt": 48.0, "c_prevmgmt": 32.0 }, "geometry": { "type": "MultiPolygon", "coordinates": [ [ [ [ -155.7156, 19.93634 ], [ -155.71728, 19.93704 ], [ -155.71648, 19.93705 ], [ -155.71647, 19.93678 ], [ -155.7159, 19.93679 ], [ -155.7156, 19.93634 ] ] ], [ [ [ -155.69036, 19.92878 ], [ -155.69276, 19.92477 ], [ -155.69518, 19.92785 ], [ -155.7154, 19.93625 ], [ -155.71359, 19.93601 ], [ -155.71332, 19.93655 ], [ -155.71274, 19.93656 ], [ -155.71186, 19.93495 ], [ -155.711, 19.93496 ], [ -155.7107, 19.93443 ], [ -155.70985, 19.93471 ], [ -155.70984, 19.93444 ], [ -155.7087, 19.93446 ], [ -155.70869, 19.93419 ], [ -155.70755, 19.93448 ], [ -155.70756, 19.93502 ], [ -155.70699, 19.93503 ], [ -155.70699, 19.9353 ], [ -155.70613, 19.93531 ], [ -155.70614, 19.93585 ], [ -155.70557, 19.93586 ], [ -155.70558, 19.93613 ], [ -155.70443, 19.93615 ], [ -155.70413, 19.93561 ], [ -155.70328, 19.93562 ], [ -155.70326, 19.93481 ], [ -155.70298, 19.93482 ], [ -155.70268, 19.93401 ], [ -155.70153, 19.93375 ], [ -155.70152, 19.93321 ], [ -155.70037, 19.93296 ], [ -155.70007, 19.93242 ], [ -155.69893, 19.93244 ], [ -155.69834, 19.93164 ], [ -155.69748, 19.93192 ], [ -155.69719, 19.93138 ], [ -155.69662, 19.93139 ], [ -155.69603, 19.93086 ], [ -155.69489, 19.93115 ], [ -155.69431, 19.93061 ], [ -155.69145, 19.93066 ], [ -155.69143, 19.92985 ], [ -155.69086, 19.92958 ], [ -155.69085, 19.92904 ], [ -155.69036, 19.92878 ] ] ] ] } },
{ "type": "Feature", "properties": { "unit_id": "U-126", "name": "Puʻu Waʻawaʻa - Mauka", "type": "Reserve", "area_ha": 371.7, "c_firevuln": 50.0, "c_consval": 33.0, "c_commval": 0.0, "c_respmgmt": 67.0, "c_prevmgmt": 61.0 }, "geometry": { "type": "Polygon", "coordinates": [ [ [ -155.90085, 19.74369 ], [ -155.90381, 19.74327 ], [ -155.89918, 19.73148 ], [ -155.89648, 19.7245 ], [ -155.90625, 19.74921 ], [ -155.91159, 19.76143 ], [ -155.91707, 19.77617 ], [ -155.91089, 19.78013 ], [ -155.91037, 19.77987 ], [ -155.91036, 19.77906 ], [ -155.9092, 19.77827 ], [ -155.90889, 19.77692 ], [ -155.90773, 19.77612 ], [ -155.90771, 19.77531 ], [ -155.90626, 19.77425 ], [ -155.90625, 19.77371 ], [ -155.90423, 19.77239 ], [ -155.90421, 19.77158 ], [ -155.90334, 19.77078 ], [ -155.90248, 19.77079 ], [ -155.90248, 19.77052 ], [ -155.90161, 19.77026 ], [ -155.90186, 19.76809 ], [ -155.90157, 19.7681 ], [ -155.90156, 19.76728 ], [ -155.90069, 19.76676 ], [ -155.90068, 19.76595 ], [ -155.90039, 19.76595 ], [ -155.90061, 19.76243 ], [ -155.9009, 19.76242 ], [ -155.90088, 19.76134 ], [ -155.90116, 19.76133 ], [ -155.90114, 19.75998 ], [ -155.90171, 19.7597 ], [ -155.90138, 19.75754 ], [ -155.89964, 19.75594 ], [ -155.89955, 19.75107 ], [ -155.90011, 19.75052 ], [ -155.90033, 19.74699 ], [ -155.9009, 19.74671 ], [ -155.90085, 19.74369 ] ] ] } },
{ "type": "Feature", "properties": { "unit_id": "U-127", "name": "Puʻu Waʻawaʻa - Mauka", "type": "Reserve", "area_ha": 7867.4, "c_firevuln": 39.0, "c_consval": 50.0, "c_commval": 0.0, "c_respmgmt": 71.0, "c_prevmgmt": 61.0 }, "geometry": { "type": "Polygon", "coordinates": [ [ [ -155.8466, 19.70949 ], [ -155.84721, 19.71147 ], [ -155.84666, 19.71419 ], [ -155.84698, 19.71498 ], [ -155.8466, 19.71589 ], [ -155.8469, 19.717 ], [ -155.8462, 19.72078 ], [ -155.84557, 19.7217 ], [ -155.84538, 19.72425 ], [ -155.84572, 19.72532 ], [ -155.8452, 19.72864 ], [ -155.84616, 19.73132 ], [ -155.84639, 19.73403 ], [ -155.84588, 19.73469 ], [ -155.84344, 19.73567 ], [ -155.84215, 19.73677 ], [ -155.83914, 19.74142 ], [ -155.83823, 19.74364 ], [ -155.83999, 19.74339 ], [ -155.84415, 19.74198 ], [ -155.84963, 19.74173 ], [ -155.85908, 19.73801 ], [ -155.86238, 19.73703 ], [ -155.86529, 19.73657 ], [ -155.86407, 19.73883 ], [ -155.8642, 19.73905 ], [ -155.87499, 19.73952 ], [ -155.87739, 19.7411 ], [ -155.88098, 19.74029 ], [ -155.8846, 19.74033 ], [ -155.88777, 19.74185 ], [ -155.89167, 19.74274 ], [ -155.8917, 19.74388 ], [ -155.89198, 19.74388 ], [ -155.89217, 19.75444 ], [ -155.89246, 19.75443 ], [ -155.89283, 19.75903 ], [ -155.8934, 19.75929 ], [ -155.89313, 19.76011 ], [ -155.89342, 19.7601 ], [ -155.89344, 19.76119 ], [ -155.89431, 19.76199 ], [ -155.89433, 19.76307 ], [ -155.8952, 19.76387 ], [ -155.89523, 19.76522 ], [ -155.8961, 19.76602 ], [ -155.89612, 19.76737 ], [ -155.89729, 19.76844 ], [ -155.89763, 19.77168 ], [ -155.89821, 19.77194 ], [ -155.89824, 19.77357 ], [ -155.89853, 19.77356 ], [ -155.89854, 19.7741 ], [ -155.89825, 19.77411 ], [ -155.89833, 19.77871 ], [ -155.89805, 19.77872 ], [ -155.89836, 19.78007 ], [ -155.89807, 19.78007 ], [ -155.89811, 19.78251 ], [ -155.89898, 19.78276 ], [ -155.89901, 19.78439 ], [ -155.89929, 19.78438 ], [ -155.8993, 19.78475 ], [ -155.85047, 19.80011 ], [ -155.84437, 19.80507 ], [ -155.84057, 19.80744 ], [ -155.84062, 19.80858 ], [ -155.84211, 19.80961 ], [ -155.84232, 19.81078 ], [ -155.84358, 19.81218 ], [ -155.8439, 19.81301 ], [ -155.84385, 19.81417 ], [ -155.84288, 19.81594 ], [ -155.83501, 19.82069 ], [ -155.8236, 19.82638 ], [ -155.81937, 19.81959 ], [ -155.79814, 19.78896 ], [ -155.81119, 19.74345 ], [ -155.81752, 19.74127 ], [ -155.81415, 19.70232 ], [ -155.84003, 19.70748 ], [ -155.8466, 19.70949 ] ] ] } },
{ "type": "Feature", "properties": { "unit_id": "U-128", "name": "Puʻu Waʻawaʻa - Mauka", "type": "Reserve", "area_ha": 355.7, "c_firevuln": 52.0, "c_consval": 44.0, "c_commval": 0.0, "c_respmgmt": 65.0, "c_prevmgmt": 63.0 }, "geometry": { "type": "Polygon", "coordinates": [ [ [ -155.89167, 19.74274 ], [ -155.89312, 19.74356 ], [ -155.89535, 19.74393 ], [ -155.90085, 19.74369 ], [ -155.9009, 19.74671 ], [ -155.90033, 19.74699 ], [ -155.90011, 19.75052 ], [ -155.89955, 19.75107 ], [ -155.89964, 19.75594 ], [ -155.90138, 19.75754 ], [ -155.90171, 19.7597 ], [ -155.90114, 19.75998 ], [ -155.90116, 19.76133 ], [ -155.90088, 19.76134 ], [ -155.9009, 19.76242 ], [ -155.90061, 19.76243 ], [ -155.90039, 19.76595 ], [ -155.90068, 19.76595 ], [ -155.90069, 19.76676 ], [ -155.90156, 19.76728 ], [ -155.90157, 19.7681 ], [ -155.90186, 19.76809 ], [ -155.90161, 19.77026 ], [ -155.90248, 19.77052 ], [ -155.90248, 19.77079 ], [ -155.90334, 19.77078 ], [ -155.90421, 19.77158 ], [ -155.90423, 19.77239 ], [ -155.90625, 19.77371 ], [ -155.90626, 19.77425 ], [ -155.90771, 19.77531 ], [ -155.90773, 19.77612 ], [ -155.90889, 19.77692 ], [ -155.9092, 19.77827 ], [ -155.91036, 19.77906 ], [ -155.91037, 19.77987 ], [ -155.91089, 19.78013 ], [ -155.8993, 19.78475 ], [ -155.89929, 19.78438 ], [ -155.89901, 19.78439 ], [ -155.89898, 19.78276 ], [ -155.89811, 19.78251 ], [ -155.89807, 19.78007 ], [ -155.89836, 19.78007 ], [ -155.89805, 19.77872 ], [ -155.89833, 19.77871 ], [ -155.89825, 19.77411 ], [ -155.89854, 19.7741 ], [ -155.89853, 19.77356 ], [ -155.89824, 19.77357 ], [ -155.89821, 19.77194 ], [ -155.89763, 19.77168 ], [ -155.89729, 19.76844 ], [ -155.89612, 19.76737 ], [ -155.8961, 19.76602 ], [ -155.89523, 19.76522 ], [ -155.8952, 19.76387 ], [ -155.89433, 19.76307 ], [ -155.89431, 19.76199 ], [ -155.89344, 19.76119 ], [ -155.89342, 19.7601 ], [ -155.89313, 19.76011 ], [ -155.8934, 19.75929 ], [ -155.89283, 19.75903 ], [ -155.89246, 19.75443 ], [ -155.89217, 19.75444 ], [ -155.89198, 19.74388 ], [ -155.8917, 19.74388 ], [ -155.89167, 19.74274 ] ] ] } },
{ "type": "Feature", "properties": { "unit_id": "U-129", "name": "Puʻu Waʻawaʻa - Makai", "type": "Reserve", "area_ha": 197.6, "c_firevuln": 41.0, "c_consval": 33.0, "c_commval": 0.0, "c_respmgmt": 11.0, "c_prevmgmt": 50.0 }, "geometry": { "type": "Polygon", "coordinates": [ [ [ -155.9387, 19.81109 ], [ -155.93782, 19.8103 ], [ -155.9378, 19.80921 ], [ -155.93693, 19.80869 ], [ -155.9369, 19.80706 ], [ -155.93662, 19.80707 ], [ -155.93661, 19.80652 ], [ -155.93604, 19.80653 ], [ -155.93516, 19.80574 ], [ -155.93515, 19.80519 ], [ -155.93458, 19.80493 ], [ -155.93485, 19.80412 ], [ -155.93513, 19.80411 ], [ -155.93508, 19.80113 ], [ -155.93451, 19.80114 ], [ -155.93276, 19.79928 ], [ -155.9319, 19.79929 ], [ -155.93189, 19.79875 ], [ -155.93102, 19.79849 ], [ -155.92927, 19.79662 ], [ -155.92813, 19.79664 ], [ -155.92754, 19.79584 ], [ -155.92697, 19.79585 ], [ -155.92698, 19.79612 ], [ -155.92668, 19.79585 ], [ -155.92469, 19.79616 ], [ -155.9241, 19.79563 ], [ -155.92296, 19.79564 ], [ -155.92265, 19.7943 ], [ -155.9209, 19.7927 ], [ -155.92005, 19.79271 ], [ -155.91946, 19.79218 ], [ -155.91945, 19.79137 ], [ -155.918, 19.79031 ], [ -155.91826, 19.78868 ], [ -155.91418, 19.78495 ], [ -155.91361, 19.78496 ], [ -155.91303, 19.78443 ], [ -155.91331, 19.78416 ], [ -155.91329, 19.78334 ], [ -155.91271, 19.78281 ], [ -155.9127, 19.78227 ], [ -155.91213, 19.78201 ], [ -155.91211, 19.7812 ], [ -155.91089, 19.78013 ], [ -155.91707, 19.77617 ], [ -155.91875, 19.78051 ], [ -155.93977, 19.807 ], [ -155.93981, 19.80918 ], [ -155.94039, 19.80971 ], [ -155.94041, 19.81107 ], [ -155.93927, 19.81136 ], [ -155.93927, 19.81109 ], [ -155.9387, 19.81109 ] ] ] } },
{ "type": "Feature", "properties": { "unit_id": "U-130", "name": "Puʻu Waʻawaʻa - Makai", "type": "Reserve", "area_ha": 5132.9, "c_firevuln": 47.0, "c_consval": 33.0, "c_commval": 0.0, "c_respmgmt": 44.0, "c_prevmgmt": 51.0 }, "geometry": { "type": "Polygon", "coordinates": [ [ [ -155.88291, 19.86617 ], [ -155.86238, 19.84387 ], [ -155.86236, 19.83906 ], [ -155.86022, 19.83596 ], [ -155.85743, 19.82608 ], [ -155.85568, 19.82413 ], [ -155.84728, 19.83274 ], [ -155.8236, 19.82638 ], [ -155.83501, 19.82069 ], [ -155.84288, 19.81594 ], [ -155.84385, 19.81417 ], [ -155.8439, 19.81301 ], [ -155.84358, 19.81218 ], [ -155.84232, 19.81078 ], [ -155.84211, 19.80961 ], [ -155.84062, 19.80858 ], [ -155.84057, 19.80744 ], [ -155.84437, 19.80507 ], [ -155.85047, 19.80011 ], [ -155.8993, 19.78475 ], [ -155.89931, 19.7852 ], [ -155.90018, 19.78572 ], [ -155.90019, 19.78627 ], [ -155.90134, 19.78679 ], [ -155.90135, 19.7876 ], [ -155.90164, 19.7876 ], [ -155.90195, 19.78867 ], [ -155.90223, 19.78867 ], [ -155.902, 19.79165 ], [ -155.90287, 19.79245 ], [ -155.90324, 19.79705 ], [ -155.90382, 19.79731 ], [ -155.90384, 19.79866 ], [ -155.90442, 19.79893 ], [ -155.90443, 19.79947 ], [ -155.90529, 19.79972 ], [ -155.9053, 19.80027 ], [ -155.90618, 19.80106 ], [ -155.90678, 19.80268 ], [ -155.90736, 19.80294 ], [ -155.90709, 19.8043 ], [ -155.90681, 19.8043 ], [ -155.90682, 19.80512 ], [ -155.9074, 19.80538 ], [ -155.90772, 19.807 ], [ -155.90829, 19.80726 ], [ -155.90832, 19.80888 ], [ -155.90948, 19.80968 ], [ -155.9095, 19.81049 ], [ -155.91036, 19.81102 ], [ -155.91038, 19.81183 ], [ -155.91125, 19.81236 ], [ -155.91126, 19.8129 ], [ -155.91097, 19.8129 ], [ -155.911, 19.81426 ], [ -155.91157, 19.81452 ], [ -155.91159, 19.81533 ], [ -155.91187, 19.81533 ], [ -155.91189, 19.81614 ], [ -155.91217, 19.81613 ], [ -155.91249, 19.81748 ], [ -155.91365, 19.81855 ], [ -155.91368, 19.82017 ], [ -155.9134, 19.82045 ], [ -155.91368, 19.82044 ], [ -155.9137, 19.82125 ], [ -155.91457, 19.82205 ], [ -155.91572, 19.8223 ], [ -155.91603, 19.82338 ], [ -155.9166, 19.82364 ], [ -155.91691, 19.82472 ], [ -155.91749, 19.82498 ], [ -155.91751, 19.82634 ], [ -155.91866, 19.82659 ], [ -155.91953, 19.82739 ], [ -155.91955, 19.8282 ], [ -155.92071, 19.82899 ], [ -155.92072, 19.82981 ], [ -155.92044, 19.82981 ], [ -155.92018, 19.83117 ], [ -155.92104, 19.8317 ], [ -155.92108, 19.83359 ], [ -155.92136, 19.83359 ], [ -155.92137, 19.83413 ], [ -155.92283, 19.83519 ], [ -155.92285, 19.83627 ], [ -155.92256, 19.83628 ], [ -155.92263, 19.84007 ], [ -155.92321, 19.84033 ], [ -155.92321, 19.84083 ], [ -155.91785, 19.84532 ], [ -155.91393, 19.85084 ], [ -155.9039, 19.87179 ], [ -155.90317, 19.87153 ], [ -155.90261, 19.87262 ], [ -155.90147, 19.87264 ], [ -155.90117, 19.87211 ], [ -155.9006, 19.87211 ], [ -155.90033, 19.8732 ], [ -155.89948, 19.87322 ], [ -155.89947, 19.87295 ], [ -155.89804, 19.87297 ], [ -155.89774, 19.87216 ], [ -155.89717, 19.87217 ], [ -155.89716, 19.8719 ], [ -155.89602, 19.87192 ], [ -155.89517, 19.87274 ], [ -155.89517, 19.87247 ], [ -155.8943, 19.87222 ], [ -155.89429, 19.8714 ], [ -155.89314, 19.87142 ], [ -155.89312, 19.87034 ], [ -155.89255, 19.87008 ], [ -155.89253, 19.86927 ], [ -155.89225, 19.86927 ], [ -155.89251, 19.86791 ], [ -155.89164, 19.86766 ], [ -155.89106, 19.86685 ], [ -155.88991, 19.86687 ], [ -155.88992, 19.86714 ], [ -155.88906, 19.86716 ], [ -155.88878, 19.8677 ], [ -155.88736, 19.868 ], [ -155.88735, 19.86773 ], [ -155.88649, 19.86774 ], [ -155.88561, 19.86667 ], [ -155.88419, 19.86696 ], [ -155.88418, 19.86669 ], [ -155.88361, 19.8667 ], [ -155.88331, 19.8659 ], [ -155.88291, 19.86617 ] ] ] } },
{ "type": "Feature", "properties": { "unit_id": "U-131", "name": "Puʻu Waʻawaʻa - Makai", "type": "Reserve", "area_ha": 99.5, "c_firevuln": 31.0, "c_consval": 33.0, "c_commval": 0.0, "c_respmgmt": 5.0, "c_prevmgmt": 48.0 }, "geometry": { "type": "MultiPolygon", "coordinates": [ [ [ [ -155.88291, 19.86617 ], [ -155.88331, 19.8659 ], [ -155.88361, 19.8667 ], [ -155.88418, 19.86669 ], [ -155.88419, 19.86696 ], [ -155.88561, 19.86667 ], [ -155.88649, 19.86774 ], [ -155.88735, 19.86773 ], [ -155.88736, 19.868 ], [ -155.88878, 19.8677 ], [ -155.88906, 19.86716 ], [ -155.88992, 19.86714 ], [ -155.88991, 19.86687 ], [ -155.89106, 19.86685 ], [ -155.89164, 19.86766 ], [ -155.89251, 19.86791 ], [ -155.89225, 19.86927 ], [ -155.89253, 19.86927 ], [ -155.89255, 19.87008 ], [ -155.89312, 19.87034 ], [ -155.89314, 19.87142 ], [ -155.89429, 19.8714 ], [ -155.8943, 19.87222 ], [ -155.89459, 19.87248 ], [ -155.89546, 19.87274 ], [ -155.89545, 19.8722 ], [ -155.89716, 19.8719 ], [ -155.89717, 19.87217 ], [ -155.89774, 19.87216 ], [ -155.89804, 19.87297 ], [ -155.90033, 19.8732 ], [ -155.90063, 19.87401 ], [ -155.90149, 19.874 ], [ -155.90179, 19.87453 ], [ -155.90236, 19.87452 ], [ -155.90247, 19.87479 ], [ -155.89952, 19.88144 ], [ -155.89924, 19.88083 ], [ -155.88291, 19.86617 ] ] ], [ [ [ -155.88261, 19.86591 ], [ -155.88274, 19.8659 ], [ -155.88274, 19.86602 ], [ -155.88261, 19.86591 ] ] ], [ [ [ -155.88155, 19.86484 ], [ -155.88186, 19.86484 ], [ -155.88187, 19.86519 ], [ -155.88155, 19.86484 ] ] ] ] } },
{ "type": "Feature", "properties": { "unit_id": "U-132", "name": "Puʻu Waʻawaʻa - Makai", "type": "Reserve", "area_ha": 646.2, "c_firevuln": 0.0, "c_consval": 33.0, "c_commval": 0.0, "c_respmgmt": 5.0, "c_prevmgmt": 47.0 }, "geometry": { "type": "Polygon", "coordinates": [ [ [ -155.90981, 19.78071 ], [ -155.91095, 19.78013 ], [ -155.91211, 19.7812 ], [ -155.91213, 19.78201 ], [ -155.9127, 19.78227 ], [ -155.91271, 19.78281 ], [ -155.91329, 19.78334 ], [ -155.91331, 19.78416 ], [ -155.91303, 19.78443 ], [ -155.91361, 19.78496 ], [ -155.91418, 19.78495 ], [ -155.91826, 19.78868 ], [ -155.918, 19.79031 ], [ -155.91945, 19.79137 ], [ -155.91946, 19.79218 ], [ -155.92005, 19.79271 ], [ -155.9209, 19.7927 ], [ -155.92265, 19.7943 ], [ -155.92296, 19.79564 ], [ -155.9241, 19.79563 ], [ -155.92469, 19.79616 ], [ -155.92668, 19.79585 ], [ -155.92698, 19.79612 ], [ -155.92697, 19.79585 ], [ -155.92754, 19.79584 ], [ -155.92813, 19.79664 ], [ -155.92927, 19.79662 ], [ -155.93102, 19.79849 ], [ -155.93189, 19.79875 ], [ -155.9319, 19.79929 ], [ -155.93276, 19.79928 ], [ -155.93451, 19.80114 ], [ -155.93508, 19.80113 ], [ -155.93513, 19.80411 ], [ -155.93485, 19.80412 ], [ -155.93458, 19.80493 ], [ -155.9369, 19.80706 ], [ -155.93693, 19.80869 ], [ -155.9378, 19.80921 ], [ -155.93782, 19.8103 ], [ -155.93869, 19.81082 ], [ -155.93903, 19.81353 ], [ -155.94135, 19.81511 ], [ -155.94167, 19.81727 ], [ -155.94399, 19.81913 ], [ -155.94432, 19.82102 ], [ -155.94489, 19.82128 ], [ -155.94521, 19.8229 ], [ -155.94579, 19.82344 ], [ -155.94581, 19.82425 ], [ -155.94609, 19.82424 ], [ -155.94613, 19.82641 ], [ -155.947, 19.82708 ], [ -155.93567, 19.83351 ], [ -155.9348, 19.83283 ], [ -155.93479, 19.83228 ], [ -155.93392, 19.83176 ], [ -155.93391, 19.83121 ], [ -155.93363, 19.83122 ], [ -155.93358, 19.82851 ], [ -155.93271, 19.82798 ], [ -155.9327, 19.82717 ], [ -155.93382, 19.82634 ], [ -155.93379, 19.82445 ], [ -155.93321, 19.82418 ], [ -155.93348, 19.82337 ], [ -155.93203, 19.82204 ], [ -155.93117, 19.82205 ], [ -155.93116, 19.82124 ], [ -155.93058, 19.82098 ], [ -155.93027, 19.81963 ], [ -155.92969, 19.81937 ], [ -155.92968, 19.81883 ], [ -155.9291, 19.81829 ], [ -155.92853, 19.8183 ], [ -155.92794, 19.8175 ], [ -155.92651, 19.81752 ], [ -155.92564, 19.81673 ], [ -155.92533, 19.81565 ], [ -155.92446, 19.81512 ], [ -155.92442, 19.81295 ], [ -155.92297, 19.81162 ], [ -155.92293, 19.80973 ], [ -155.9209, 19.80841 ], [ -155.92088, 19.80732 ], [ -155.92031, 19.80706 ], [ -155.91998, 19.8049 ], [ -155.92027, 19.8049 ], [ -155.92024, 19.80327 ], [ -155.92052, 19.80327 ], [ -155.92049, 19.80137 ], [ -155.91991, 19.80084 ], [ -155.91959, 19.79895 ], [ -155.91755, 19.79709 ], [ -155.91754, 19.79628 ], [ -155.91637, 19.79521 ], [ -155.91522, 19.79496 ], [ -155.91521, 19.79442 ], [ -155.91464, 19.79416 ], [ -155.91432, 19.79254 ], [ -155.91374, 19.79227 ], [ -155.91371, 19.79065 ], [ -155.91313, 19.79012 ], [ -155.91256, 19.79013 ], [ -155.91275, 19.78471 ], [ -155.91129, 19.78338 ], [ -155.91128, 19.78256 ], [ -155.91012, 19.78177 ], [ -155.90981, 19.78071 ] ] ] } },
{ "type": "Feature", "properties": { "unit_id": "U-133", "name": "Puʻu Waʻawaʻa - Makai", "type": "Reserve", "area_ha": 844.8, "c_firevuln": 32.0, "c_consval": 33.0, "c_commval": 0.0, "c_respmgmt": 6.0, "c_prevmgmt": 49.0 }, "geometry": { "type": "Polygon", "coordinates": [ [ [ -155.92283, 19.83546 ], [ -155.92137, 19.83413 ], [ -155.92136, 19.83359 ], [ -155.92108, 19.83359 ], [ -155.92104, 19.8317 ], [ -155.92018, 19.83117 ], [ -155.92044, 19.82981 ], [ -155.92072, 19.82981 ], [ -155.92071, 19.82899 ], [ -155.91955, 19.8282 ], [ -155.91953, 19.82739 ], [ -155.91866, 19.82659 ], [ -155.91751, 19.82634 ], [ -155.91749, 19.82498 ], [ -155.91691, 19.82472 ], [ -155.9166, 19.82364 ], [ -155.91603, 19.82338 ], [ -155.91572, 19.8223 ], [ -155.91457, 19.82205 ], [ -155.9137, 19.82125 ], [ -155.91368, 19.82044 ], [ -155.9134, 19.82045 ], [ -155.91368, 19.82017 ], [ -155.91365, 19.81855 ], [ -155.91249, 19.81748 ], [ -155.91217, 19.81613 ], [ -155.91189, 19.81614 ], [ -155.91187, 19.81533 ], [ -155.91159, 19.81533 ], [ -155.91157, 19.81452 ], [ -155.911, 19.81426 ], [ -155.91097, 19.8129 ], [ -155.91126, 19.8129 ], [ -155.91125, 19.81236 ], [ -155.91038, 19.81183 ], [ -155.91036, 19.81102 ], [ -155.9095, 19.81049 ], [ -155.90948, 19.80968 ], [ -155.90832, 19.80888 ], [ -155.90829, 19.80726 ], [ -155.90772, 19.807 ], [ -155.9074, 19.80538 ], [ -155.90682, 19.80512 ], [ -155.90681, 19.8043 ], [ -155.90709, 19.8043 ], [ -155.90736, 19.80294 ], [ -155.90678, 19.80268 ], [ -155.90618, 19.80106 ], [ -155.9053, 19.80027 ], [ -155.90529, 19.79972 ], [ -155.90443, 19.79947 ], [ -155.90442, 19.79893 ], [ -155.90384, 19.79866 ], [ -155.90382, 19.79731 ], [ -155.90324, 19.79705 ], [ -155.90287, 19.79245 ], [ -155.902, 19.79165 ], [ -155.90223, 19.78867 ], [ -155.90195, 19.78867 ], [ -155.90164, 19.7876 ], [ -155.90135, 19.7876 ], [ -155.90134, 19.78679 ], [ -155.90048, 19.78653 ], [ -155.90018, 19.78572 ], [ -155.89931, 19.7852 ], [ -155.8993, 19.78475 ], [ -155.90981, 19.78071 ], [ -155.91012, 19.78177 ], [ -155.91128, 19.78256 ], [ -155.91129, 19.78338 ], [ -155.91275, 19.78471 ], [ -155.91256, 19.79013 ], [ -155.91313, 19.79012 ], [ -155.91371, 19.79065 ], [ -155.91374, 19.79227 ], [ -155.91432, 19.79254 ], [ -155.91464, 19.79416 ], [ -155.91521, 19.79442 ], [ -155.91522, 19.79496 ], [ -155.91637, 19.79521 ], [ -155.91754, 19.79628 ], [ -155.91755, 19.79709 ], [ -155.91959, 19.79895 ], [ -155.91991, 19.80084 ], [ -155.92049, 19.80137 ], [ -155.92052, 19.80327 ], [ -155.92024, 19.80327 ], [ -155.92027, 19.8049 ], [ -155.91998, 19.8049 ], [ -155.92031, 19.80706 ], [ -155.92088, 19.80732 ], [ -155.9209, 19.80841 ], [ -155.92293, 19.80973 ], [ -155.92297, 19.81162 ], [ -155.92442, 19.81295 ], [ -155.92446, 19.81512 ], [ -155.92533, 19.81565 ], [ -155.92564, 19.81673 ], [ -155.92651, 19.81752 ], [ -155.92794, 19.8175 ], [ -155.92853, 19.8183 ], [ -155.9291, 19.81829 ], [ -155.92968, 19.81883 ], [ -155.92969, 19.81937 ], [ -155.93027, 19.81963 ], [ -155.93058, 19.82098 ], [ -155.93116, 19.82124 ], [ -155.93117, 19.82205 ], [ -155.93203, 19.82204 ], [ -155.93348, 19.82337 ], [ -155.93321, 19.82418 ], [ -155.93379, 19.82445 ], [ -155.93382, 19.82634 ], [ -155.9327, 19.82717 ], [ -155.93271, 19.82798 ], [ -155.93358, 19.82851 ], [ -155.93363, 19.83122 ], [ -155.93391, 19.83121 ], [ -155.93392, 19.83176 ], [ -155.93479, 19.83228 ], [ -155.9348, 19.83283 ], [ -155.93567, 19.83351 ], [ -155.92859, 19.83765 ], [ -155.9283, 19.83727 ], [ -155.92573, 19.83731 ], [ -155.92573, 19.83758 ], [ -155.92516, 19.83759 ], [ -155.9234, 19.83545 ], [ -155.92283, 19.83546 ] ] ] } },
{ "type": "Feature", "properties": { "unit_id": "U-134", "name": "Puʻu Waʻawaʻa - Makai", "type": "Reserve", "area_ha": 58.4, "c_firevuln": 14.0, "c_consval": 33.0, "c_commval": 0.0, "c_respmgmt": 4.0, "c_prevmgmt": 49.0 }, "geometry": { "type": "Polygon", "coordinates": [ [ [ -155.9387, 19.81109 ], [ -155.94099, 19.8116 ], [ -155.941, 19.81187 ], [ -155.94157, 19.81186 ], [ -155.94215, 19.81239 ], [ -155.94217, 19.81347 ], [ -155.94246, 19.81347 ], [ -155.94278, 19.81509 ], [ -155.9445, 19.8156 ], [ -155.94625, 19.8172 ], [ -155.94626, 19.81774 ], [ -155.94684, 19.818 ], [ -155.94685, 19.81881 ], [ -155.94743, 19.81935 ], [ -155.94715, 19.81962 ], [ -155.94717, 19.82043 ], [ -155.94775, 19.82097 ], [ -155.94806, 19.82259 ], [ -155.94921, 19.82284 ], [ -155.94922, 19.82338 ], [ -155.95097, 19.82484 ], [ -155.947, 19.82708 ], [ -155.94613, 19.82641 ], [ -155.94609, 19.82424 ], [ -155.94581, 19.82425 ], [ -155.94579, 19.82344 ], [ -155.94521, 19.8229 ], [ -155.94489, 19.82128 ], [ -155.94432, 19.82102 ], [ -155.94399, 19.81913 ], [ -155.94167, 19.81727 ], [ -155.94135, 19.81511 ], [ -155.93903, 19.81353 ], [ -155.9387, 19.81109 ] ] ] } },
{ "type": "Feature", "properties": { "unit_id": "U-135", "name": "Puʻu Waʻawaʻa - Mauka", "type": "Reserve", "area_ha": 57.4, "c_firevuln": 28.0, "c_consval": 66.0, "c_commval": 0.0, "c_respmgmt": 57.0, "c_prevmgmt": 70.0 }, "geometry": { "type": "Polygon", "coordinates": [ [ [ -155.90085, 19.74369 ], [ -155.90082, 19.74238 ], [ -155.90054, 19.74238 ], [ -155.90046, 19.73832 ], [ -155.90018, 19.73833 ], [ -155.90014, 19.73616 ], [ -155.89956, 19.7359 ], [ -155.89953, 19.73428 ], [ -155.89779, 19.73295 ], [ -155.89777, 19.73187 ], [ -155.8969, 19.73107 ], [ -155.89633, 19.73108 ], [ -155.89487, 19.72975 ], [ -155.89479, 19.72487 ], [ -155.89391, 19.72407 ], [ -155.89383, 19.7192 ], [ -155.89296, 19.71867 ], [ -155.89295, 19.71822 ], [ -155.89405, 19.7183 ], [ -155.90381, 19.74327 ], [ -155.90085, 19.74369 ] ] ] } },
{ "type": "Feature", "properties": { "unit_id": "U-136", "name": "Puʻu Waʻawaʻa - Mauka", "type": "Reserve", "area_ha": 1372.6, "c_firevuln": 23.0, "c_consval": 66.0, "c_commval": 0.0, "c_respmgmt": 76.0, "c_prevmgmt": 64.0 }, "geometry": { "type": "Polygon", "coordinates": [ [ [ -155.83857, 19.74259 ], [ -155.84215, 19.73677 ], [ -155.84344, 19.73567 ], [ -155.84588, 19.73469 ], [ -155.84639, 19.73403 ], [ -155.84616, 19.73132 ], [ -155.8452, 19.72864 ], [ -155.84572, 19.72532 ], [ -155.84538, 19.72425 ], [ -155.84557, 19.7217 ], [ -155.8462, 19.72078 ], [ -155.8469, 19.717 ], [ -155.8466, 19.71589 ], [ -155.84698, 19.71498 ], [ -155.84666, 19.71419 ], [ -155.84721, 19.71147 ], [ -155.8466, 19.70949 ], [ -155.86974, 19.71681 ], [ -155.89295, 19.71822 ], [ -155.89296, 19.71867 ], [ -155.89383, 19.7192 ], [ -155.8939, 19.72326 ], [ -155.89277, 19.72409 ], [ -155.89279, 19.72545 ], [ -155.89223, 19.72573 ], [ -155.89226, 19.72735 ], [ -155.89197, 19.72736 ], [ -155.89207, 19.73277 ], [ -155.89122, 19.73333 ], [ -155.89167, 19.74274 ], [ -155.88777, 19.74185 ], [ -155.8846, 19.74033 ], [ -155.88098, 19.74029 ], [ -155.87739, 19.7411 ], [ -155.87499, 19.73952 ], [ -155.8642, 19.73905 ], [ -155.86407, 19.73883 ], [ -155.86529, 19.73657 ], [ -155.86238, 19.73703 ], [ -155.85908, 19.73801 ], [ -155.84963, 19.74173 ], [ -155.84415, 19.74198 ], [ -155.83999, 19.74339 ], [ -155.83823, 19.74364 ], [ -155.83857, 19.74259 ] ] ] } },
{ "type": "Feature", "properties": { "unit_id": "U-137", "name": "Puʻu Waʻawaʻa - Mauka", "type": "Reserve", "area_ha": 142.1, "c_firevuln": 29.0, "c_consval": 66.0, "c_commval": 0.0, "c_respmgmt": 54.0, "c_prevmgmt": 73.0 }, "geometry": { "type": "Polygon", "coordinates": [ [ [ -155.89167, 19.74274 ], [ -155.89122, 19.73333 ], [ -155.89207, 19.73277 ], [ -155.89197, 19.72736 ], [ -155.89226, 19.72735 ], [ -155.89223, 19.72573 ], [ -155.89279, 19.72545 ], [ -155.89277, 19.72409 ], [ -155.8939, 19.72326 ], [ -155.89421, 19.72461 ], [ -155.89479, 19.72487 ], [ -155.89487, 19.72975 ], [ -155.89633, 19.73108 ], [ -155.8969, 19.73107 ], [ -155.89777, 19.73187 ], [ -155.89779, 19.73295 ], [ -155.89953, 19.73428 ], [ -155.89956, 19.7359 ], [ -155.90014, 19.73616 ], [ -155.90018, 19.73833 ], [ -155.90046, 19.73832 ], [ -155.90054, 19.74238 ], [ -155.90082, 19.74238 ], [ -155.90085, 19.74369 ], [ -155.89535, 19.74393 ], [ -155.89312, 19.74356 ], [ -155.89167, 19.74274 ] ] ] } },
{ "type": "Feature", "properties": { "unit_id": "U-138", "name": "Kohala Mtn Forest", "type": "Road-defined", "area_ha": 202.9, "c_firevuln": 11.0, "c_consval": 100.0, "c_commval": 0.0, "c_respmgmt": 83.0, "c_prevmgmt": 79.0 }, "geometry": { "type": "Polygon", "coordinates": [ [ [ -155.73126, 20.09311 ], [ -155.73815, 20.08828 ], [ -155.74012, 20.09086 ], [ -155.74296, 20.09235 ], [ -155.74419, 20.09399 ], [ -155.7443, 20.09457 ], [ -155.7458, 20.09508 ], [ -155.74564, 20.09608 ], [ -155.74591, 20.09649 ], [ -155.74985, 20.09943 ], [ -155.75025, 20.10014 ], [ -155.75187, 20.10047 ], [ -155.75053, 20.10239 ], [ -155.75308, 20.10435 ], [ -155.75314, 20.10549 ], [ -155.75176, 20.10498 ], [ -155.7506, 20.10391 ], [ -155.74974, 20.10393 ], [ -155.74743, 20.10558 ], [ -155.74604, 20.10534 ], [ -155.74603, 20.10507 ], [ -155.74426, 20.10428 ], [ -155.74111, 20.10217 ], [ -155.7388, 20.10136 ], [ -155.73792, 20.10059 ], [ -155.73503, 20.09928 ], [ -155.73298, 20.09885 ], [ -155.73245, 20.09826 ], [ -155.73213, 20.09719 ], [ -155.7321, 20.09534 ], [ -155.73238, 20.09526 ], [ -155.73252, 20.09416 ], [ -155.73223, 20.09361 ], [ -155.73126, 20.09311 ] ] ] } },
{ "type": "Feature", "properties": { "unit_id": "U-139", "name": "Kohala Mtn Forest", "type": "Road-defined", "area_ha": 107.7, "c_firevuln": 11.0, "c_consval": 100.0, "c_commval": 0.0, "c_respmgmt": 83.0, "c_prevmgmt": 79.0 }, "geometry": { "type": "Polygon", "coordinates": [ [ [ -155.72556, 20.08178 ], [ -155.72526, 20.08128 ], [ -155.72469, 20.08129 ], [ -155.72468, 20.08075 ], [ -155.72264, 20.07889 ], [ -155.72262, 20.0778 ], [ -155.72205, 20.07781 ], [ -155.71943, 20.07541 ], [ -155.71828, 20.07516 ], [ -155.71853, 20.07353 ], [ -155.71938, 20.07298 ], [ -155.71936, 20.07162 ], [ -155.71965, 20.07162 ], [ -155.71962, 20.06999 ], [ -155.71904, 20.06946 ], [ -155.71902, 20.06865 ], [ -155.71931, 20.06865 ], [ -155.7193, 20.0681 ], [ -155.71986, 20.06755 ], [ -155.72013, 20.06619 ], [ -155.72098, 20.06564 ], [ -155.72097, 20.06524 ], [ -155.72206, 20.06592 ], [ -155.72279, 20.06684 ], [ -155.7249, 20.06812 ], [ -155.72491, 20.06871 ], [ -155.72415, 20.06974 ], [ -155.72411, 20.07033 ], [ -155.72514, 20.07142 ], [ -155.72581, 20.07313 ], [ -155.7265, 20.07391 ], [ -155.72691, 20.07531 ], [ -155.72895, 20.07707 ], [ -155.73037, 20.08053 ], [ -155.73043, 20.08093 ], [ -155.72984, 20.08094 ], [ -155.72984, 20.08067 ], [ -155.72783, 20.0807 ], [ -155.72727, 20.08125 ], [ -155.72641, 20.08127 ], [ -155.72613, 20.08181 ], [ -155.72556, 20.08178 ] ] ] } },
{ "type": "Feature", "properties": { "unit_id": "U-140", "name": "Kohala Mtn Forest", "type": "Road-defined", "area_ha": 1395.6, "c_firevuln": 11.0, "c_consval": 100.0, "c_commval": 0.0, "c_respmgmt": 47.0, "c_prevmgmt": 80.0 }, "geometry": { "type": "Polygon", "coordinates": [ [ [ -155.71242, 20.08456 ], [ -155.71195, 20.08385 ], [ -155.70938, 20.08307 ], [ -155.70602, 20.08082 ], [ -155.70511, 20.07989 ], [ -155.70306, 20.07917 ], [ -155.70165, 20.07743 ], [ -155.69899, 20.07594 ], [ -155.69657, 20.07371 ], [ -155.69306, 20.07245 ], [ -155.69169, 20.0711 ], [ -155.68892, 20.07085 ], [ -155.68536, 20.0684 ], [ -155.68437, 20.06844 ], [ -155.68274, 20.06794 ], [ -155.67931, 20.06797 ], [ -155.67442, 20.06693 ], [ -155.67057, 20.06505 ], [ -155.66775, 20.06257 ], [ -155.66768, 20.05985 ], [ -155.66692, 20.05791 ], [ -155.66388, 20.05459 ], [ -155.65941, 20.05346 ], [ -155.65642, 20.0518 ], [ -155.65289, 20.05037 ], [ -155.65093, 20.04908 ], [ -155.64957, 20.04745 ], [ -155.64787, 20.04744 ], [ -155.64477, 20.04641 ], [ -155.64225, 20.04552 ], [ -155.64214, 20.04487 ], [ -155.64681, 20.04375 ], [ -155.65547, 20.04299 ], [ -155.65817, 20.04312 ], [ -155.6641, 20.05451 ], [ -155.66747, 20.04378 ], [ -155.67233, 20.04459 ], [ -155.67359, 20.04598 ], [ -155.67894, 20.04835 ], [ -155.68791, 20.04871 ], [ -155.69684, 20.05168 ], [ -155.70227, 20.05405 ], [ -155.70012, 20.07203 ], [ -155.70075, 20.07262 ], [ -155.70351, 20.07298 ], [ -155.70772, 20.05834 ], [ -155.70807, 20.05897 ], [ -155.70947, 20.05982 ], [ -155.71068, 20.05998 ], [ -155.71144, 20.06065 ], [ -155.7121, 20.06055 ], [ -155.71322, 20.06127 ], [ -155.71609, 20.06224 ], [ -155.72097, 20.06524 ], [ -155.72098, 20.06564 ], [ -155.72013, 20.06619 ], [ -155.71986, 20.06755 ], [ -155.7193, 20.0681 ], [ -155.71931, 20.06865 ], [ -155.71902, 20.06865 ], [ -155.71904, 20.06946 ], [ -155.71962, 20.06999 ], [ -155.71965, 20.07162 ], [ -155.71936, 20.07162 ], [ -155.71938, 20.07298 ], [ -155.71853, 20.07353 ], [ -155.71828, 20.07516 ], [ -155.71943, 20.07541 ], [ -155.72205, 20.07781 ], [ -155.72262, 20.0778 ], [ -155.72264, 20.07889 ], [ -155.72322, 20.07915 ], [ -155.72323, 20.07969 ], [ -155.72125, 20.08135 ], [ -155.72098, 20.08216 ], [ -155.7204, 20.08217 ], [ -155.71956, 20.083 ], [ -155.71929, 20.08408 ], [ -155.71715, 20.086 ], [ -155.7153, 20.08582 ], [ -155.71387, 20.08493 ], [ -155.71242, 20.08456 ] ] ] } }
]
}
