{"type": "FeatureCollection", "features": [{"type": "Feature", "geometry": {"type": "LineString", "coordinates": [[-155.75356, 19.84288], [-155.76275, 19.84047]]}, "properties": {"id": 1, "road": "HAWAII BELT", "elev": "low", "length_m": 1000.0, "cwd_mm": 1240.3, "excl": 0, "a": [19.84288, -155.75356], "b": [19.84047, -155.76275], "sp": {"1": ["ʻUhaloa", "ʻAʻaliʻi", "Naio"], "2": ["ʻŪlei", "ʻĀweoweo", "Alaheʻe"], "3": ["ʻIlima", "ʻOhai", "Māmane"]}}}, {"type": "Feature", "geometry": {"type": "LineString", "coordinates": [[-155.76275, 19.84047], [-155.76454, 19.84], [-155.76932, 19.83787], [-155.77063, 19.83757], [-155.77167, 19.83767]]}, "properties": {"id": 2, "road": "HAWAII BELT", "elev": "low", "length_m": 1000.0, "cwd_mm": 1276.7, "excl": 0, "a": [19.84047, -155.76275], "b": [19.83767, -155.77167], "sp": {"1": ["ʻUhaloa", "ʻAʻaliʻi", "Naio"], "2": ["ʻŪlei", "ʻĀweoweo", "Alaheʻe"], "3": ["ʻIlima", "ʻOhai", "Māmane"]}}}, {"type": "Feature", "geometry": {"type": "LineString", "coordinates": [[-155.77167, 19.83767], [-155.77693, 19.83826], [-155.77756, 19.83819], [-155.78098, 19.83712]]}, "properties": {"id": 3, "road": "HAWAII BELT", "elev": "low", "length_m": 1000.0, "cwd_mm": 1314.1, "excl": 0, "a": [19.83767, -155.77167], "b": [19.83712, -155.78098], "sp": {"1": ["ʻUhaloa", "ʻAʻaliʻi", "Naio"], "2": ["ʻŪlei", "ʻĀweoweo", "Alaheʻe"], "3": ["ʻIlima", "ʻOhai", "Māmane"]}}}, {"type": "Feature", "geometry": {"type": "LineString", "coordinates": [[-155.78098, 19.83712], [-155.78553, 19.83561], [-155.78804, 19.83406], [-155.78971, 19.83373]]}, "properties": {"id": 4, "road": "HAWAII BELT", "elev": "low", "length_m": 1000.0, "cwd_mm": 1375.6, "excl": 0, "a": [19.83712, -155.78098], "b": [19.83373, -155.78971], "sp": {"1": ["ʻUhaloa", "ʻAʻaliʻi", "Naio"], "2": ["ʻŪlei", "ʻĀweoweo", "Alaheʻe"], "3": ["ʻIlima", "ʻOhai", "Māmane"]}}}, {"type": "Feature", "geometry": {"type": "LineString", "coordinates": [[-155.78971, 19.83373], [-155.79584, 19.83376], [-155.79649, 19.83359], [-155.79886, 19.83232]]}, "properties": {"id": 5, "road": "HAWAII BELT", "elev": "low", "length_m": 1000.0, "cwd_mm": 1539.0, "excl": 1, "a": [19.83373, -155.78971], "b": [19.83232, -155.79886], "sp": {"1": ["ʻUhaloa", "ʻAʻaliʻi", "Naio"], "2": ["ʻŪlei", "ʻĀweoweo", "Alaheʻe"], "3": ["ʻIlima", "ʻOhai", "Māmane"]}}}, {"type": "Feature", "geometry": {"type": "LineString", "coordinates": [[-155.79886, 19.83232], [-155.80025, 19.83158], [-155.80157, 19.83118], [-155.80812, 19.83098]]}, "properties": {"id": 6, "road": "HAWAII BELT", "elev": "low", "length_m": 1000.0, "cwd_mm": 1416.5, "excl": 1, "a": [19.83232, -155.79886], "b": [19.83098, -155.80812], "sp": {"1": ["ʻUhaloa", "ʻAʻaliʻi", "Naio"], "2": ["ʻŪlei", "ʻĀweoweo", "Alaheʻe"], "3": ["ʻIlima", "ʻOhai", "Māmane"]}}}, {"type": "Feature", "geometry": {"type": "LineString", "coordinates": [[-155.80812, 19.83098], [-155.81135, 19.83089], [-155.81559, 19.83024], [-155.81743, 19.82949]]}, "properties": {"id": 7, "road": "HAWAII BELT", "elev": "low", "length_m": 1000.0, "cwd_mm": 1366.0, "excl": 0, "a": [19.83098, -155.80812], "b": [19.82949, -155.81743], "sp": {"1": ["ʻUhaloa", "ʻAʻaliʻi", "Naio"], "2": ["ʻŪlei", "ʻĀweoweo", "Alaheʻe"], "3": ["ʻIlima", "ʻOhai", "Māmane"]}}}, {"type": "Feature", "geometry": {"type": "LineString", "coordinates": [[-155.81743, 19.82949], [-155.81896, 19.82873]]}, "properties": {"id": 8, "road": "HAWAII BELT", "elev": "low", "length_m": 181.4, "cwd_mm": 1051.7, "excl": 0, "a": [19.82949, -155.81743], "b": [19.82873, -155.81896], "sp": {"1": ["ʻUhaloa", "ʻAʻaliʻi", "Naio"], "2": ["ʻŪlei", "ʻĀweoweo", "Alaheʻe"], "3": ["ʻIlima", "ʻOhai", "Māmane"]}}}, {"type": "Feature", "geometry": {"type": "LineString", "coordinates": [[-155.62607, 19.79203], [-155.62732, 19.79279], [-155.62868, 19.79333], [-155.63516, 19.79441]]}, "properties": {"id": 9, "road": "DANIEL K INOUYE", "elev": "high", "length_m": 1000.0, "cwd_mm": 1077.2, "excl": 0, "a": [19.79203, -155.62607], "b": [19.79441, -155.63516], "sp": {"1": ["ʻŪlei", "ʻAʻaliʻi", "Naio"], "2": ["ʻIlima", "ʻĀweoweo", "Koa"], "3": ["Kōʻokoʻolau", null, "Māmane"]}}}, {"type": "Feature", "geometry": {"type": "LineString", "coordinates": [[-155.63516, 19.79441], [-155.63791, 19.79474], [-155.63946, 19.7945], [-155.64079, 19.79398], [-155.64191, 19.79329], [-155.64363, 19.79168]]}, "properties": {"id": 10, "road": "DANIEL K INOUYE", "elev": "high", "length_m": 1000.0, "cwd_mm": 1070.2, "excl": 0, "a": [19.79441, -155.63516], "b": [19.79168, -155.64363], "sp": {"1": ["ʻŪlei", "ʻAʻaliʻi", "Naio"], "2": ["ʻIlima", "ʻĀweoweo", "Koa"], "3": ["Kōʻokoʻolau", null, "Māmane"]}}}, {"type": "Feature", "geometry": {"type": "LineString", "coordinates": [[-155.64363, 19.79168], [-155.64551, 19.79015], [-155.64799, 19.78896], [-155.65004, 19.78849], [-155.65219, 19.78841]]}, "properties": {"id": 11, "road": "DANIEL K INOUYE", "elev": "high", "length_m": 1000.0, "cwd_mm": 1085.6, "excl": 0, "a": [19.79168, -155.64363], "b": [19.78841, -155.65219], "sp": {"1": ["ʻŪlei", "ʻAʻaliʻi", "Naio"], "2": ["ʻIlima", "ʻĀweoweo", "Koa"], "3": ["Kōʻokoʻolau", null, "Māmane"]}}}, {"type": "Feature", "geometry": {"type": "LineString", "coordinates": [[-155.65219, 19.78841], [-155.65401, 19.78866], [-155.65562, 19.78913], [-155.66116, 19.79135]]}, "properties": {"id": 12, "road": "DANIEL K INOUYE", "elev": "high", "length_m": 1000.0, "cwd_mm": 1048.6, "excl": 0, "a": [19.78841, -155.65219], "b": [19.79135, -155.66116], "sp": {"1": ["ʻUhaloa", "ʻAʻaliʻi", "Naio"], "2": ["ʻŪlei", "ʻĀweoweo", "Koa"], "3": ["ʻIlima", null, "Māmane"]}}}, {"type": "Feature", "geometry": {"type": "LineString", "coordinates": [[-155.66116, 19.79135], [-155.66512, 19.79286], [-155.66647, 19.79322], [-155.66798, 19.79337], [-155.67032, 19.79326]]}, "properties": {"id": 13, "road": "DANIEL K INOUYE", "elev": "high", "length_m": 1000.0, "cwd_mm": 987.8, "excl": 0, "a": [19.79135, -155.66116], "b": [19.79326, -155.67032], "sp": {"1": ["ʻUhaloa", "ʻAʻaliʻi", "Naio"], "2": ["ʻŪlei", "ʻĀweoweo", "Koa"], "3": ["ʻIlima", null, "Māmane"]}}}, {"type": "Feature", "geometry": {"type": "LineString", "coordinates": [[-155.67032, 19.79326], [-155.67616, 19.793], [-155.67722, 19.79317], [-155.67966, 19.79403]]}, "properties": {"id": 14, "road": "DANIEL K INOUYE", "elev": "high", "length_m": 1000.0, "cwd_mm": 962.6, "excl": 0, "a": [19.79326, -155.67032], "b": [19.79403, -155.67966], "sp": {"1": ["ʻUhaloa", "ʻAʻaliʻi", "Naio"], "2": ["ʻŪlei", "ʻĀweoweo", "Koa"], "3": ["ʻIlima", null, "Māmane"]}}}, {"type": "Feature", "geometry": {"type": "LineString", "coordinates": [[-155.67966, 19.79403], [-155.6851, 19.79783], [-155.68747, 19.79918]]}, "properties": {"id": 15, "road": "DANIEL K INOUYE", "elev": "high", "length_m": 1000.0, "cwd_mm": 960.7, "excl": 0, "a": [19.79403, -155.67966], "b": [19.79918, -155.68747], "sp": {"1": ["ʻUhaloa", "ʻAʻaliʻi", "Naio"], "2": ["ʻŪlei", "ʻĀweoweo", "Koa"], "3": ["ʻIlima", null, "Māmane"]}}}, {"type": "Feature", "geometry": {"type": "LineString", "coordinates": [[-155.68747, 19.79918], [-155.68905, 19.79963], [-155.69678, 19.80114]]}, "properties": {"id": 16, "road": "DANIEL K INOUYE", "elev": "high", "length_m": 1000.0, "cwd_mm": 1034.4, "excl": 0, "a": [19.79918, -155.68747], "b": [19.80114, -155.69678], "sp": {"1": ["ʻUhaloa", "ʻAʻaliʻi", "Naio"], "2": ["ʻŪlei", "ʻĀweoweo", "Koa"], "3": ["ʻIlima", null, "Māmane"]}}}, {"type": "Feature", "geometry": {"type": "LineString", "coordinates": [[-155.69678, 19.80114], [-155.69939, 19.80164], [-155.7015, 19.8024], [-155.70516, 19.80504]]}, "properties": {"id": 17, "road": "DANIEL K INOUYE", "elev": "high", "length_m": 1000.0, "cwd_mm": 1086.0, "excl": 0, "a": [19.80114, -155.69678], "b": [19.80504, -155.70516], "sp": {"1": ["ʻUhaloa", "ʻAʻaliʻi", "Naio"], "2": ["ʻŪlei", "ʻĀweoweo", "Koa"], "3": ["ʻIlima", null, "Māmane"]}}}, {"type": "Feature", "geometry": {"type": "LineString", "coordinates": [[-155.70516, 19.80504], [-155.71255, 19.81075]]}, "properties": {"id": 18, "road": "DANIEL K INOUYE", "elev": "high", "length_m": 1000.0, "cwd_mm": 987.3, "excl": 0, "a": [19.80504, -155.70516], "b": [19.81075, -155.71255], "sp": {"1": ["ʻUhaloa", "ʻAʻaliʻi", "Naio"], "2": ["ʻŪlei", "ʻĀweoweo", "Koa"], "3": ["ʻIlima", null, "Koai'a"]}}}, {"type": "Feature", "geometry": {"type": "LineString", "coordinates": [[-155.71255, 19.81075], [-155.7164, 19.81374], [-155.71922, 19.81713]]}, "properties": {"id": 19, "road": "DANIEL K INOUYE", "elev": "high", "length_m": 1000.0, "cwd_mm": 888.0, "excl": 0, "a": [19.81075, -155.71255], "b": [19.81713, -155.71922], "sp": {"1": ["ʻUhaloa", "ʻAʻaliʻi", "Naio"], "2": ["ʻŪlei", "ʻĀweoweo", "Koa"], "3": ["ʻIlima", null, "Koai'a"]}}}, {"type": "Feature", "geometry": {"type": "LineString", "coordinates": [[-155.71922, 19.81713], [-155.72151, 19.81989], [-155.72614, 19.82322]]}, "properties": {"id": 20, "road": "DANIEL K INOUYE", "elev": "low", "length_m": 1000.0, "cwd_mm": 1006.5, "excl": 0, "a": [19.81713, -155.71922], "b": [19.82322, -155.72614], "sp": {"1": ["ʻUhaloa", "ʻAʻaliʻi", "Naio"], "2": ["ʻŪlei", "ʻĀweoweo", "Koa"], "3": ["ʻIlima", null, "Koai'a"]}}}, {"type": "Feature", "geometry": {"type": "LineString", "coordinates": [[-155.72614, 19.82322], [-155.729, 19.82523], [-155.73032, 19.82655], [-155.73117, 19.82813], [-155.73178, 19.83011]]}, "properties": {"id": 21, "road": "DANIEL K INOUYE", "elev": "low", "length_m": 1000.0, "cwd_mm": 919.0, "excl": 0, "a": [19.82322, -155.72614], "b": [19.83011, -155.73178], "sp": {"1": ["ʻUhaloa", "ʻAʻaliʻi", "Naio"], "2": ["ʻŪlei", "ʻĀweoweo", "Koa"], "3": ["ʻIlima", null, "Koai'a"]}}}, {"type": "Feature", "geometry": {"type": "LineString", "coordinates": [[-155.73178, 19.83011], [-155.73267, 19.832], [-155.73346, 19.83284], [-155.73439, 19.83347], [-155.73911, 19.83506]]}, "properties": {"id": 22, "road": "DANIEL K INOUYE", "elev": "low", "length_m": 1000.0, "cwd_mm": 928.5, "excl": 0, "a": [19.83011, -155.73178], "b": [19.83506, -155.73911], "sp": {"1": ["ʻUhaloa", "ʻAʻaliʻi", "Naio"], "2": ["ʻŪlei", "ʻĀweoweo", "Koa"], "3": ["ʻIlima", null, "Koai'a"]}}}, {"type": "Feature", "geometry": {"type": "LineString", "coordinates": [[-155.73911, 19.83506], [-155.74173, 19.83589], [-155.74422, 19.83715], [-155.74612, 19.839], [-155.74673, 19.83999]]}, "properties": {"id": 23, "road": "DANIEL K INOUYE", "elev": "low", "length_m": 1000.0, "cwd_mm": 940.3, "excl": 0, "a": [19.83506, -155.73911], "b": [19.83999, -155.74673], "sp": {"1": ["ʻUhaloa", "ʻAʻaliʻi", "Naio"], "2": ["ʻŪlei", "ʻĀweoweo", "Koa"], "3": ["ʻIlima", "ʻOhai", "Koai'a"]}}}, {"type": "Feature", "geometry": {"type": "LineString", "coordinates": [[-155.74673, 19.83999], [-155.74729, 19.84124], [-155.7482, 19.84426]]}, "properties": {"id": 24, "road": "DANIEL K INOUYE", "elev": "low", "length_m": 498.9, "cwd_mm": 988.5, "excl": 0, "a": [19.83999, -155.74673], "b": [19.84426, -155.7482], "sp": {"1": ["ʻUhaloa", "ʻAʻaliʻi", "Naio"], "2": ["ʻŪlei", "ʻĀweoweo", "Koa"], "3": ["ʻIlima", "ʻOhai", "Koai'a"]}}}, {"type": "Feature", "geometry": {"type": "LineString", "coordinates": [[-155.7214, 19.87671], [-155.72632, 19.86897]]}, "properties": {"id": 25, "road": "HAWAII BELT", "elev": "low", "length_m": 1000.0, "cwd_mm": 986.5, "excl": 0, "a": [19.87671, -155.7214], "b": [19.86897, -155.72632], "sp": {"1": ["ʻUhaloa", "ʻAʻaliʻi", "Naio"], "2": ["ʻŪlei", "ʻĀweoweo", "Koa"], "3": ["ʻIlima", "ʻOhai", "Koai'a"]}}}, {"type": "Feature", "geometry": {"type": "LineString", "coordinates": [[-155.72632, 19.86897], [-155.7313, 19.86127]]}, "properties": {"id": 26, "road": "HAWAII BELT", "elev": "low", "length_m": 1000.0, "cwd_mm": 992.6, "excl": 0, "a": [19.86897, -155.72632], "b": [19.86127, -155.7313], "sp": {"1": ["ʻUhaloa", "ʻAʻaliʻi", "Naio"], "2": ["ʻŪlei", "ʻĀweoweo", "Koa"], "3": ["ʻIlima", "ʻOhai", "Koai'a"]}}}, {"type": "Feature", "geometry": {"type": "LineString", "coordinates": [[-155.7313, 19.86127], [-155.73624, 19.85355]]}, "properties": {"id": 27, "road": "HAWAII BELT", "elev": "low", "length_m": 1000.0, "cwd_mm": 954.6, "excl": 0, "a": [19.86127, -155.7313], "b": [19.85355, -155.73624], "sp": {"1": ["ʻUhaloa", "ʻAʻaliʻi", "Naio"], "2": ["ʻŪlei", "ʻĀweoweo", "Koa"], "3": ["ʻIlima", "ʻOhai", "Koai'a"]}}}, {"type": "Feature", "geometry": {"type": "LineString", "coordinates": [[-155.73624, 19.85355], [-155.74031, 19.84722], [-155.74166, 19.84623]]}, "properties": {"id": 28, "road": "HAWAII BELT", "elev": "low", "length_m": 1000.0, "cwd_mm": 1001.8, "excl": 0, "a": [19.85355, -155.73624], "b": [19.84623, -155.74166], "sp": {"1": ["ʻUhaloa", "ʻAʻaliʻi", "Naio"], "2": ["ʻŪlei", "ʻĀweoweo", "Koa"], "3": ["ʻIlima", "ʻOhai", "Koai'a"]}}}, {"type": "Feature", "geometry": {"type": "LineString", "coordinates": [[-155.74166, 19.84623], [-155.74285, 19.84573], [-155.7482, 19.84426]]}, "properties": {"id": 29, "road": "HAWAII BELT", "elev": "low", "length_m": 720.1, "cwd_mm": 951.5, "excl": 0, "a": [19.84623, -155.74166], "b": [19.84426, -155.7482], "sp": {"1": ["ʻUhaloa", "ʻAʻaliʻi", "Naio"], "2": ["ʻŪlei", "ʻĀweoweo", "Koa"], "3": ["ʻIlima", "ʻOhai", "Koai'a"]}}}, {"type": "Feature", "geometry": {"type": "LineString", "coordinates": [[-155.7482, 19.84426], [-155.75356, 19.84288]]}, "properties": {"id": 30, "road": "HAWAII BELT", "elev": "low", "length_m": 582.3, "cwd_mm": 998.1, "excl": 0, "a": [19.84426, -155.7482], "b": [19.84288, -155.75356], "sp": {"1": ["ʻUhaloa", "ʻAʻaliʻi", "Naio"], "2": ["ʻŪlei", "ʻĀweoweo", "Alaheʻe"], "3": ["ʻIlima", "ʻOhai", "Koa"]}}}, {"type": "Feature", "geometry": {"type": "LineString", "coordinates": [[-155.65996, 19.87319], [-155.6626, 19.87899], [-155.66433, 19.88115]]}, "properties": {"id": 31, "road": "SADDLE", "elev": "high", "length_m": 1000.0, "cwd_mm": 879.7, "excl": 0, "a": [19.87319, -155.65996], "b": [19.88115, -155.66433], "sp": {"1": ["ʻUhaloa", "ʻAʻaliʻi", "Naio"], "2": ["ʻŪlei", "ʻĀweoweo", "Koa"], "3": ["ʻIlima", null, "Māmane"]}}}, {"type": "Feature", "geometry": {"type": "LineString", "coordinates": [[-155.66433, 19.88115], [-155.66588, 19.88302], [-155.6686, 19.8854], [-155.66875, 19.88602], [-155.66866, 19.88777], [-155.66895, 19.88847]]}, "properties": {"id": 32, "road": "SADDLE", "elev": "high", "length_m": 1000.0, "cwd_mm": 1048.4, "excl": 0, "a": [19.88115, -155.66433], "b": [19.88847, -155.66895], "sp": {"1": ["ʻUhaloa", "ʻAʻaliʻi", "Naio"], "2": ["ʻŪlei", "ʻĀweoweo", "Koa"], "3": ["ʻIlima", null, "Koai'a"]}}}, {"type": "Feature", "geometry": {"type": "LineString", "coordinates": [[-155.66895, 19.88847], [-155.66992, 19.89077], [-155.67456, 19.89563]]}, "properties": {"id": 33, "road": "SADDLE", "elev": "high", "length_m": 1000.0, "cwd_mm": 997.5, "excl": 0, "a": [19.88847, -155.66895], "b": [19.89563, -155.67456], "sp": {"1": ["ʻUhaloa", "ʻAʻaliʻi", "Naio"], "2": ["ʻŪlei", "ʻĀweoweo", "Koa"], "3": ["ʻIlima", null, "Koai'a"]}}}, {"type": "Feature", "geometry": {"type": "LineString", "coordinates": [[-155.67456, 19.89563], [-155.67667, 19.89757], [-155.67694, 19.89806]]}, "properties": {"id": 34, "road": "SADDLE", "elev": "high", "length_m": 369.6, "cwd_mm": 1035.5, "excl": 0, "a": [19.89563, -155.67456], "b": [19.89806, -155.67694], "sp": {"1": ["ʻUhaloa", "ʻAʻaliʻi", "Naio"], "2": ["ʻŪlei", "ʻĀweoweo", "Koa"], "3": ["ʻIlima", null, "Koai'a"]}}}, {"type": "Feature", "geometry": {"type": "LineString", "coordinates": [[-155.62607, 19.79203], [-155.62584, 19.79244], [-155.62857, 19.80061]]}, "properties": {"id": 35, "road": "SADDLE", "elev": "high", "length_m": 1000.0, "cwd_mm": 1229.9, "excl": 0, "a": [19.79203, -155.62607], "b": [19.80061, -155.62857], "sp": {"1": ["ʻŪlei", "ʻAʻaliʻi", "Naio"], "2": ["ʻIlima", "ʻĀweoweo", "Koa"], "3": ["Kōʻokoʻolau", null, "Māmane"]}}}, {"type": "Feature", "geometry": {"type": "LineString", "coordinates": [[-155.62857, 19.80061], [-155.62961, 19.80369], [-155.63181, 19.80909]]}, "properties": {"id": 36, "road": "SADDLE", "elev": "high", "length_m": 1000.0, "cwd_mm": 1154.3, "excl": 0, "a": [19.80061, -155.62857], "b": [19.80909, -155.63181], "sp": {"1": ["ʻŪlei", "ʻAʻaliʻi", "Naio"], "2": ["ʻIlima", "ʻĀweoweo", "Koa"], "3": ["Kōʻokoʻolau", null, "Māmane"]}}}, {"type": "Feature", "geometry": {"type": "LineString", "coordinates": [[-155.63181, 19.80909], [-155.6329, 19.81265], [-155.63403, 19.81786]]}, "properties": {"id": 37, "road": "SADDLE", "elev": "high", "length_m": 1000.0, "cwd_mm": 964.5, "excl": 0, "a": [19.80909, -155.63181], "b": [19.81786, -155.63403], "sp": {"1": ["ʻŪlei", "ʻAʻaliʻi", "Naio"], "2": ["ʻIlima", "ʻĀweoweo", "Koa"], "3": ["Kōʻokoʻolau", null, "Māmane"]}}}, {"type": "Feature", "geometry": {"type": "LineString", "coordinates": [[-155.63403, 19.81786], [-155.6342, 19.81846], [-155.6356, 19.81999]]}, "properties": {"id": 38, "road": "SADDLE", "elev": "high", "length_m": 293.3, "cwd_mm": 878.3, "excl": 0, "a": [19.81786, -155.63403], "b": [19.81999, -155.6356], "sp": {"1": ["ʻŪlei", "ʻAʻaliʻi", "Naio"], "2": ["ʻIlima", "ʻĀweoweo", "Koa"], "3": ["Kōʻokoʻolau", null, "Māmane"]}}}, {"type": "Feature", "geometry": {"type": "LineString", "coordinates": [[-155.6356, 19.81999], [-155.63623, 19.82205], [-155.63635, 19.82373], [-155.63586, 19.82558]]}, "properties": {"id": 39, "road": "SADDLE", "elev": "high", "length_m": 637.4, "cwd_mm": 859.1, "excl": 0, "a": [19.81999, -155.6356], "b": [19.82558, -155.63586], "sp": {"1": ["ʻŪlei", "ʻAʻaliʻi", "Naio"], "2": ["ʻIlima", "ʻĀweoweo", "Koa"], "3": ["Kōʻokoʻolau", null, "Māmane"]}}}, {"type": "Feature", "geometry": {"type": "LineString", "coordinates": [[-155.63586, 19.82558], [-155.6359, 19.82605], [-155.63685, 19.828], [-155.63832, 19.82912], [-155.6385, 19.83], [-155.63886, 19.83081], [-155.63892, 19.83151], [-155.63822, 19.8329], [-155.63838, 19.83343]]}, "properties": {"id": 40, "road": "SADDLE", "elev": "high", "length_m": 1000.0, "cwd_mm": 807.0, "excl": 0, "a": [19.82558, -155.63586], "b": [19.83343, -155.63838], "sp": {"1": ["ʻŪlei", "ʻAʻaliʻi", "Naio"], "2": ["ʻIlima", "ʻĀweoweo", "Koa"], "3": ["Kōʻokoʻolau", null, "Māmane"]}}}, {"type": "Feature", "geometry": {"type": "LineString", "coordinates": [[-155.63838, 19.83343], [-155.63994, 19.83555], [-155.64108, 19.83641], [-155.64188, 19.83748], [-155.6423, 19.83877], [-155.64257, 19.84116]]}, "properties": {"id": 41, "road": "SADDLE", "elev": "high", "length_m": 1000.0, "cwd_mm": 806.3, "excl": 0, "a": [19.83343, -155.63838], "b": [19.84116, -155.64257], "sp": {"1": ["ʻŪlei", "ʻAʻaliʻi", "Naio"], "2": ["ʻIlima", "ʻĀweoweo", "Koa"], "3": ["Kōʻokoʻolau", null, "Māmane"]}}}, {"type": "Feature", "geometry": {"type": "LineString", "coordinates": [[-155.64257, 19.84116], [-155.64265, 19.8419], [-155.64643, 19.84938]]}, "properties": {"id": 42, "road": "SADDLE", "elev": "high", "length_m": 1000.0, "cwd_mm": 814.3, "excl": 0, "a": [19.84116, -155.64257], "b": [19.84938, -155.64643], "sp": {"1": ["ʻŪlei", "ʻAʻaliʻi", "Naio"], "2": ["ʻIlima", "ʻĀweoweo", "Koa"], "3": ["Kōʻokoʻolau", null, "Māmane"]}}}, {"type": "Feature", "geometry": {"type": "LineString", "coordinates": [[-155.64643, 19.84938], [-155.64804, 19.85235], [-155.64893, 19.85498], [-155.64913, 19.85629]]}, "properties": {"id": 43, "road": "SADDLE", "elev": "high", "length_m": 822.9, "cwd_mm": 761.7, "excl": 0, "a": [19.84938, -155.64643], "b": [19.85629, -155.64913], "sp": {"1": ["ʻUhaloa", "ʻAʻaliʻi", "Naio"], "2": ["ʻŪlei", "ʻĀweoweo", "Koa"], "3": ["ʻIlima", null, "Māmane"]}}}, {"type": "Feature", "geometry": {"type": "LineString", "coordinates": [[-155.64913, 19.85629], [-155.64926, 19.85776], [-155.65, 19.85879]]}, "properties": {"id": 44, "road": "SADDLE", "elev": "high", "length_m": 301.2, "cwd_mm": 936.2, "excl": 0, "a": [19.85629, -155.64913], "b": [19.85879, -155.65], "sp": {"1": ["ʻUhaloa", "ʻAʻaliʻi", "Naio"], "2": ["ʻŪlei", "ʻĀweoweo", "Koa"], "3": ["ʻIlima", null, "Māmane"]}}}, {"type": "Feature", "geometry": {"type": "LineString", "coordinates": [[-155.65, 19.85879], [-155.65518, 19.86635]]}, "properties": {"id": 45, "road": "SADDLE", "elev": "high", "length_m": 1000.0, "cwd_mm": 992.8, "excl": 0, "a": [19.85879, -155.65], "b": [19.86635, -155.65518], "sp": {"1": ["ʻUhaloa", "ʻAʻaliʻi", "Naio"], "2": ["ʻŪlei", "ʻĀweoweo", "Koa"], "3": ["ʻIlima", null, "Māmane"]}}}, {"type": "Feature", "geometry": {"type": "LineString", "coordinates": [[-155.65518, 19.86635], [-155.65567, 19.86694], [-155.65779, 19.86843], [-155.65786, 19.86916], [-155.65826, 19.87036], [-155.65916, 19.8715], [-155.65996, 19.87319]]}, "properties": {"id": 46, "road": "SADDLE", "elev": "high", "length_m": 943.3, "cwd_mm": 886.4, "excl": 0, "a": [19.86635, -155.65518], "b": [19.87319, -155.65996], "sp": {"1": ["ʻUhaloa", "ʻAʻaliʻi", "Naio"], "2": ["ʻŪlei", "ʻĀweoweo", "Koa"], "3": ["ʻIlima", null, "Māmane"]}}}, {"type": "Feature", "geometry": {"type": "LineString", "coordinates": [[-155.70542, 19.90569], [-155.70739, 19.90029], [-155.70889, 19.89729]]}, "properties": {"id": 47, "road": "HAWAII BELT", "elev": "low", "length_m": 1000.0, "cwd_mm": 1198.8, "excl": 0, "a": [19.90569, -155.70542], "b": [19.89729, -155.70889], "sp": {"1": ["ʻUhaloa", "ʻAʻaliʻi", "Naio"], "2": ["ʻŪlei", "ʻĀweoweo", "Koai'a"], "3": ["ʻIlima", "ʻOhai", "Māmane"]}}}, {"type": "Feature", "geometry": {"type": "LineString", "coordinates": [[-155.70889, 19.89729], [-155.7135, 19.8894]]}, "properties": {"id": 48, "road": "HAWAII BELT", "elev": "low", "length_m": 1000.0, "cwd_mm": 1116.2, "excl": 0, "a": [19.89729, -155.70889], "b": [19.8894, -155.7135], "sp": {"1": ["ʻUhaloa", "ʻAʻaliʻi", "Naio"], "2": ["ʻŪlei", "ʻĀweoweo", "Koa"], "3": ["ʻIlima", "ʻOhai", "Koai'a"]}}}, {"type": "Feature", "geometry": {"type": "LineString", "coordinates": [[-155.7135, 19.8894], [-155.71839, 19.88165]]}, "properties": {"id": 49, "road": "HAWAII BELT", "elev": "low", "length_m": 1000.0, "cwd_mm": 1172.1, "excl": 0, "a": [19.8894, -155.7135], "b": [19.88165, -155.71839], "sp": {"1": ["ʻUhaloa", "ʻAʻaliʻi", "Naio"], "2": ["ʻŪlei", "ʻĀweoweo", "Koa"], "3": ["ʻIlima", "ʻOhai", "Koai'a"]}}}, {"type": "Feature", "geometry": {"type": "LineString", "coordinates": [[-155.71839, 19.88165], [-155.7214, 19.87671]]}, "properties": {"id": 50, "road": "HAWAII BELT", "elev": "low", "length_m": 631.7, "cwd_mm": 1037.6, "excl": 0, "a": [19.88165, -155.71839], "b": [19.87671, -155.7214], "sp": {"1": ["ʻUhaloa", "ʻAʻaliʻi", "Naio"], "2": ["ʻŪlei", "ʻĀweoweo", "Koa"], "3": ["ʻIlima", "ʻOhai", "Koai'a"]}}}, {"type": "Feature", "geometry": {"type": "LineString", "coordinates": [[-155.7004, 19.9155], [-155.7046, 19.90739]]}, "properties": {"id": 51, "road": "HAWAII BELT", "elev": "low", "length_m": 1000.0, "cwd_mm": 1337.9, "excl": 0, "a": [19.9155, -155.7004], "b": [19.90739, -155.7046], "sp": {"1": ["ʻUhaloa", "ʻAʻaliʻi", "Naio"], "2": ["ʻŪlei", "ʻĀweoweo", "Koai'a"], "3": ["ʻIlima", "ʻOhai", "Māmane"]}}}, {"type": "Feature", "geometry": {"type": "LineString", "coordinates": [[-155.7046, 19.90739], [-155.70542, 19.90569]]}, "properties": {"id": 52, "road": "HAWAII BELT", "elev": "low", "length_m": 207.2, "cwd_mm": 1278.6, "excl": 0, "a": [19.90739, -155.7046], "b": [19.90569, -155.70542], "sp": {"1": ["ʻUhaloa", "ʻAʻaliʻi", "Naio"], "2": ["ʻŪlei", "ʻĀweoweo", "Koai'a"], "3": ["ʻIlima", "ʻOhai", "Māmane"]}}}, {"type": "Feature", "geometry": {"type": "LineString", "coordinates": [[-155.67694, 19.89806], [-155.67661, 19.90026], [-155.6758, 19.90209], [-155.67541, 19.9034], [-155.67486, 19.90682]]}, "properties": {"id": 53, "road": "SADDLE", "elev": "low", "length_m": 1000.0, "cwd_mm": 1044.1, "excl": 0, "a": [19.89806, -155.67694], "b": [19.90682, -155.67486], "sp": {"1": ["ʻUhaloa", "ʻAʻaliʻi", "Naio"], "2": ["ʻŪlei", "ʻĀweoweo", "Koa"], "3": ["ʻIlima", null, "Koai'a"]}}}, {"type": "Feature", "geometry": {"type": "LineString", "coordinates": [[-155.67486, 19.90682], [-155.67466, 19.90808], [-155.676, 19.91141], [-155.67622, 19.91345], [-155.67666, 19.91433], [-155.67664, 19.9147], [-155.67627, 19.91541]]}, "properties": {"id": 54, "road": "SADDLE", "elev": "low", "length_m": 1000.0, "cwd_mm": 1145.5, "excl": 0, "a": [19.90682, -155.67486], "b": [19.91541, -155.67627], "sp": {"1": ["ʻUhaloa", "ʻAʻaliʻi", "Naio"], "2": ["ʻŪlei", "ʻĀweoweo", "Koai'a"], "3": ["ʻIlima", null, "Māmane"]}}}, {"type": "Feature", "geometry": {"type": "LineString", "coordinates": [[-155.67627, 19.91541], [-155.67576, 19.9211], [-155.67586, 19.92195], [-155.67694, 19.92416]]}, "properties": {"id": 55, "road": "SADDLE", "elev": "low", "length_m": 1000.0, "cwd_mm": 1283.4, "excl": 0, "a": [19.91541, -155.67627], "b": [19.92416, -155.67694], "sp": {"1": ["ʻUhaloa", "ʻAʻaliʻi", "Naio"], "2": ["ʻŪlei", "ʻĀweoweo", "Koai'a"], "3": ["ʻIlima", null, "Māmane"]}}}, {"type": "Feature", "geometry": {"type": "LineString", "coordinates": [[-155.67694, 19.92416], [-155.67809, 19.92609], [-155.68207, 19.92901], [-155.6836, 19.93045]]}, "properties": {"id": 56, "road": "SADDLE", "elev": "low", "length_m": 1000.0, "cwd_mm": 1301.8, "excl": 0, "a": [19.92416, -155.67694], "b": [19.93045, -155.6836], "sp": {"1": ["ʻUhaloa", "ʻAʻaliʻi", "Naio"], "2": ["ʻŪlei", "ʻĀweoweo", "Koai'a"], "3": ["ʻIlima", "ʻOhai", "Māmane"]}}}, {"type": "Feature", "geometry": {"type": "LineString", "coordinates": [[-155.6836, 19.93045], [-155.68707, 19.93401], [-155.68736, 19.9346]]}, "properties": {"id": 57, "road": "SADDLE", "elev": "low", "length_m": 608.7, "cwd_mm": 1381.7, "excl": 0, "a": [19.93045, -155.6836], "b": [19.9346, -155.68736], "sp": {"1": ["ʻUhaloa", "ʻAʻaliʻi", "Naio"], "2": ["ʻŪlei", "ʻĀweoweo", "Koai'a"], "3": ["ʻIlima", "ʻOhai", "Māmane"]}}}, {"type": "Feature", "geometry": {"type": "LineString", "coordinates": [[-155.68736, 19.9346], [-155.68905, 19.93095], [-155.69171, 19.92657]]}, "properties": {"id": 58, "road": "MAMALAHOA", "elev": "low", "length_m": 1000.0, "cwd_mm": 1376.6, "excl": 0, "a": [19.9346, -155.68736], "b": [19.92657, -155.69171], "sp": {"1": ["ʻUhaloa", "ʻAʻaliʻi", "Naio"], "2": ["ʻŪlei", "ʻĀweoweo", "Koai'a"], "3": ["ʻIlima", "ʻOhai", "Māmane"]}}}, {"type": "Feature", "geometry": {"type": "LineString", "coordinates": [[-155.69171, 19.92657], [-155.69644, 19.91873]]}, "properties": {"id": 59, "road": "MAMALAHOA", "elev": "low", "length_m": 1000.0, "cwd_mm": 1331.2, "excl": 0, "a": [19.92657, -155.69171], "b": [19.91873, -155.69644], "sp": {"1": ["ʻUhaloa", "ʻAʻaliʻi", "Naio"], "2": ["ʻŪlei", "ʻĀweoweo", "Koai'a"], "3": ["ʻIlima", "ʻOhai", "Māmane"]}}}, {"type": "Feature", "geometry": {"type": "LineString", "coordinates": [[-155.69644, 19.91873], [-155.69678, 19.9182], [-155.7004, 19.9155]]}, "properties": {"id": 60, "road": "MAMALAHOA", "elev": "low", "length_m": 552.8, "cwd_mm": 1351.7, "excl": 0, "a": [19.91873, -155.69644], "b": [19.9155, -155.7004], "sp": {"1": ["ʻUhaloa", "ʻAʻaliʻi", "Naio"], "2": ["ʻŪlei", "ʻĀweoweo", "Koai'a"], "3": ["ʻIlima", "ʻOhai", "Māmane"]}}}, {"type": "Feature", "geometry": {"type": "LineString", "coordinates": [[-155.68342, 19.94207], [-155.68517, 19.94096], [-155.68541, 19.94046], [-155.68553, 19.93837], [-155.68736, 19.9346]]}, "properties": {"id": 61, "road": "MAMALAHOA", "elev": "low", "length_m": 974.3, "cwd_mm": 1417.8, "excl": 0, "a": [19.94207, -155.68342], "b": [19.9346, -155.68736], "sp": {"1": ["ʻUhaloa", "ʻAʻaliʻi", "Naio"], "2": ["ʻŪlei", "ʻĀweoweo", "Koai'a"], "3": ["ʻIlima", "ʻOhai", "Māmane"]}}}, {"type": "Feature", "geometry": {"type": "LineString", "coordinates": [[-155.68092, 19.95639], [-155.6813, 19.95264], [-155.68054, 19.94965], [-155.6805, 19.94864], [-155.68067, 19.9475]]}, "properties": {"id": 62, "road": "MAMALAHOA", "elev": "low", "length_m": 1000.0, "cwd_mm": 1499.2, "excl": 0, "a": [19.95639, -155.68092], "b": [19.9475, -155.68067], "sp": {"1": ["ʻUhaloa", "ʻAʻaliʻi", "Naio"], "2": ["ʻŪlei", "ʻĀweoweo", "Koai'a"], "3": ["ʻIlima", "ʻOhai", "Māmane"]}}}, {"type": "Feature", "geometry": {"type": "LineString", "coordinates": [[-155.68067, 19.9475], [-155.68077, 19.94631], [-155.68115, 19.94515], [-155.68204, 19.94368], [-155.68342, 19.94207]]}, "properties": {"id": 63, "road": "MAMALAHOA", "elev": "low", "length_m": 684.0, "cwd_mm": 1438.6, "excl": 0, "a": [19.9475, -155.68067], "b": [19.94207, -155.68342], "sp": {"1": ["ʻUhaloa", "ʻAʻaliʻi", "Naio"], "2": ["ʻŪlei", "ʻĀweoweo", "Koai'a"], "3": ["ʻIlima", "ʻOhai", "Māmane"]}}}, {"type": "Feature", "geometry": {"type": "LineString", "coordinates": [[-155.67728, 20.00144], [-155.67741, 20.00067], [-155.67644, 19.99437], [-155.67651, 19.99249]]}, "properties": {"id": 64, "road": "MAMALAHOA", "elev": "low", "length_m": 1000.0, "cwd_mm": 1569.7, "excl": 0, "a": [20.00144, -155.67728], "b": [19.99249, -155.67651], "sp": {"1": ["ʻUhaloa", "ʻAʻaliʻi", "Naio"], "2": ["ʻŪlei", "ʻĀweoweo", "Koa"], "3": ["ʻIlima", "ʻOhai", "Koai'a"]}}}, {"type": "Feature", "geometry": {"type": "LineString", "coordinates": [[-155.67651, 19.99249], [-155.67684, 19.98347]]}, "properties": {"id": 65, "road": "MAMALAHOA", "elev": "low", "length_m": 1000.0, "cwd_mm": 1717.8, "excl": 0, "a": [19.99249, -155.67651], "b": [19.98347, -155.67684], "sp": {"1": ["ʻUhaloa", "ʻAʻaliʻi", "Naio"], "2": ["ʻŪlei", "ʻĀweoweo", "Koa"], "3": ["ʻIlima", "ʻOhai", "Koai'a"]}}}, {"type": "Feature", "geometry": {"type": "LineString", "coordinates": [[-155.67684, 19.98347], [-155.67713, 19.97557], [-155.67765, 19.97456]]}, "properties": {"id": 66, "road": "MAMALAHOA", "elev": "low", "length_m": 1000.0, "cwd_mm": 1510.8, "excl": 0, "a": [19.98347, -155.67684], "b": [19.97456, -155.67765], "sp": {"1": ["ʻUhaloa", "ʻAʻaliʻi", "Naio"], "2": ["ʻŪlei", "ʻĀweoweo", "Koai'a"], "3": ["ʻIlima", "ʻOhai", "Māmane"]}}}, {"type": "Feature", "geometry": {"type": "LineString", "coordinates": [[-155.67765, 19.97456], [-155.67789, 19.9741], [-155.67852, 19.96959], [-155.67988, 19.96585]]}, "properties": {"id": 67, "road": "MAMALAHOA", "elev": "low", "length_m": 1000.0, "cwd_mm": 1607.0, "excl": 0, "a": [19.97456, -155.67765], "b": [19.96585, -155.67988], "sp": {"1": ["ʻUhaloa", "ʻAʻaliʻi", "Naio"], "2": ["ʻŪlei", "ʻĀweoweo", "Koai'a"], "3": ["ʻIlima", "ʻOhai", "Māmane"]}}}, {"type": "Feature", "geometry": {"type": "LineString", "coordinates": [[-155.67988, 19.96585], [-155.68029, 19.96388], [-155.68088, 19.95689]]}, "properties": {"id": 68, "road": "MAMALAHOA", "elev": "low", "length_m": 1000.0, "cwd_mm": 1530.9, "excl": 0, "a": [19.96585, -155.67988], "b": [19.95689, -155.68088], "sp": {"1": ["ʻUhaloa", "ʻAʻaliʻi", "Naio"], "2": ["ʻŪlei", "ʻĀweoweo", "Koai'a"], "3": ["ʻIlima", "ʻOhai", "Māmane"]}}}, {"type": "Feature", "geometry": {"type": "LineString", "coordinates": [[-155.68088, 19.95689], [-155.68092, 19.95639]]}, "properties": {"id": 69, "road": "MAMALAHOA", "elev": "low", "length_m": 55.7, "cwd_mm": 1534.1, "excl": 0, "a": [19.95689, -155.68088], "b": [19.95639, -155.68092], "sp": {"1": ["ʻUhaloa", "ʻAʻaliʻi", "Naio"], "2": ["ʻŪlei", "ʻĀweoweo", "Koai'a"], "3": ["ʻIlima", "ʻOhai", "Māmane"]}}}, {"type": "Feature", "geometry": {"type": "LineString", "coordinates": [[-155.67674, 20.00609], [-155.67728, 20.00144]]}, "properties": {"id": 70, "road": "MAMALAHOA", "elev": "low", "length_m": 517.6, "cwd_mm": 2124.1, "excl": 0, "a": [20.00609, -155.67674], "b": [20.00144, -155.67728], "sp": {"1": ["ʻUhaloa", "ʻAʻaliʻi", "Naio"], "2": ["ʻŪlei", "ʻĀweoweo", "Koa"], "3": ["ʻIlima", "ʻOhai", "Koai'a"]}}}, {"type": "Feature", "geometry": {"type": "LineString", "coordinates": [[-155.67648, 20.00852], [-155.67674, 20.00609]]}, "properties": {"id": 71, "road": "MAMALAHOA", "elev": "low", "length_m": 271.1, "cwd_mm": 1473.2, "excl": 0, "a": [20.00852, -155.67648], "b": [20.00609, -155.67674], "sp": {"1": ["ʻUhaloa", "ʻAʻaliʻi", "Naio"], "2": ["ʻŪlei", "ʻĀweoweo", "Koa"], "3": ["ʻIlima", "ʻOhai", "Koai'a"]}}}, {"type": "Feature", "geometry": {"type": "LineString", "coordinates": [[-155.6762, 20.01083], [-155.67648, 20.00852]]}, "properties": {"id": 72, "road": "MAMALAHOA", "elev": "low", "length_m": 257.6, "cwd_mm": 1430.5, "excl": 0, "a": [20.01083, -155.6762], "b": [20.00852, -155.67648], "sp": {"1": ["ʻUhaloa", "ʻAʻaliʻi", "Naio"], "2": ["ʻŪlei", "ʻĀweoweo", "Koa"], "3": ["ʻIlima", "ʻOhai", "Koai'a"]}}}, {"type": "Feature", "geometry": {"type": "LineString", "coordinates": [[-155.6757, 20.01312], [-155.67597, 20.01266], [-155.6762, 20.01083]]}, "properties": {"id": 73, "road": "MAMALAHOA", "elev": "low", "length_m": 262.8, "cwd_mm": 1244.0, "excl": 0, "a": [20.01312, -155.6757], "b": [20.01083, -155.6762], "sp": {"1": ["ʻUhaloa", "ʻAʻaliʻi", "Naio"], "2": ["ʻŪlei", "ʻĀweoweo", "Koa"], "3": ["ʻIlima", "ʻOhai", "Koai'a"]}}}, {"type": "Feature", "geometry": {"type": "LineString", "coordinates": [[-155.67346, 20.01651], [-155.6757, 20.01312]]}, "properties": {"id": 74, "road": "MAMALAHOA", "elev": "low", "length_m": 442.5, "cwd_mm": 1496.2, "excl": 0, "a": [20.01651, -155.67346], "b": [20.01312, -155.6757], "sp": {"1": ["ʻUhaloa", "ʻAʻaliʻi", "Naio"], "2": ["ʻŪlei", "ʻĀweoweo", "Koa"], "3": ["ʻIlima", "ʻOhai", "Koai'a"]}}}, {"type": "Feature", "geometry": {"type": "LineString", "coordinates": [[-155.49239, 19.716], [-155.49349, 19.71755], [-155.49859, 19.72283]]}, "properties": {"id": 75, "road": "DANIEL K INOUYE", "elev": "high", "length_m": 1000.0, "cwd_mm": 1945.7, "excl": 0, "a": [19.716, -155.49239], "b": [19.72283, -155.49859], "sp": {"1": ["ʻŪlei", "ʻAʻaliʻi", "Naio"], "2": ["ʻIlima", "ʻĀweoweo", "Koa"], "3": ["Kōʻokoʻolau", null, "Māmane"]}}}, {"type": "Feature", "geometry": {"type": "LineString", "coordinates": [[-155.49859, 19.72283], [-155.49958, 19.72388], [-155.5007, 19.72549], [-155.50168, 19.72917], [-155.50283, 19.73072]]}, "properties": {"id": 76, "road": "DANIEL K INOUYE", "elev": "high", "length_m": 1000.0, "cwd_mm": 1992.8, "excl": 0, "a": [19.72283, -155.49859], "b": [19.73072, -155.50283], "sp": {"1": ["ʻŪlei", "ʻAʻaliʻi", "Naio"], "2": ["ʻIlima", "ʻĀweoweo", "Koa"], "3": ["Kōʻokoʻolau", null, "Māmane"]}}}, {"type": "Feature", "geometry": {"type": "LineString", "coordinates": [[-155.50283, 19.73072], [-155.50954, 19.73713]]}, "properties": {"id": 77, "road": "DANIEL K INOUYE", "elev": "high", "length_m": 1000.0, "cwd_mm": 1983.9, "excl": 0, "a": [19.73072, -155.50283], "b": [19.73713, -155.50954], "sp": {"1": ["ʻŪlei", "ʻAʻaliʻi", "Naio"], "2": ["ʻIlima", "ʻĀweoweo", "Koa"], "3": ["Kōʻokoʻolau", null, "Māmane"]}}}, {"type": "Feature", "geometry": {"type": "LineString", "coordinates": [[-155.50954, 19.73713], [-155.5163, 19.7435]]}, "properties": {"id": 78, "road": "DANIEL K INOUYE", "elev": "high", "length_m": 1000.0, "cwd_mm": 1898.3, "excl": 0, "a": [19.73713, -155.50954], "b": [19.7435, -155.5163], "sp": {"1": ["ʻŪlei", "ʻAʻaliʻi", "Naio"], "2": ["ʻIlima", "ʻĀweoweo", "Koa"], "3": ["Kōʻokoʻolau", null, "Māmane"]}}}, {"type": "Feature", "geometry": {"type": "LineString", "coordinates": [[-155.5163, 19.7435], [-155.51819, 19.74459], [-155.52515, 19.74671]]}, "properties": {"id": 79, "road": "DANIEL K INOUYE", "elev": "high", "length_m": 1000.0, "cwd_mm": 2032.4, "excl": 0, "a": [19.7435, -155.5163], "b": [19.74671, -155.52515], "sp": {"1": ["ʻŪlei", "ʻAʻaliʻi", "Naio"], "2": ["ʻIlima", "ʻĀweoweo", "Koa"], "3": ["Kōʻokoʻolau", null, "Māmane"]}}}, {"type": "Feature", "geometry": {"type": "LineString", "coordinates": [[-155.52515, 19.74671], [-155.52594, 19.74701], [-155.52708, 19.74779], [-155.52794, 19.74866], [-155.52853, 19.74963]]}, "properties": {"id": 80, "road": "DANIEL K INOUYE", "elev": "high", "length_m": 493.1, "cwd_mm": 1984.0, "excl": 0, "a": [19.74671, -155.52515], "b": [19.74963, -155.52853], "sp": {"1": ["ʻŪlei", "ʻAʻaliʻi", "Naio"], "2": ["ʻIlima", "ʻĀweoweo", "Koa"], "3": ["Kōʻokoʻolau", null, "Māmane"]}}}, {"type": "Feature", "geometry": {"type": "LineString", "coordinates": [[-155.52853, 19.74963], [-155.52915, 19.75106], [-155.5301, 19.75551], [-155.53111, 19.75731], [-155.53172, 19.758]]}, "properties": {"id": 81, "road": "DANIEL K INOUYE", "elev": "high", "length_m": 1000.0, "cwd_mm": 2055.7, "excl": 0, "a": [19.74963, -155.52853], "b": [19.758, -155.53172], "sp": {"1": ["ʻŪlei", "ʻAʻaliʻi", "Naio"], "2": ["ʻIlima", "ʻĀweoweo", "Koa"], "3": ["Kōʻokoʻolau", null, "Māmane"]}}}, {"type": "Feature", "geometry": {"type": "LineString", "coordinates": [[-155.53172, 19.758], [-155.53213, 19.75844], [-155.53507, 19.76013], [-155.54049, 19.76083]]}, "properties": {"id": 82, "road": "DANIEL K INOUYE", "elev": "high", "length_m": 1000.0, "cwd_mm": 1411.2, "excl": 0, "a": [19.758, -155.53172], "b": [19.76083, -155.54049], "sp": {"1": ["ʻŪlei", "ʻAʻaliʻi", "Naio"], "2": ["ʻIlima", "ʻĀweoweo", "Koa"], "3": ["Kōʻokoʻolau", null, "Māmane"]}}}, {"type": "Feature", "geometry": {"type": "LineString", "coordinates": [[-155.54049, 19.76083], [-155.54519, 19.76144], [-155.54976, 19.76282]]}, "properties": {"id": 83, "road": "DANIEL K INOUYE", "elev": "high", "length_m": 1000.0, "cwd_mm": 1422.7, "excl": 0, "a": [19.76083, -155.54049], "b": [19.76282, -155.54976], "sp": {"1": ["ʻŪlei", "ʻAʻaliʻi", "Naio"], "2": ["ʻIlima", "ʻĀweoweo", "Koa"], "3": ["Kōʻokoʻolau", null, "Māmane"]}}}, {"type": "Feature", "geometry": {"type": "LineString", "coordinates": [[-155.54976, 19.76282], [-155.55332, 19.76356], [-155.55915, 19.76432]]}, "properties": {"id": 84, "road": "DANIEL K INOUYE", "elev": "high", "length_m": 1000.0, "cwd_mm": 1433.2, "excl": 0, "a": [19.76282, -155.54976], "b": [19.76432, -155.55915], "sp": {"1": ["ʻŪlei", "ʻAʻaliʻi", "Naio"], "2": ["ʻIlima", "ʻĀweoweo", "Koa"], "3": ["Kōʻokoʻolau", null, "Māmane"]}}}, {"type": "Feature", "geometry": {"type": "LineString", "coordinates": [[-155.55915, 19.76432], [-155.5686, 19.76555]]}, "properties": {"id": 85, "road": "DANIEL K INOUYE", "elev": "high", "length_m": 1000.0, "cwd_mm": 1415.1, "excl": 0, "a": [19.76432, -155.55915], "b": [19.76555, -155.5686], "sp": {"1": ["ʻŪlei", "ʻAʻaliʻi", "Naio"], "2": ["ʻIlima", "ʻĀweoweo", "Koa"], "3": ["Kōʻokoʻolau", null, "Māmane"]}}}, {"type": "Feature", "geometry": {"type": "LineString", "coordinates": [[-155.5686, 19.76555], [-155.57805, 19.76673]]}, "properties": {"id": 86, "road": "DANIEL K INOUYE", "elev": "high", "length_m": 1000.0, "cwd_mm": 1383.2, "excl": 0, "a": [19.76555, -155.5686], "b": [19.76673, -155.57805], "sp": {"1": ["ʻŪlei", "ʻAʻaliʻi", "Naio"], "2": ["ʻIlima", "ʻĀweoweo", "Koa"], "3": ["Kōʻokoʻolau", null, "Māmane"]}}}, {"type": "Feature", "geometry": {"type": "LineString", "coordinates": [[-155.57805, 19.76673], [-155.58136, 19.76721], [-155.58343, 19.76799], [-155.58493, 19.76894], [-155.58649, 19.77035]]}, "properties": {"id": 87, "road": "DANIEL K INOUYE", "elev": "high", "length_m": 1000.0, "cwd_mm": 1323.5, "excl": 0, "a": [19.76673, -155.57805], "b": [19.77035, -155.58649], "sp": {"1": ["ʻŪlei", "ʻAʻaliʻi", "Naio"], "2": ["ʻIlima", "ʻĀweoweo", "Koa"], "3": ["Kōʻokoʻolau", null, "Māmane"]}}}, {"type": "Feature", "geometry": {"type": "LineString", "coordinates": [[-155.58649, 19.77035], [-155.59367, 19.7763]]}, "properties": {"id": 88, "road": "DANIEL K INOUYE", "elev": "high", "length_m": 1000.0, "cwd_mm": 1389.8, "excl": 0, "a": [19.77035, -155.58649], "b": [19.7763, -155.59367], "sp": {"1": ["ʻŪlei", "ʻAʻaliʻi", "Naio"], "2": ["ʻIlima", "ʻĀweoweo", "Koa"], "3": ["Kōʻokoʻolau", null, "Māmane"]}}}, {"type": "Feature", "geometry": {"type": "LineString", "coordinates": [[-155.59367, 19.7763], [-155.59521, 19.77744], [-155.59696, 19.77826], [-155.60247, 19.7793]]}, "properties": {"id": 89, "road": "DANIEL K INOUYE", "elev": "high", "length_m": 1000.0, "cwd_mm": 1256.0, "excl": 0, "a": [19.7763, -155.59367], "b": [19.7793, -155.60247], "sp": {"1": ["ʻŪlei", "ʻAʻaliʻi", "Naio"], "2": ["ʻIlima", "ʻĀweoweo", "Koa"], "3": ["Kōʻokoʻolau", null, "Māmane"]}}}, {"type": "Feature", "geometry": {"type": "LineString", "coordinates": [[-155.60247, 19.7793], [-155.61187, 19.78081]]}, "properties": {"id": 90, "road": "DANIEL K INOUYE", "elev": "high", "length_m": 1000.0, "cwd_mm": 1253.3, "excl": 0, "a": [19.7793, -155.60247], "b": [19.78081, -155.61187], "sp": {"1": ["ʻŪlei", "ʻAʻaliʻi", "Naio"], "2": ["ʻIlima", "ʻĀweoweo", "Koa"], "3": ["Kōʻokoʻolau", null, "Māmane"]}}}, {"type": "Feature", "geometry": {"type": "LineString", "coordinates": [[-155.61187, 19.78081], [-155.61356, 19.78119], [-155.61587, 19.7823], [-155.61688, 19.78304], [-155.61962, 19.7857]]}, "properties": {"id": 91, "road": "DANIEL K INOUYE", "elev": "high", "length_m": 1000.0, "cwd_mm": 1060.4, "excl": 0, "a": [19.78081, -155.61187], "b": [19.7857, -155.61962], "sp": {"1": ["ʻŪlei", "ʻAʻaliʻi", "Naio"], "2": ["ʻIlima", "ʻĀweoweo", "Koa"], "3": ["Kōʻokoʻolau", null, "Māmane"]}}}, {"type": "Feature", "geometry": {"type": "LineString", "coordinates": [[-155.61962, 19.7857], [-155.62607, 19.79203]]}, "properties": {"id": 92, "road": "DANIEL K INOUYE", "elev": "high", "length_m": 975.1, "cwd_mm": 1020.5, "excl": 0, "a": [19.7857, -155.61962], "b": [19.79203, -155.62607], "sp": {"1": ["ʻŪlei", "ʻAʻaliʻi", "Naio"], "2": ["ʻIlima", "ʻĀweoweo", "Koa"], "3": ["Kōʻokoʻolau", null, "Māmane"]}}}, {"type": "Feature", "geometry": {"type": "LineString", "coordinates": [[-155.48137, 19.69258], [-155.48208, 19.69321], [-155.48302, 19.69489], [-155.48357, 19.69733], [-155.48382, 19.70104]]}, "properties": {"id": 93, "road": "DANIEL K INOUYE", "elev": "high", "length_m": 1000.0, "cwd_mm": 1683.3, "excl": 0, "a": [19.69258, -155.48137], "b": [19.70104, -155.48382], "sp": {"1": ["ʻŪlei", "ʻAʻaliʻi", "Naio"], "2": ["ʻIlima", "ʻĀweoweo", "Koa"], "3": ["Kōʻokoʻolau", null, "Māmane"]}}}, {"type": "Feature", "geometry": {"type": "LineString", "coordinates": [[-155.48382, 19.70104], [-155.48395, 19.70316], [-155.48436, 19.70614]]}, "properties": {"id": 94, "road": "DANIEL K INOUYE", "elev": "high", "length_m": 567.9, "cwd_mm": 1697.1, "excl": 0, "a": [19.70104, -155.48382], "b": [19.70614, -155.48436], "sp": {"1": ["ʻŪlei", "ʻAʻaliʻi", "Naio"], "2": ["ʻIlima", "ʻĀweoweo", "Koa"], "3": ["Kōʻokoʻolau", null, "Māmane"]}}}, {"type": "Feature", "geometry": {"type": "LineString", "coordinates": [[-155.48436, 19.70614], [-155.48518, 19.70754], [-155.48746, 19.70967], [-155.49028, 19.71316]]}, "properties": {"id": 95, "road": "DANIEL K INOUYE", "elev": "high", "length_m": 1000.0, "cwd_mm": 1722.8, "excl": 0, "a": [19.70614, -155.48436], "b": [19.71316, -155.49028], "sp": {"1": ["ʻŪlei", "ʻAʻaliʻi", "Naio"], "2": ["ʻIlima", "ʻĀweoweo", "Koa"], "3": ["Kōʻokoʻolau", null, "Māmane"]}}}, {"type": "Feature", "geometry": {"type": "LineString", "coordinates": [[-155.49028, 19.71316], [-155.49239, 19.716]]}, "properties": {"id": 96, "road": "DANIEL K INOUYE", "elev": "high", "length_m": 384.3, "cwd_mm": 1905.5, "excl": 0, "a": [19.71316, -155.49028], "b": [19.716, -155.49239], "sp": {"1": ["ʻŪlei", "ʻAʻaliʻi", "Naio"], "2": ["ʻIlima", "ʻĀweoweo", "Koa"], "3": ["Kōʻokoʻolau", null, "Māmane"]}}}, {"type": "Feature", "geometry": {"type": "LineString", "coordinates": [[-155.84316, 19.81169], [-155.84232, 19.81078], [-155.84235, 19.81029], [-155.84211, 19.80961], [-155.84178, 19.80924], [-155.84073, 19.80874], [-155.84041, 19.80802], [-155.84057, 19.80744], [-155.84115, 19.8069], [-155.84369, 19.80541]]}, "properties": {"id": 97, "road": "HAWAII BELT", "elev": "low", "length_m": 1000.0, "cwd_mm": 1329.3, "excl": 0, "a": [19.81169, -155.84316], "b": [19.80541, -155.84369], "sp": {"1": ["ʻUhaloa", "ʻAʻaliʻi", "Naio"], "2": ["ʻŪlei", "ʻĀweoweo", "Alaheʻe"], "3": ["ʻIlima", "ʻOhai", "Koa"]}}}, {"type": "Feature", "geometry": {"type": "LineString", "coordinates": [[-155.84369, 19.80541], [-155.84437, 19.80507], [-155.84996, 19.80045], [-155.85113, 19.79985]]}, "properties": {"id": 98, "road": "HAWAII BELT", "elev": "low", "length_m": 1000.0, "cwd_mm": 1324.7, "excl": 0, "a": [19.80541, -155.84369], "b": [19.79985, -155.85113], "sp": {"1": ["ʻUhaloa", "ʻAʻaliʻi", "Naio"], "2": ["ʻŪlei", "ʻĀweoweo", "Alaheʻe"], "3": ["ʻIlima", "ʻOhai", "Koa"]}}}, {"type": "Feature", "geometry": {"type": "LineString", "coordinates": [[-155.85113, 19.79985], [-155.85477, 19.79893], [-155.86024, 19.79719]]}, "properties": {"id": 99, "road": "HAWAII BELT", "elev": "low", "length_m": 1000.0, "cwd_mm": 1309.0, "excl": 0, "a": [19.79985, -155.85113], "b": [19.79719, -155.86024], "sp": {"1": ["ʻUhaloa", "ʻAʻaliʻi", "Naio"], "2": ["ʻŪlei", "ʻĀweoweo", "Alaheʻe"], "3": ["ʻIlima", "ʻOhai", "Koa"]}}}, {"type": "Feature", "geometry": {"type": "LineString", "coordinates": [[-155.86024, 19.79719], [-155.86924, 19.79419]]}, "properties": {"id": 100, "road": "HAWAII BELT", "elev": "low", "length_m": 1000.0, "cwd_mm": 1296.8, "excl": 0, "a": [19.79719, -155.86024], "b": [19.79419, -155.86924], "sp": {"1": ["ʻUhaloa", "ʻAʻaliʻi", "Naio"], "2": ["ʻŪlei", "ʻĀweoweo", "Alaheʻe"], "3": ["ʻIlima", "ʻOhai", "Koa"]}}}, {"type": "Feature", "geometry": {"type": "LineString", "coordinates": [[-155.86924, 19.79419], [-155.87826, 19.79126]]}, "properties": {"id": 101, "road": "HAWAII BELT", "elev": "low", "length_m": 1000.0, "cwd_mm": 1123.4, "excl": 0, "a": [19.79419, -155.86924], "b": [19.79126, -155.87826], "sp": {"1": ["ʻUhaloa", "ʻAʻaliʻi", "Naio"], "2": ["ʻŪlei", "ʻĀweoweo", "Alaheʻe"], "3": ["ʻIlima", "ʻOhai", "Koa"]}}}, {"type": "Feature", "geometry": {"type": "LineString", "coordinates": [[-155.87826, 19.79126], [-155.88734, 19.78851]]}, "properties": {"id": 102, "road": "HAWAII BELT", "elev": "low", "length_m": 1000.0, "cwd_mm": 1210.3, "excl": 0, "a": [19.79126, -155.87826], "b": [19.78851, -155.88734], "sp": {"1": ["ʻUhaloa", "ʻAʻaliʻi", "Naio"], "2": ["ʻŪlei", "ʻĀweoweo", "Alaheʻe"], "3": ["ʻIlima", "ʻOhai", "Koa"]}}}, {"type": "Feature", "geometry": {"type": "LineString", "coordinates": [[-155.88734, 19.78851], [-155.89642, 19.78575]]}, "properties": {"id": 103, "road": "HAWAII BELT", "elev": "low", "length_m": 1000.0, "cwd_mm": 1175.0, "excl": 0, "a": [19.78851, -155.88734], "b": [19.78575, -155.89642], "sp": {"1": ["ʻUhaloa", "ʻAʻaliʻi", "Naio"], "2": ["ʻŪlei", "ʻĀweoweo", "Alaheʻe"], "3": ["ʻIlima", "ʻOhai", "Koa"]}}}, {"type": "Feature", "geometry": {"type": "LineString", "coordinates": [[-155.89642, 19.78575], [-155.89824, 19.7852], [-155.90523, 19.78233]]}, "properties": {"id": 104, "road": "HAWAII BELT", "elev": "low", "length_m": 1000.0, "cwd_mm": 1149.9, "excl": 0, "a": [19.78575, -155.89642], "b": [19.78233, -155.90523], "sp": {"1": ["ʻUhaloa", "ʻAʻaliʻi", "Naio"], "2": ["ʻŪlei", "ʻĀweoweo", "Alaheʻe"], "3": ["ʻIlima", "ʻOhai", "Koa"]}}}, {"type": "Feature", "geometry": {"type": "LineString", "coordinates": [[-155.90523, 19.78233], [-155.90992, 19.78067], [-155.91371, 19.77832]]}, "properties": {"id": 105, "road": "HAWAII BELT", "elev": "low", "length_m": 1000.0, "cwd_mm": 1044.8, "excl": 0, "a": [19.78233, -155.90523], "b": [19.77832, -155.91371], "sp": {"1": ["ʻUhaloa", "ʻAʻaliʻi", "Naio"], "2": ["ʻŪlei", "ʻOhai", "Alaheʻe"], "3": ["ʻIlima", "ʻĀweoweo", "Koa"]}}}, {"type": "Feature", "geometry": {"type": "LineString", "coordinates": [[-155.91371, 19.77832], [-155.91704, 19.77618]]}, "properties": {"id": 106, "road": "HAWAII BELT", "elev": "low", "length_m": 422.3, "cwd_mm": 881.1, "excl": 1, "a": [19.77832, -155.91371], "b": [19.77618, -155.91704], "sp": {"1": ["ʻUhaloa", "ʻAʻaliʻi", "Naio"], "2": ["ʻŪlei", "ʻOhai", "Alaheʻe"], "3": ["ʻIlima", "ʻĀweoweo", "Koa"]}}}, {"type": "Feature", "geometry": {"type": "LineString", "coordinates": [[-155.84395, 19.81358], [-155.84358, 19.81218], [-155.84316, 19.81169]]}, "properties": {"id": 107, "road": "HAWAII BELT", "elev": "low", "length_m": 230.9, "cwd_mm": 1219.8, "excl": 0, "a": [19.81358, -155.84395], "b": [19.81169, -155.84316], "sp": {"1": ["ʻUhaloa", "ʻAʻaliʻi", "Naio"], "2": ["ʻŪlei", "ʻĀweoweo", "Alaheʻe"], "3": ["ʻIlima", "ʻOhai", "Koa"]}}}, {"type": "Feature", "geometry": {"type": "LineString", "coordinates": [[-155.87808, 19.90887], [-155.88548, 19.90317]]}, "properties": {"id": 108, "road": "QUEEN KAAHUMANU", "elev": "low", "length_m": 1000.0, "cwd_mm": 2007.6, "excl": 1, "a": [19.90887, -155.87808], "b": [19.90317, -155.88548], "sp": {"1": ["ʻUhaloa", "ʻAʻaliʻi", "Naio"], "2": ["ʻIlima", "ʻOhai", null], "3": [null, null, null]}}}, {"type": "Feature", "geometry": {"type": "LineString", "coordinates": [[-155.88548, 19.90317], [-155.88773, 19.90124], [-155.89033, 19.89844]]}, "properties": {"id": 109, "road": "QUEEN KAAHUMANU", "elev": "low", "length_m": 730.7, "cwd_mm": 2025.3, "excl": 1, "a": [19.90317, -155.88548], "b": [19.89844, -155.89033], "sp": {"1": ["ʻUhaloa", "ʻAʻaliʻi", "Naio"], "2": ["ʻIlima", "ʻOhai", null], "3": [null, null, null]}}}, {"type": "Feature", "geometry": {"type": "LineString", "coordinates": [[-155.91704, 19.77618], [-155.9185, 19.77562], [-155.92261, 19.77477], [-155.924, 19.77422], [-155.92578, 19.77294]]}, "properties": {"id": 110, "road": "HAWAII BELT", "elev": "low", "length_m": 1000.0, "cwd_mm": 1130.2, "excl": 1, "a": [19.77618, -155.91704], "b": [19.77294, -155.92578], "sp": {"1": ["ʻUhaloa", "ʻAʻaliʻi", "Naio"], "2": ["ʻŪlei", "ʻOhai", "Alaheʻe"], "3": ["ʻIlima", "ʻĀweoweo", "Koa"]}}}, {"type": "Feature", "geometry": {"type": "LineString", "coordinates": [[-155.92578, 19.77294], [-155.92748, 19.77159], [-155.93089, 19.77011], [-155.93259, 19.76869], [-155.93382, 19.76834]]}, "properties": {"id": 111, "road": "HAWAII BELT", "elev": "low", "length_m": 1000.0, "cwd_mm": 872.0, "excl": 1, "a": [19.77294, -155.92578], "b": [19.76834, -155.93382], "sp": {"1": ["ʻUhaloa", "ʻAʻaliʻi", "Naio"], "2": ["ʻŪlei", "ʻOhai", "Koai'a"], "3": ["ʻIlima", null, null]}}}, {"type": "Feature", "geometry": {"type": "LineString", "coordinates": [[-155.93382, 19.76834], [-155.93578, 19.76804], [-155.93899, 19.76661], [-155.94287, 19.76571]]}, "properties": {"id": 112, "road": "HAWAII BELT", "elev": "low", "length_m": 1000.0, "cwd_mm": 1335.2, "excl": 0, "a": [19.76834, -155.93382], "b": [19.76571, -155.94287], "sp": {"1": ["ʻUhaloa", "ʻAʻaliʻi", "Naio"], "2": ["ʻŪlei", "ʻĀweoweo", "Alaheʻe"], "3": ["ʻIlima", "ʻOhai", "Koa"]}}}, {"type": "Feature", "geometry": {"type": "LineString", "coordinates": [[-155.94287, 19.76571], [-155.95212, 19.76351]]}, "properties": {"id": 113, "road": "HAWAII BELT", "elev": "low", "length_m": 1000.0, "cwd_mm": 1288.3, "excl": 0, "a": [19.76571, -155.94287], "b": [19.76351, -155.95212], "sp": {"1": ["ʻUhaloa", "ʻAʻaliʻi", "Naio"], "2": ["ʻŪlei", "ʻĀweoweo", "Alaheʻe"], "3": ["ʻIlima", "Mamaki", "Koa"]}}}, {"type": "Feature", "geometry": {"type": "LineString", "coordinates": [[-155.95212, 19.76351], [-155.95898, 19.76184], [-155.95995, 19.7615], [-155.96114, 19.76078]]}, "properties": {"id": 114, "road": "HAWAII BELT", "elev": "low", "length_m": 1000.0, "cwd_mm": 1140.1, "excl": 0, "a": [19.76351, -155.95212], "b": [19.76078, -155.96114], "sp": {"1": ["ʻUhaloa", "ʻAʻaliʻi", "Naio"], "2": ["ʻŪlei", "ʻĀweoweo", "Alaheʻe"], "3": ["ʻIlima", "Mamaki", "Koa"]}}}, {"type": "Feature", "geometry": {"type": "LineString", "coordinates": [[-155.96114, 19.76078], [-155.96498, 19.75718], [-155.96602, 19.75639], [-155.96752, 19.75562], [-155.96857, 19.75538]]}, "properties": {"id": 115, "road": "HAWAII BELT", "elev": "low", "length_m": 1000.0, "cwd_mm": 1363.5, "excl": 0, "a": [19.76078, -155.96114], "b": [19.75538, -155.96857], "sp": {"1": ["ʻUhaloa", "ʻAʻaliʻi", "Naio"], "2": ["ʻŪlei", "ʻĀweoweo", "Alaheʻe"], "3": ["ʻIlima", "Mamaki", "Koa"]}}}, {"type": "Feature", "geometry": {"type": "LineString", "coordinates": [[-155.96857, 19.75538], [-155.96999, 19.75497]]}, "properties": {"id": 116, "road": "HAWAII BELT", "elev": "low", "length_m": 156.3, "cwd_mm": 1383.2, "excl": 0, "a": [19.75538, -155.96857], "b": [19.75497, -155.96999], "sp": {"1": ["ʻUhaloa", "ʻAʻaliʻi", "Naio"], "2": ["ʻŪlei", "ʻĀweoweo", "Alaheʻe"], "3": ["ʻIlima", "Mamaki", "Koa"]}}}, {"type": "Feature", "geometry": {"type": "LineString", "coordinates": [[-155.89033, 19.89844], [-155.89237, 19.89602], [-155.89452, 19.89291], [-155.89558, 19.89095]]}, "properties": {"id": 117, "road": "QUEEN KAAHUMANU", "elev": "low", "length_m": 1000.0, "cwd_mm": 1993.6, "excl": 1, "a": [19.89844, -155.89033], "b": [19.89095, -155.89558], "sp": {"1": ["ʻUhaloa", "ʻAʻaliʻi", "Naio"], "2": ["ʻIlima", "ʻOhai", null], "3": [null, null, null]}}}, {"type": "Feature", "geometry": {"type": "LineString", "coordinates": [[-155.89558, 19.89095], [-155.89789, 19.88586], [-155.89904, 19.88255]]}, "properties": {"id": 118, "road": "QUEEN KAAHUMANU", "elev": "low", "length_m": 1000.0, "cwd_mm": 1981.9, "excl": 1, "a": [19.89095, -155.89558], "b": [19.88255, -155.89904], "sp": {"1": ["ʻUhaloa", "ʻAʻaliʻi", "Naio"], "2": ["ʻIlima", "ʻOhai", null], "3": [null, "ʻĀweoweo", null]}}}, {"type": "Feature", "geometry": {"type": "LineString", "coordinates": [[-155.89904, 19.88255], [-155.90272, 19.87422]]}, "properties": {"id": 119, "road": "QUEEN KAAHUMANU", "elev": "low", "length_m": 1000.0, "cwd_mm": 1886.3, "excl": 1, "a": [19.88255, -155.89904], "b": [19.87422, -155.90272], "sp": {"1": ["ʻUhaloa", "ʻAʻaliʻi", "Naio"], "2": ["ʻIlima", "ʻĀweoweo", null], "3": [null, "ʻOhai", null]}}}, {"type": "Feature", "geometry": {"type": "LineString", "coordinates": [[-155.90272, 19.87422], [-155.9066, 19.86597]]}, "properties": {"id": 120, "road": "QUEEN KAAHUMANU", "elev": "low", "length_m": 1000.0, "cwd_mm": 1834.4, "excl": 1, "a": [19.87422, -155.90272], "b": [19.86597, -155.9066], "sp": {"1": ["ʻUhaloa", "ʻAʻaliʻi", "Naio"], "2": ["ʻIlima", "ʻOhai", null], "3": [null, null, null]}}}, {"type": "Feature", "geometry": {"type": "LineString", "coordinates": [[-155.9066, 19.86597], [-155.91053, 19.85775]]}, "properties": {"id": 121, "road": "QUEEN KAAHUMANU", "elev": "low", "length_m": 1000.0, "cwd_mm": 1779.9, "excl": 0, "a": [19.86597, -155.9066], "b": [19.85775, -155.91053], "sp": {"1": ["ʻUhaloa", "ʻAʻaliʻi", "Naio"], "2": ["ʻIlima", "ʻOhai", null], "3": [null, "ʻĀweoweo", null]}}}, {"type": "Feature", "geometry": {"type": "LineString", "coordinates": [[-155.91053, 19.85775], [-155.91315, 19.85217], [-155.91475, 19.84968]]}, "properties": {"id": 122, "road": "QUEEN KAAHUMANU", "elev": "low", "length_m": 1000.0, "cwd_mm": 2303.1, "excl": 0, "a": [19.85775, -155.91053], "b": [19.84968, -155.91475], "sp": {"1": ["ʻUhaloa", "ʻAʻaliʻi", "Naio"], "2": ["ʻIlima", "ʻĀweoweo", null], "3": [null, "ʻOhai", null]}}}, {"type": "Feature", "geometry": {"type": "LineString", "coordinates": [[-155.91475, 19.84968], [-155.91785, 19.84532], [-155.92079, 19.84276]]}, "properties": {"id": 123, "road": "QUEEN KAAHUMANU", "elev": "low", "length_m": 1000.0, "cwd_mm": 2156.3, "excl": 0, "a": [19.84968, -155.91475], "b": [19.84276, -155.92079], "sp": {"1": ["ʻUhaloa", "ʻAʻaliʻi", "Naio"], "2": ["ʻIlima", "ʻOhai", null], "3": [null, "ʻĀweoweo", null]}}}, {"type": "Feature", "geometry": {"type": "LineString", "coordinates": [[-155.92079, 19.84276], [-155.9224, 19.84137], [-155.92861, 19.83764]]}, "properties": {"id": 124, "road": "QUEEN KAAHUMANU", "elev": "low", "length_m": 1000.0, "cwd_mm": 1908.5, "excl": 1, "a": [19.84276, -155.92079], "b": [19.83764, -155.92861], "sp": {"1": ["ʻUhaloa", "ʻAʻaliʻi", "Naio"], "2": ["ʻIlima", "ʻOhai", null], "3": [null, null, null]}}}, {"type": "Feature", "geometry": {"type": "LineString", "coordinates": [[-155.92861, 19.83764], [-155.93673, 19.83291]]}, "properties": {"id": 125, "road": "QUEEN KAAHUMANU", "elev": "low", "length_m": 1000.0, "cwd_mm": 1628.2, "excl": 1, "a": [19.83764, -155.92861], "b": [19.83291, -155.93673], "sp": {"1": ["ʻUhaloa", "ʻAʻaliʻi", "Naio"], "2": ["ʻIlima", "ʻOhai", null], "3": [null, null, null]}}}, {"type": "Feature", "geometry": {"type": "LineString", "coordinates": [[-155.93673, 19.83291], [-155.94491, 19.82826]]}, "properties": {"id": 126, "road": "QUEEN KAAHUMANU", "elev": "low", "length_m": 1000.0, "cwd_mm": 1573.9, "excl": 1, "a": [19.83291, -155.93673], "b": [19.82826, -155.94491], "sp": {"1": ["ʻUhaloa", "ʻAʻaliʻi", "Naio"], "2": ["ʻIlima", "ʻOhai", null], "3": [null, null, null]}}}, {"type": "Feature", "geometry": {"type": "LineString", "coordinates": [[-155.94491, 19.82826], [-155.95152, 19.82453]]}, "properties": {"id": 127, "road": "QUEEN KAAHUMANU", "elev": "low", "length_m": 807.1, "cwd_mm": 1541.8, "excl": 1, "a": [19.82826, -155.94491], "b": [19.82453, -155.95152], "sp": {"1": ["ʻUhaloa", "ʻAʻaliʻi", "Naio"], "2": ["ʻIlima", "ʻOhai", null], "3": [null, null, null]}}}, {"type": "Feature", "geometry": {"type": "LineString", "coordinates": [[-155.8398, 19.81794], [-155.84288, 19.81594], [-155.84385, 19.81417], [-155.84395, 19.81358]]}, "properties": {"id": 128, "road": "HAWAII BELT", "elev": "low", "length_m": 680.6, "cwd_mm": 1153.7, "excl": 0, "a": [19.81794, -155.8398], "b": [19.81358, -155.84395], "sp": {"1": ["ʻUhaloa", "ʻAʻaliʻi", "Naio"], "2": ["ʻŪlei", "ʻĀweoweo", "Alaheʻe"], "3": ["ʻIlima", "ʻOhai", "Koa"]}}}, {"type": "Feature", "geometry": {"type": "LineString", "coordinates": [[-155.83615, 19.82004], [-155.8398, 19.81794]]}, "properties": {"id": 129, "road": "HAWAII BELT", "elev": "low", "length_m": 447.5, "cwd_mm": 1076.2, "excl": 0, "a": [19.82004, -155.83615], "b": [19.81794, -155.8398], "sp": {"1": ["ʻUhaloa", "ʻAʻaliʻi", "Naio"], "2": ["ʻŪlei", "ʻĀweoweo", "Alaheʻe"], "3": ["ʻIlima", "ʻOhai", "Koa"]}}}, {"type": "Feature", "geometry": {"type": "LineString", "coordinates": [[-155.87313, 19.91259], [-155.87808, 19.90887]]}, "properties": {"id": 130, "road": "QUEEN KAAHUMANU", "elev": "low", "length_m": 663.3, "cwd_mm": 1925.7, "excl": 1, "a": [19.91259, -155.87313], "b": [19.90887, -155.87808], "sp": {"1": ["ʻUhaloa", "ʻAʻaliʻi", "Naio"], "2": ["ʻIlima", "ʻOhai", null], "3": [null, null, null]}}}, {"type": "Feature", "geometry": {"type": "LineString", "coordinates": [[-155.83501, 19.82069], [-155.83615, 19.82004]]}, "properties": {"id": 131, "road": "HAWAII BELT", "elev": "low", "length_m": 139.7, "cwd_mm": 1033.6, "excl": 0, "a": [19.82069, -155.83501], "b": [19.82004, -155.83615], "sp": {"1": ["ʻUhaloa", "ʻAʻaliʻi", "Naio"], "2": ["ʻŪlei", "ʻĀweoweo", "Alaheʻe"], "3": ["ʻIlima", "ʻOhai", "Koa"]}}}, {"type": "Feature", "geometry": {"type": "LineString", "coordinates": [[-155.81896, 19.82873], [-155.82738, 19.82449]]}, "properties": {"id": 132, "road": "HAWAII BELT", "elev": "low", "length_m": 1000.0, "cwd_mm": 1315.3, "excl": 1, "a": [19.82873, -155.81896], "b": [19.82449, -155.82738], "sp": {"1": ["ʻUhaloa", "ʻAʻaliʻi", "Naio"], "2": ["ʻŪlei", "ʻOhai", "Alaheʻe"], "3": ["ʻIlima", "ʻĀweoweo", "Koa"]}}}, {"type": "Feature", "geometry": {"type": "LineString", "coordinates": [[-155.82738, 19.82449], [-155.83501, 19.82069]]}, "properties": {"id": 133, "road": "HAWAII BELT", "elev": "low", "length_m": 903.6, "cwd_mm": 1294.2, "excl": 0, "a": [19.82449, -155.82738], "b": [19.82069, -155.83501], "sp": {"1": ["ʻUhaloa", "ʻAʻaliʻi", "Naio"], "2": ["ʻŪlei", "ʻĀweoweo", "Alaheʻe"], "3": ["ʻIlima", "ʻOhai", "Koa"]}}}, {"type": "Feature", "geometry": {"type": "LineString", "coordinates": [[-155.86057, 19.9219], [-155.86808, 19.91633]]}, "properties": {"id": 134, "road": "QUEEN KAAHUMANU", "elev": "low", "length_m": 1000.0, "cwd_mm": 1924.5, "excl": 1, "a": [19.9219, -155.86057], "b": [19.91633, -155.86808], "sp": {"1": ["ʻUhaloa", "ʻAʻaliʻi", "Naio"], "2": ["ʻIlima", "ʻOhai", null], "3": [null, null, null]}}}, {"type": "Feature", "geometry": {"type": "LineString", "coordinates": [[-155.86808, 19.91633], [-155.87313, 19.91259]]}, "properties": {"id": 135, "road": "QUEEN KAAHUMANU", "elev": "low", "length_m": 671.3, "cwd_mm": 1939.5, "excl": 1, "a": [19.91633, -155.86808], "b": [19.91259, -155.87313], "sp": {"1": ["ʻUhaloa", "ʻAʻaliʻi", "Naio"], "2": ["ʻIlima", "ʻOhai", null], "3": [null, null, null]}}}, {"type": "Feature", "geometry": {"type": "LineString", "coordinates": [[-155.86037, 19.92205], [-155.86057, 19.9219]]}, "properties": {"id": 136, "road": "QUEEN KAAHUMANU", "elev": "low", "length_m": 27.5, "cwd_mm": 1925.6, "excl": 1, "a": [19.92205, -155.86037], "b": [19.9219, -155.86057], "sp": {"1": ["ʻUhaloa", "ʻAʻaliʻi", "Naio"], "2": ["ʻIlima", "ʻOhai", null], "3": [null, null, null]}}}, {"type": "Feature", "geometry": {"type": "LineString", "coordinates": [[-155.84893, 19.93073], [-155.85638, 19.92508]]}, "properties": {"id": 137, "road": "QUEEN KAAHUMANU", "elev": "low", "length_m": 1000.0, "cwd_mm": 1929.7, "excl": 1, "a": [19.93073, -155.84893], "b": [19.92508, -155.85638], "sp": {"1": ["ʻUhaloa", "ʻAʻaliʻi", "Naio"], "2": ["ʻIlima", "ʻOhai", null], "3": [null, null, null]}}}, {"type": "Feature", "geometry": {"type": "LineString", "coordinates": [[-155.85638, 19.92508], [-155.86037, 19.92205]]}, "properties": {"id": 138, "road": "QUEEN KAAHUMANU", "elev": "low", "length_m": 536.0, "cwd_mm": 1147.3, "excl": 1, "a": [19.92508, -155.85638], "b": [19.92205, -155.86037], "sp": {"1": ["ʻUhaloa", "ʻAʻaliʻi", "Naio"], "2": ["ʻIlima", "ʻOhai", null], "3": [null, null, null]}}}, {"type": "Feature", "geometry": {"type": "LineString", "coordinates": [[-155.84346, 19.93505], [-155.84893, 19.93073]]}, "properties": {"id": 139, "road": "QUEEN KAAHUMANU", "elev": "low", "length_m": 746.8, "cwd_mm": 1914.9, "excl": 1, "a": [19.93505, -155.84346], "b": [19.93073, -155.84893], "sp": {"1": ["ʻUhaloa", "ʻAʻaliʻi", "Naio"], "2": ["ʻIlima", "ʻOhai", null], "3": [null, null, null]}}}, {"type": "Feature", "geometry": {"type": "LineString", "coordinates": [[-155.99104, 19.80693], [-155.99802, 19.80078]]}, "properties": {"id": 140, "road": "QUEEN KAAHUMANU", "elev": "low", "length_m": 1000.0, "cwd_mm": 1690.1, "excl": 1, "a": [19.80693, -155.99104], "b": [19.80078, -155.99802], "sp": {"1": ["ʻUhaloa", "ʻAʻaliʻi", "Naio"], "2": ["ʻIlima", "ʻOhai", null], "3": [null, null, null]}}}, {"type": "Feature", "geometry": {"type": "LineString", "coordinates": [[-155.99802, 19.80078], [-156.00255, 19.79623], [-156.00445, 19.79411]]}, "properties": {"id": 141, "road": "QUEEN KAAHUMANU", "elev": "low", "length_m": 1000.0, "cwd_mm": 1680.1, "excl": 1, "a": [19.80078, -155.99802], "b": [19.79411, -156.00445], "sp": {"1": ["ʻUhaloa", "ʻAʻaliʻi", "Naio"], "2": ["ʻIlima", "ʻOhai", null], "3": [null, null, null]}}}, {"type": "Feature", "geometry": {"type": "LineString", "coordinates": [[-156.00445, 19.79411], [-156.00499, 19.79347]]}, "properties": {"id": 142, "road": "QUEEN KAAHUMANU", "elev": "low", "length_m": 91.6, "cwd_mm": 1679.0, "excl": 1, "a": [19.79411, -156.00445], "b": [19.79347, -156.00499], "sp": {"1": ["ʻUhaloa", "ʻAʻaliʻi", "Naio"], "2": ["ʻIlima", "ʻOhai", null], "3": [null, null, null]}}}, {"type": "Feature", "geometry": {"type": "LineString", "coordinates": [[-156.02297, 19.76686], [-156.0238, 19.76467]]}, "properties": {"id": 143, "road": "QUEEN KAAHUMANU", "elev": "low", "length_m": 257.8, "cwd_mm": 1521.0, "excl": 1, "a": [19.76686, -156.02297], "b": [19.76467, -156.0238], "sp": {"1": ["ʻUhaloa", "ʻAʻaliʻi", "Naio"], "2": ["ʻIlima", "ʻOhai", null], "3": [null, null, null]}}}, {"type": "Feature", "geometry": {"type": "LineString", "coordinates": [[-156.00499, 19.79347], [-156.00953, 19.78803], [-156.01075, 19.78628]]}, "properties": {"id": 144, "road": "QUEEN KAAHUMANU", "elev": "low", "length_m": 1000.0, "cwd_mm": 1902.7, "excl": 1, "a": [19.79347, -156.00499], "b": [19.78628, -156.01075], "sp": {"1": ["ʻUhaloa", "ʻAʻaliʻi", "Naio"], "2": ["ʻIlima", "ʻOhai", null], "3": [null, null, null]}}}, {"type": "Feature", "geometry": {"type": "LineString", "coordinates": [[-156.01075, 19.78628], [-156.01605, 19.77878]]}, "properties": {"id": 145, "road": "QUEEN KAAHUMANU", "elev": "low", "length_m": 1000.0, "cwd_mm": 1593.8, "excl": 1, "a": [19.78628, -156.01075], "b": [19.77878, -156.01605], "sp": {"1": ["ʻUhaloa", "ʻAʻaliʻi", "Naio"], "2": ["ʻIlima", "ʻOhai", null], "3": [null, null, null]}}}, {"type": "Feature", "geometry": {"type": "LineString", "coordinates": [[-156.01605, 19.77878], [-156.01844, 19.77521], [-156.02093, 19.77103]]}, "properties": {"id": 146, "road": "QUEEN KAAHUMANU", "elev": "low", "length_m": 1000.0, "cwd_mm": 1591.5, "excl": 1, "a": [19.77878, -156.01605], "b": [19.77103, -156.02093], "sp": {"1": ["ʻUhaloa", "ʻAʻaliʻi", "Naio"], "2": ["ʻIlima", "ʻOhai", null], "3": [null, null, null]}}}, {"type": "Feature", "geometry": {"type": "LineString", "coordinates": [[-156.02093, 19.77103], [-156.02297, 19.76686]]}, "properties": {"id": 147, "road": "QUEEN KAAHUMANU", "elev": "low", "length_m": 509.5, "cwd_mm": 1522.5, "excl": 1, "a": [19.77103, -156.02093], "b": [19.76686, -156.02297], "sp": {"1": ["ʻUhaloa", "ʻAʻaliʻi", "Naio"], "2": ["ʻIlima", "ʻOhai", null], "3": [null, null, null]}}}, {"type": "Feature", "geometry": {"type": "LineString", "coordinates": [[-156.00499, 19.79347], [-155.99777, 19.78872]]}, "properties": {"id": 148, "road": "KE ALA KOA", "elev": "low", "length_m": 921.9, "cwd_mm": 1562.8, "excl": 1, "a": [19.79347, -156.00499], "b": [19.78872, -155.99777], "sp": {"1": ["ʻUhaloa", "ʻAʻaliʻi", "Naio"], "2": ["ʻIlima", "ʻOhai", null], "3": [null, null, null]}}}, {"type": "Feature", "geometry": {"type": "LineString", "coordinates": [[-155.986, 19.81038], [-155.98962, 19.80816], [-155.99104, 19.80693]]}, "properties": {"id": 149, "road": "QUEEN KAAHUMANU", "elev": "low", "length_m": 654.8, "cwd_mm": 1627.4, "excl": 1, "a": [19.81038, -155.986], "b": [19.80693, -155.99104], "sp": {"1": ["ʻUhaloa", "ʻAʻaliʻi", "Naio"], "2": ["ʻIlima", "ʻOhai", null], "3": [null, null, null]}}}, {"type": "Feature", "geometry": {"type": "LineString", "coordinates": [[-155.97212, 19.75369], [-155.97269, 19.75313]]}, "properties": {"id": 150, "road": "HAWAII BELT", "elev": "low", "length_m": 87.3, "cwd_mm": 1336.8, "excl": 0, "a": [19.75369, -155.97212], "b": [19.75313, -155.97269], "sp": {"1": ["ʻUhaloa", "ʻAʻaliʻi", "Naio"], "2": ["ʻŪlei", "ʻĀweoweo", "Alaheʻe"], "3": ["ʻIlima", "Mamaki", "Koa"]}}}, {"type": "Feature", "geometry": {"type": "LineString", "coordinates": [[-155.96999, 19.75497], [-155.97092, 19.75458], [-155.97212, 19.75369]]}, "properties": {"id": 151, "road": "HAWAII BELT", "elev": "low", "length_m": 266.3, "cwd_mm": 1324.7, "excl": 0, "a": [19.75497, -155.96999], "b": [19.75369, -155.97212], "sp": {"1": ["ʻUhaloa", "ʻAʻaliʻi", "Naio"], "2": ["ʻŪlei", "ʻĀweoweo", "Alaheʻe"], "3": ["ʻIlima", "Mamaki", "Koa"]}}}, {"type": "Feature", "geometry": {"type": "LineString", "coordinates": [[-155.95152, 19.82453], [-155.95966, 19.81982]]}, "properties": {"id": 152, "road": "QUEEN KAAHUMANU", "elev": "low", "length_m": 1000.0, "cwd_mm": 1534.0, "excl": 1, "a": [19.82453, -155.95152], "b": [19.81982, -155.95966], "sp": {"1": ["ʻUhaloa", "ʻAʻaliʻi", "Naio"], "2": ["ʻIlima", "ʻOhai", null], "3": [null, null, null]}}}, {"type": "Feature", "geometry": {"type": "LineString", "coordinates": [[-155.95966, 19.81982], [-155.96788, 19.81524]]}, "properties": {"id": 153, "road": "QUEEN KAAHUMANU", "elev": "low", "length_m": 1000.0, "cwd_mm": 1523.3, "excl": 1, "a": [19.81982, -155.95966], "b": [19.81524, -155.96788], "sp": {"1": ["ʻUhaloa", "ʻAʻaliʻi", "Naio"], "2": ["ʻIlima", "ʻOhai", null], "3": [null, "ʻĀweoweo", null]}}}, {"type": "Feature", "geometry": {"type": "LineString", "coordinates": [[-155.96788, 19.81524], [-155.97086, 19.81437], [-155.97718, 19.81334]]}, "properties": {"id": 154, "road": "QUEEN KAAHUMANU", "elev": "low", "length_m": 1000.0, "cwd_mm": 1570.8, "excl": 1, "a": [19.81524, -155.96788], "b": [19.81334, -155.97718], "sp": {"1": ["ʻUhaloa", "ʻAʻaliʻi", "Naio"], "2": ["ʻIlima", "ʻOhai", null], "3": [null, "ʻĀweoweo", null]}}}, {"type": "Feature", "geometry": {"type": "LineString", "coordinates": [[-155.97718, 19.81334], [-155.97982, 19.81293], [-155.98232, 19.81215], [-155.98452, 19.81129], [-155.986, 19.81038]]}, "properties": {"id": 155, "road": "QUEEN KAAHUMANU", "elev": "low", "length_m": 991.1, "cwd_mm": 1617.6, "excl": 1, "a": [19.81334, -155.97718], "b": [19.81038, -155.986], "sp": {"1": ["ʻUhaloa", "ʻAʻaliʻi", "Naio"], "2": ["ʻIlima", "ʻOhai", null], "3": [null, null, null]}}}, {"type": "Feature", "geometry": {"type": "LineString", "coordinates": [[-155.82052, 19.97305], [-155.82066, 19.97025], [-155.82098, 19.96836], [-155.82216, 19.96419]]}, "properties": {"id": 156, "road": "QUEEN KAAHUMANU", "elev": "low", "length_m": 1000.0, "cwd_mm": 2605.2, "excl": 0, "a": [19.97305, -155.82052], "b": [19.96419, -155.82216], "sp": {"1": ["ʻUhaloa", "ʻAʻaliʻi", "Naio"], "2": ["ʻIlima", "ʻĀweoweo", null], "3": [null, "ʻOhai", null]}}}, {"type": "Feature", "geometry": {"type": "LineString", "coordinates": [[-155.82216, 19.96419], [-155.8233, 19.96131], [-155.82468, 19.95867], [-155.82636, 19.95612]]}, "properties": {"id": 157, "road": "QUEEN KAAHUMANU", "elev": "low", "length_m": 1000.0, "cwd_mm": 2671.8, "excl": 0, "a": [19.96419, -155.82216], "b": [19.95612, -155.82636], "sp": {"1": ["ʻUhaloa", "ʻAʻaliʻi", "Naio"], "2": ["ʻIlima", "ʻĀweoweo", null], "3": [null, "ʻOhai", null]}}}, {"type": "Feature", "geometry": {"type": "LineString", "coordinates": [[-155.82636, 19.95612], [-155.83162, 19.94859]]}, "properties": {"id": 158, "road": "QUEEN KAAHUMANU", "elev": "low", "length_m": 1000.0, "cwd_mm": 2443.3, "excl": 0, "a": [19.95612, -155.82636], "b": [19.94859, -155.83162], "sp": {"1": ["ʻUhaloa", "ʻAʻaliʻi", "Naio"], "2": ["ʻIlima", "ʻĀweoweo", null], "3": [null, "ʻOhai", null]}}}, {"type": "Feature", "geometry": {"type": "LineString", "coordinates": [[-155.83162, 19.94859], [-155.83415, 19.94477], [-155.8371, 19.94122]]}, "properties": {"id": 159, "road": "QUEEN KAAHUMANU", "elev": "low", "length_m": 1000.0, "cwd_mm": 2494.0, "excl": 0, "a": [19.94859, -155.83162], "b": [19.94122, -155.8371], "sp": {"1": ["ʻUhaloa", "ʻAʻaliʻi", "Naio"], "2": ["ʻIlima", "ʻĀweoweo", null], "3": [null, "ʻOhai", null]}}}, {"type": "Feature", "geometry": {"type": "LineString", "coordinates": [[-155.8371, 19.94122], [-155.84127, 19.93684], [-155.84346, 19.93505]]}, "properties": {"id": 160, "road": "QUEEN KAAHUMANU", "elev": "low", "length_m": 956.4, "cwd_mm": 1889.4, "excl": 1, "a": [19.94122, -155.8371], "b": [19.93505, -155.84346], "sp": {"1": ["ʻUhaloa", "ʻAʻaliʻi", "Naio"], "2": ["ʻIlima", "ʻOhai", null], "3": [null, "ʻĀweoweo", null]}}}, {"type": "Feature", "geometry": {"type": "LineString", "coordinates": [[-155.82052, 19.97362], [-155.82052, 19.97305]]}, "properties": {"id": 161, "road": "QUEEN KAAHUMANU", "elev": "low", "length_m": 63.6, "cwd_mm": 2343.6, "excl": 0, "a": [19.97362, -155.82052], "b": [19.97305, -155.82052], "sp": {"1": ["ʻUhaloa", "ʻAʻaliʻi", "Naio"], "2": ["ʻIlima", "ʻĀweoweo", null], "3": [null, "ʻOhai", null]}}}, {"type": "Feature", "geometry": {"type": "LineString", "coordinates": [[-155.82047, 19.9743], [-155.82052, 19.97362]]}, "properties": {"id": 162, "road": "QUEEN KAAHUMANU", "elev": "low", "length_m": 75.9, "cwd_mm": 2091.1, "excl": 0, "a": [19.9743, -155.82047], "b": [19.97362, -155.82052], "sp": {"1": ["ʻUhaloa", "ʻAʻaliʻi", "Naio"], "2": ["ʻIlima", "ʻĀweoweo", null], "3": [null, "ʻOhai", null]}}}, {"type": "Feature", "geometry": {"type": "LineString", "coordinates": [[-155.84205, 20.0557], [-155.84253, 20.05639]]}, "properties": {"id": 163, "road": "AKONI PULE", "elev": "low", "length_m": 90.8, "cwd_mm": 2227.4, "excl": 0, "a": [20.0557, -155.84205], "b": [20.05639, -155.84253], "sp": {"1": ["ʻUhaloa", "Naupaka kahakai", "Naio"], "2": ["ʻIlima", "ʻAʻaliʻi", "Milo"], "3": ["Hinahina", "ʻĀweoweo", null]}}}, {"type": "Feature", "geometry": {"type": "LineString", "coordinates": [[-155.82907, 20.03809], [-155.82968, 20.03905], [-155.83205, 20.04105], [-155.83354, 20.04286]]}, "properties": {"id": 164, "road": "AKONI PULE", "elev": "low", "length_m": 711.0, "cwd_mm": 3765.2, "excl": 0, "a": [20.03809, -155.82907], "b": [20.04286, -155.83354], "sp": {"1": ["ʻUhaloa", "Naupaka kahakai", "Naio"], "2": ["ʻIlima", "ʻAʻaliʻi", "Milo"], "3": ["Pohinahina", "ʻĀweoweo", null]}}}, {"type": "Feature", "geometry": {"type": "LineString", "coordinates": [[-155.83354, 20.04286], [-155.83591, 20.04588]]}, "properties": {"id": 165, "road": "AKONI PULE", "elev": "low", "length_m": 417.0, "cwd_mm": 3017.9, "excl": 0, "a": [20.04286, -155.83354], "b": [20.04588, -155.83591], "sp": {"1": ["ʻUhaloa", "Naupaka kahakai", "Naio"], "2": ["ʻIlima", "ʻAʻaliʻi", "Milo"], "3": ["Hinahina", "ʻĀweoweo", null]}}}, {"type": "Feature", "geometry": {"type": "LineString", "coordinates": [[-155.83591, 20.04588], [-155.83794, 20.04903]]}, "properties": {"id": 166, "road": "AKONI PULE", "elev": "low", "length_m": 409.3, "cwd_mm": 2206.2, "excl": 0, "a": [20.04588, -155.83591], "b": [20.04903, -155.83794], "sp": {"1": ["ʻUhaloa", "Naupaka kahakai", "Naio"], "2": ["ʻIlima", "ʻAʻaliʻi", "Milo"], "3": ["Hinahina", "ʻĀweoweo", null]}}}, {"type": "Feature", "geometry": {"type": "LineString", "coordinates": [[-155.83794, 20.04903], [-155.84205, 20.0557]]}, "properties": {"id": 167, "road": "AKONI PULE", "elev": "low", "length_m": 855.5, "cwd_mm": 2343.2, "excl": 0, "a": [20.04903, -155.83794], "b": [20.0557, -155.84205], "sp": {"1": ["ʻUhaloa", "Naupaka kahakai", "Naio"], "2": ["ʻIlima", "ʻAʻaliʻi", "Milo"], "3": ["Hinahina", "ʻĀweoweo", null]}}}, {"type": "Feature", "geometry": {"type": "LineString", "coordinates": [[-155.81619, 19.99702], [-155.81644, 19.99573]]}, "properties": {"id": 168, "road": "QUEEN KAAHUMANU", "elev": "low", "length_m": 145.1, "cwd_mm": 1469.4, "excl": 0, "a": [19.99702, -155.81619], "b": [19.99573, -155.81644], "sp": {"1": ["ʻUhaloa", "ʻAʻaliʻi", "Naio"], "2": ["ʻIlima", "ʻĀweoweo", null], "3": [null, "ʻOhai", null]}}}, {"type": "Feature", "geometry": {"type": "LineString", "coordinates": [[-155.81716, 19.99216], [-155.81904, 19.98331]]}, "properties": {"id": 169, "road": "QUEEN KAAHUMANU", "elev": "low", "length_m": 1000.0, "cwd_mm": 2401.1, "excl": 0, "a": [19.99216, -155.81716], "b": [19.98331, -155.81904], "sp": {"1": ["ʻUhaloa", "ʻAʻaliʻi", "Naio"], "2": ["ʻIlima", "ʻĀweoweo", null], "3": [null, "ʻOhai", null]}}}, {"type": "Feature", "geometry": {"type": "LineString", "coordinates": [[-155.81904, 19.98331], [-155.81998, 19.97867], [-155.82047, 19.97439]]}, "properties": {"id": 170, "road": "QUEEN KAAHUMANU", "elev": "low", "length_m": 1000.0, "cwd_mm": 2476.5, "excl": 0, "a": [19.98331, -155.81904], "b": [19.97439, -155.82047], "sp": {"1": ["ʻUhaloa", "ʻAʻaliʻi", "Naio"], "2": ["ʻIlima", "ʻĀweoweo", null], "3": [null, "ʻOhai", null]}}}, {"type": "Feature", "geometry": {"type": "LineString", "coordinates": [[-155.82047, 19.97439], [-155.82047, 19.9743]]}, "properties": {"id": 171, "road": "QUEEN KAAHUMANU", "elev": "low", "length_m": 10.1, "cwd_mm": 1838.5, "excl": 0, "a": [19.97439, -155.82047], "b": [19.9743, -155.82047], "sp": {"1": ["ʻUhaloa", "ʻAʻaliʻi", "Naio"], "2": ["ʻIlima", "ʻĀweoweo", null], "3": [null, "ʻOhai", null]}}}, {"type": "Feature", "geometry": {"type": "LineString", "coordinates": [[-155.81685, 19.99368], [-155.81716, 19.99216]]}, "properties": {"id": 172, "road": "QUEEN KAAHUMANU", "elev": "low", "length_m": 171.1, "cwd_mm": 2417.7, "excl": 0, "a": [19.99368, -155.81685], "b": [19.99216, -155.81716], "sp": {"1": ["ʻUhaloa", "ʻAʻaliʻi", "Naio"], "2": ["ʻIlima", "ʻĀweoweo", null], "3": [null, "ʻOhai", null]}}}, {"type": "Feature", "geometry": {"type": "LineString", "coordinates": [[-155.81644, 19.99573], [-155.81685, 19.99368]]}, "properties": {"id": 173, "road": "QUEEN KAAHUMANU", "elev": "low", "length_m": 231.4, "cwd_mm": 1893.7, "excl": 0, "a": [19.99573, -155.81644], "b": [19.99368, -155.81685], "sp": {"1": ["ʻUhaloa", "ʻAʻaliʻi", "Naio"], "2": ["ʻIlima", "ʻĀweoweo", null], "3": [null, "ʻOhai", null]}}}, {"type": "Feature", "geometry": {"type": "LineString", "coordinates": [[-155.81494, 20.00311], [-155.81619, 19.99702]]}, "properties": {"id": 174, "road": "QUEEN KAAHUMANU", "elev": "low", "length_m": 687.9, "cwd_mm": 2334.5, "excl": 0, "a": [20.00311, -155.81494], "b": [19.99702, -155.81619], "sp": {"1": ["ʻUhaloa", "ʻAʻaliʻi", "Naio"], "2": ["ʻIlima", "ʻĀweoweo", null], "3": [null, "ʻOhai", null]}}}, {"type": "Feature", "geometry": {"type": "LineString", "coordinates": [[-155.81431, 20.00621], [-155.81494, 20.00311]]}, "properties": {"id": 175, "road": "QUEEN KAAHUMANU", "elev": "low", "length_m": 349.4, "cwd_mm": 2684.8, "excl": 0, "a": [20.00621, -155.81431], "b": [20.00311, -155.81494], "sp": {"1": ["ʻUhaloa", "ʻAʻaliʻi", "Naio"], "2": ["ʻIlima", "ʻĀweoweo", null], "3": [null, "ʻOhai", null]}}}, {"type": "Feature", "geometry": {"type": "LineString", "coordinates": [[-155.67285, 20.01721], [-155.67346, 20.01651]]}, "properties": {"id": 176, "road": "MAMALAHOA", "elev": "low", "length_m": 100.6, "cwd_mm": 1281.0, "excl": 0, "a": [20.01721, -155.67285], "b": [20.01651, -155.67346], "sp": {"1": ["ʻUhaloa", "ʻAʻaliʻi", "Naio"], "2": ["ʻŪlei", "ʻĀweoweo", "Koa"], "3": ["ʻIlima", "ʻOhai", "Koai'a"]}}}, {"type": "Feature", "geometry": {"type": "LineString", "coordinates": [[-155.67154, 20.01844], [-155.67285, 20.01721]]}, "properties": {"id": 177, "road": "MAMALAHOA", "elev": "low", "length_m": 193.3, "cwd_mm": 784.2, "excl": 0, "a": [20.01844, -155.67154], "b": [20.01721, -155.67285], "sp": {"1": ["ʻUhaloa", "ʻAʻaliʻi", "Naio"], "2": ["ʻŪlei", "ʻĀweoweo", "Koa"], "3": ["ʻIlima", "ʻOhai", "Koai'a"]}}}, {"type": "Feature", "geometry": {"type": "LineString", "coordinates": [[-155.66888, 20.02039], [-155.67154, 20.01844]]}, "properties": {"id": 178, "road": "MAMALAHOA", "elev": "low", "length_m": 351.9, "cwd_mm": 2100.5, "excl": 0, "a": [20.02039, -155.66888], "b": [20.01844, -155.67154], "sp": {"1": ["ʻUhaloa", "ʻAʻaliʻi", "Naio"], "2": ["ʻŪlei", "ʻĀweoweo", "Koa"], "3": ["ʻIlima", "ʻOhai", "Koai'a"]}}}, {"type": "Feature", "geometry": {"type": "LineString", "coordinates": [[-155.6665, 20.02232], [-155.66888, 20.02039]]}, "properties": {"id": 179, "road": "MAMALAHOA", "elev": "low", "length_m": 328.4, "cwd_mm": 2206.0, "excl": 0, "a": [20.02232, -155.6665], "b": [20.02039, -155.66888], "sp": {"1": ["ʻUhaloa", "ʻAʻaliʻi", "Naio"], "2": ["ʻŪlei", "ʻĀweoweo", "Alaheʻe"], "3": ["ʻIlima", "Mamaki", "Koa"]}}}, {"type": "Feature", "geometry": {"type": "LineString", "coordinates": [[-155.66992, 20.02172], [-155.67651, 20.02256]]}, "properties": {"id": 180, "road": "KAWAIHAE", "elev": "low", "length_m": 696.3, "cwd_mm": 1570.1, "excl": 0, "a": [20.02172, -155.66992], "b": [20.02256, -155.67651], "sp": {"1": ["ʻUhaloa", "ʻAʻaliʻi", "Naio"], "2": ["ʻŪlei", "ʻĀweoweo", "Koa"], "3": ["ʻIlima", "ʻOhai", "Koai'a"]}}}, {"type": "Feature", "geometry": {"type": "LineString", "coordinates": [[-155.67651, 20.02256], [-155.67826, 20.02277]]}, "properties": {"id": 181, "road": "KAWAIHAE", "elev": "low", "length_m": 184.2, "cwd_mm": 651.4, "excl": 0, "a": [20.02256, -155.67651], "b": [20.02277, -155.67826], "sp": {"1": ["ʻUhaloa", "ʻAʻaliʻi", "Naio"], "2": ["ʻŪlei", "ʻĀweoweo", "Koa"], "3": ["ʻIlima", "ʻOhai", "Koai'a"]}}}, {"type": "Feature", "geometry": {"type": "LineString", "coordinates": [[-155.67826, 20.02277], [-155.67859, 20.02299]]}, "properties": {"id": 182, "road": "KAWAIHAE", "elev": "low", "length_m": 43.1, "cwd_mm": 690.8, "excl": 0, "a": [20.02277, -155.67826], "b": [20.02299, -155.67859], "sp": {"1": ["ʻUhaloa", "ʻAʻaliʻi", "Naio"], "2": ["ʻŪlei", "ʻĀweoweo", "Koa"], "3": ["ʻIlima", "ʻOhai", "Koai'a"]}}}, {"type": "Feature", "geometry": {"type": "LineString", "coordinates": [[-155.66424, 20.02409], [-155.6665, 20.02232]]}, "properties": {"id": 183, "road": "MAMALAHOA", "elev": "low", "length_m": 308.2, "cwd_mm": 847.9, "excl": 0, "a": [20.02409, -155.66424], "b": [20.02232, -155.6665], "sp": {"1": ["ʻUhaloa", "ʻAʻaliʻi", "Naio"], "2": ["ʻŪlei", "ʻĀweoweo", "Alaheʻe"], "3": ["ʻIlima", "Mamaki", "Koai'a"]}}}, {"type": "Feature", "geometry": {"type": "LineString", "coordinates": [[-155.67859, 20.02299], [-155.67896, 20.02324]]}, "properties": {"id": 184, "road": "KAWAIHAE", "elev": "low", "length_m": 47.2, "cwd_mm": 690.8, "excl": 0, "a": [20.02299, -155.67859], "b": [20.02324, -155.67896], "sp": {"1": ["ʻUhaloa", "ʻAʻaliʻi", "Naio"], "2": ["ʻŪlei", "ʻĀweoweo", "Koa"], "3": ["ʻIlima", "ʻOhai", "Koai'a"]}}}, {"type": "Feature", "geometry": {"type": "LineString", "coordinates": [[-155.67896, 20.02324], [-155.67983, 20.02378]]}, "properties": {"id": 185, "road": "KAWAIHAE", "elev": "low", "length_m": 109.7, "cwd_mm": 1648.8, "excl": 0, "a": [20.02324, -155.67896], "b": [20.02378, -155.67983], "sp": {"1": ["ʻUhaloa", "ʻAʻaliʻi", "Naio"], "2": ["ʻŪlei", "ʻĀweoweo", "Koa"], "3": ["ʻIlima", "ʻOhai", "Koai'a"]}}}, {"type": "Feature", "geometry": {"type": "LineString", "coordinates": [[-155.66245, 20.02442], [-155.66424, 20.02409]]}, "properties": {"id": 186, "road": "MAMALAHOA", "elev": "low", "length_m": 192.0, "cwd_mm": 1125.0, "excl": 0, "a": [20.02442, -155.66245], "b": [20.02409, -155.66424], "sp": {"1": ["ʻUhaloa", "ʻAʻaliʻi", "Naio"], "2": ["ʻŪlei", "ʻĀweoweo", "Alaheʻe"], "3": ["ʻIlima", "Mamaki", "Koai'a"]}}}, {"type": "Feature", "geometry": {"type": "LineString", "coordinates": [[-155.74212, 20.02375], [-155.74565, 20.02407], [-155.74642, 20.02375], [-155.74764, 20.02257], [-155.74815, 20.02227], [-155.74891, 20.02219], [-155.74992, 20.02247]]}, "properties": {"id": 187, "road": "KAWAIHAE", "elev": "low", "length_m": 898.2, "cwd_mm": 1537.2, "excl": 0, "a": [20.02375, -155.74212], "b": [20.02247, -155.74992], "sp": {"1": ["ʻUhaloa", "ʻAʻaliʻi", "Naio"], "2": ["ʻŪlei", "ʻĀweoweo", "Koai'a"], "3": ["ʻIlima", "ʻOhai", "Māmane"]}}}, {"type": "Feature", "geometry": {"type": "LineString", "coordinates": [[-155.74992, 20.02247], [-155.75443, 20.02371]]}, "properties": {"id": 188, "road": "KAWAIHAE", "elev": "low", "length_m": 491.7, "cwd_mm": 2040.5, "excl": 0, "a": [20.02247, -155.74992], "b": [20.02371, -155.75443], "sp": {"1": ["ʻUhaloa", "ʻAʻaliʻi", "Naio"], "2": ["ʻŪlei", "ʻĀweoweo", "Koai'a"], "3": ["ʻIlima", "ʻOhai", "Māmane"]}}}, {"type": "Feature", "geometry": {"type": "LineString", "coordinates": [[-155.76339, 20.02337], [-155.76893, 20.0226], [-155.77071, 20.02268]]}, "properties": {"id": 189, "road": "KAWAIHAE", "elev": "low", "length_m": 776.0, "cwd_mm": 2617.0, "excl": 0, "a": [20.02337, -155.76339], "b": [20.02268, -155.77071], "sp": {"1": ["ʻUhaloa", "ʻAʻaliʻi", "Naio"], "2": ["ʻIlima", "ʻĀweoweo", "Koai'a"], "3": ["ʻŪlei", "ʻOhai", "Māmane"]}}}, {"type": "Feature", "geometry": {"type": "LineString", "coordinates": [[-155.65634, 20.02626], [-155.65988, 20.0251]]}, "properties": {"id": 190, "road": "MAMALAHOA", "elev": "low", "length_m": 392.2, "cwd_mm": 840.5, "excl": 0, "a": [20.02626, -155.65634], "b": [20.0251, -155.65988], "sp": {"1": ["ʻUhaloa", "ʻAʻaliʻi", "Naio"], "2": ["ʻŪlei", "ʻĀweoweo", "Alaheʻe"], "3": ["ʻIlima", "Mamaki", "Koa"]}}}, {"type": "Feature", "geometry": {"type": "LineString", "coordinates": [[-155.65464, 20.02683], [-155.65634, 20.02626]]}, "properties": {"id": 191, "road": "MAMALAHOA", "elev": "low", "length_m": 189.3, "cwd_mm": 853.0, "excl": 0, "a": [20.02683, -155.65464], "b": [20.02626, -155.65634], "sp": {"1": ["ʻUhaloa", "ʻAʻaliʻi", "Naio"], "2": ["ʻŪlei", "ʻĀweoweo", "Alaheʻe"], "3": ["ʻIlima", "Mamaki", "Koa"]}}}, {"type": "Feature", "geometry": {"type": "LineString", "coordinates": [[-155.67983, 20.02378], [-155.68079, 20.0244]]}, "properties": {"id": 192, "road": "KAWAIHAE", "elev": "low", "length_m": 121.2, "cwd_mm": 2097.4, "excl": 0, "a": [20.02378, -155.67983], "b": [20.0244, -155.68079], "sp": {"1": ["ʻUhaloa", "ʻAʻaliʻi", "Naio"], "2": ["ʻŪlei", "ʻĀweoweo", "Koa"], "3": ["ʻIlima", "ʻOhai", "Koai'a"]}}}, {"type": "Feature", "geometry": {"type": "LineString", "coordinates": [[-155.6616, 20.02451], [-155.66245, 20.02442]]}, "properties": {"id": 193, "road": "MAMALAHOA", "elev": "low", "length_m": 89.2, "cwd_mm": 2005.2, "excl": 0, "a": [20.02451, -155.6616], "b": [20.02442, -155.66245], "sp": {"1": ["ʻUhaloa", "ʻAʻaliʻi", "Naio"], "2": ["ʻŪlei", "ʻĀweoweo", "Alaheʻe"], "3": ["ʻIlima", "Mamaki", "Koai'a"]}}}, {"type": "Feature", "geometry": {"type": "LineString", "coordinates": [[-155.66113, 20.02467], [-155.6616, 20.02451]]}, "properties": {"id": 194, "road": "MAMALAHOA", "elev": "low", "length_m": 52.1, "cwd_mm": 2005.2, "excl": 0, "a": [20.02467, -155.66113], "b": [20.02451, -155.6616], "sp": {"1": ["ʻUhaloa", "ʻAʻaliʻi", "Naio"], "2": ["ʻŪlei", "ʻĀweoweo", "Alaheʻe"], "3": ["ʻIlima", "Mamaki", "Koai'a"]}}}, {"type": "Feature", "geometry": {"type": "LineString", "coordinates": [[-155.66043, 20.02491], [-155.66113, 20.02467]]}, "properties": {"id": 195, "road": "MAMALAHOA", "elev": "low", "length_m": 78.7, "cwd_mm": 2005.2, "excl": 0, "a": [20.02491, -155.66043], "b": [20.02467, -155.66113], "sp": {"1": ["ʻUhaloa", "ʻAʻaliʻi", "Naio"], "2": ["ʻŪlei", "ʻĀweoweo", "Alaheʻe"], "3": ["ʻIlima", "Mamaki", "Koai'a"]}}}, {"type": "Feature", "geometry": {"type": "LineString", "coordinates": [[-155.73858, 20.02353], [-155.74212, 20.02375]]}, "properties": {"id": 196, "road": "KAWAIHAE", "elev": "low", "length_m": 371.7, "cwd_mm": 1269.2, "excl": 0, "a": [20.02353, -155.73858], "b": [20.02375, -155.74212], "sp": {"1": ["ʻUhaloa", "ʻAʻaliʻi", "Naio"], "2": ["ʻŪlei", "ʻĀweoweo", "Koai'a"], "3": ["ʻIlima", "ʻOhai", "Māmane"]}}}, {"type": "Feature", "geometry": {"type": "LineString", "coordinates": [[-155.68079, 20.0244], [-155.68134, 20.02474]]}, "properties": {"id": 197, "road": "KAWAIHAE", "elev": "low", "length_m": 69.4, "cwd_mm": 2036.6, "excl": 0, "a": [20.0244, -155.68079], "b": [20.02474, -155.68134], "sp": {"1": ["ʻUhaloa", "ʻAʻaliʻi", "Naio"], "2": ["ʻŪlei", "ʻĀweoweo", "Koa"], "3": ["ʻIlima", "ʻOhai", "Koai'a"]}}}, {"type": "Feature", "geometry": {"type": "LineString", "coordinates": [[-155.65988, 20.0251], [-155.66043, 20.02491]]}, "properties": {"id": 198, "road": "MAMALAHOA", "elev": "low", "length_m": 60.6, "cwd_mm": 1533.9, "excl": 0, "a": [20.0251, -155.65988], "b": [20.02491, -155.66043], "sp": {"1": ["ʻUhaloa", "ʻAʻaliʻi", "Naio"], "2": ["ʻŪlei", "ʻĀweoweo", "Alaheʻe"], "3": ["ʻIlima", "Mamaki", "Koai'a"]}}}, {"type": "Feature", "geometry": {"type": "LineString", "coordinates": [[-155.68134, 20.02474], [-155.68248, 20.02515]]}, "properties": {"id": 199, "road": "KAWAIHAE", "elev": "low", "length_m": 127.0, "cwd_mm": 2036.6, "excl": 0, "a": [20.02474, -155.68134], "b": [20.02515, -155.68248], "sp": {"1": ["ʻUhaloa", "ʻAʻaliʻi", "Naio"], "2": ["ʻŪlei", "ʻĀweoweo", "Koa"], "3": ["ʻIlima", "ʻOhai", "Koai'a"]}}}, {"type": "Feature", "geometry": {"type": "LineString", "coordinates": [[-155.72101, 20.02639], [-155.72483, 20.0259], [-155.72765, 20.02481], [-155.7299, 20.02352]]}, "properties": {"id": 200, "road": "KAWAIHAE", "elev": "low", "length_m": 1000.0, "cwd_mm": 1152.9, "excl": 0, "a": [20.02639, -155.72101], "b": [20.02352, -155.7299], "sp": {"1": ["ʻUhaloa", "ʻAʻaliʻi", "Naio"], "2": ["ʻŪlei", "ʻĀweoweo", "Koa"], "3": ["ʻIlima", "ʻOhai", "Koai'a"]}}}, {"type": "Feature", "geometry": {"type": "LineString", "coordinates": [[-155.7299, 20.02352], [-155.731, 20.02274], [-155.73194, 20.02237], [-155.73541, 20.02321], [-155.73858, 20.02353]]}, "properties": {"id": 201, "road": "KAWAIHAE", "elev": "low", "length_m": 960.0, "cwd_mm": 1171.8, "excl": 0, "a": [20.02352, -155.7299], "b": [20.02353, -155.73858], "sp": {"1": ["ʻUhaloa", "ʻAʻaliʻi", "Naio"], "2": ["ʻŪlei", "ʻĀweoweo", "Koai'a"], "3": ["ʻIlima", "ʻOhai", "Māmane"]}}}, {"type": "Feature", "geometry": {"type": "LineString", "coordinates": [[-155.68248, 20.02515], [-155.68418, 20.02567]]}, "properties": {"id": 202, "road": "KAWAIHAE", "elev": "low", "length_m": 188.3, "cwd_mm": 1189.3, "excl": 0, "a": [20.02515, -155.68248], "b": [20.02567, -155.68418], "sp": {"1": ["ʻUhaloa", "ʻAʻaliʻi", "Naio"], "2": ["ʻŪlei", "ʻĀweoweo", "Koa"], "3": ["ʻIlima", "ʻOhai", "Koai'a"]}}}, {"type": "Feature", "geometry": {"type": "LineString", "coordinates": [[-155.68418, 20.02567], [-155.68578, 20.02587], [-155.68847, 20.02583]]}, "properties": {"id": 203, "road": "KAWAIHAE", "elev": "low", "length_m": 449.9, "cwd_mm": 1118.0, "excl": 0, "a": [20.02567, -155.68418], "b": [20.02583, -155.68847], "sp": {"1": ["ʻUhaloa", "ʻAʻaliʻi", "Naio"], "2": ["ʻŪlei", "ʻĀweoweo", "Koa"], "3": ["ʻIlima", "ʻOhai", "Koai'a"]}}}, {"type": "Feature", "geometry": {"type": "LineString", "coordinates": [[-155.68847, 20.02583], [-155.69142, 20.02597]]}, "properties": {"id": 204, "road": "KAWAIHAE", "elev": "low", "length_m": 309.5, "cwd_mm": 1005.5, "excl": 0, "a": [20.02583, -155.68847], "b": [20.02597, -155.69142], "sp": {"1": ["ʻUhaloa", "ʻAʻaliʻi", "Naio"], "2": ["ʻŪlei", "ʻĀweoweo", "Koa"], "3": ["ʻIlima", "ʻOhai", "Koai'a"]}}}, {"type": "Feature", "geometry": {"type": "LineString", "coordinates": [[-155.69142, 20.02597], [-155.69586, 20.02633]]}, "properties": {"id": 205, "road": "KAWAIHAE", "elev": "low", "length_m": 467.0, "cwd_mm": 899.7, "excl": 0, "a": [20.02597, -155.69142], "b": [20.02633, -155.69586], "sp": {"1": ["ʻUhaloa", "ʻAʻaliʻi", "Naio"], "2": ["ʻŪlei", "ʻĀweoweo", "Koa"], "3": ["ʻIlima", "ʻOhai", "Koai'a"]}}}, {"type": "Feature", "geometry": {"type": "LineString", "coordinates": [[-155.65342, 20.02724], [-155.65464, 20.02683]]}, "properties": {"id": 206, "road": "MAMALAHOA", "elev": "low", "length_m": 135.2, "cwd_mm": 952.1, "excl": 0, "a": [20.02724, -155.65342], "b": [20.02683, -155.65464], "sp": {"1": ["ʻUhaloa", "ʻAʻaliʻi", "Naio"], "2": ["ʻŪlei", "ʻĀweoweo", "Koa"], "3": ["ʻIlima", "Mamaki", "Koai'a"]}}}, {"type": "Feature", "geometry": {"type": "LineString", "coordinates": [[-155.65336, 20.02727], [-155.65342, 20.02724]]}, "properties": {"id": 207, "road": "MAMALAHOA", "elev": "low", "length_m": 7.3, "cwd_mm": 681.3, "excl": 0, "a": [20.02727, -155.65336], "b": [20.02724, -155.65342], "sp": {"1": ["ʻUhaloa", "ʻAʻaliʻi", "Naio"], "2": ["ʻŪlei", "ʻĀweoweo", "Koa"], "3": ["ʻIlima", "Mamaki", "Koai'a"]}}}, {"type": "Feature", "geometry": {"type": "LineString", "coordinates": [[-155.65067, 20.0279], [-155.65179, 20.02782], [-155.65336, 20.02727]]}, "properties": {"id": 208, "road": "MAMALAHOA", "elev": "low", "length_m": 292.9, "cwd_mm": 796.4, "excl": 0, "a": [20.0279, -155.65067], "b": [20.02727, -155.65336], "sp": {"1": ["ʻUhaloa", "ʻAʻaliʻi", "Naio"], "2": ["ʻŪlei", "ʻĀweoweo", "Alaheʻe"], "3": ["ʻIlima", "Mamaki", "Koa"]}}}, {"type": "Feature", "geometry": {"type": "LineString", "coordinates": [[-155.81305, 20.02277], [-155.81281, 20.01452], [-155.81292, 20.01377]]}, "properties": {"id": 209, "road": "QUEEN KAAHUMANU", "elev": "low", "length_m": 1000.0, "cwd_mm": 2311.9, "excl": 0, "a": [20.02277, -155.81305], "b": [20.01377, -155.81292], "sp": {"1": ["ʻUhaloa", "ʻAʻaliʻi", "Naio"], "2": ["ʻIlima", "ʻĀweoweo", null], "3": [null, "ʻOhai", null]}}}, {"type": "Feature", "geometry": {"type": "LineString", "coordinates": [[-155.81292, 20.01377], [-155.81431, 20.00621]]}, "properties": {"id": 210, "road": "QUEEN KAAHUMANU", "elev": "low", "length_m": 849.8, "cwd_mm": 2066.5, "excl": 0, "a": [20.01377, -155.81292], "b": [20.00621, -155.81431], "sp": {"1": ["ʻUhaloa", "ʻAʻaliʻi", "Naio"], "2": ["ʻIlima", "ʻĀweoweo", null], "3": [null, "ʻOhai", null]}}}, {"type": "Feature", "geometry": {"type": "LineString", "coordinates": [[-155.80872, 20.0218], [-155.81067, 20.02282], [-155.81146, 20.02294], [-155.81305, 20.02277]]}, "properties": {"id": 211, "road": "KAWAIHAE", "elev": "low", "length_m": 487.2, "cwd_mm": 2504.7, "excl": 0, "a": [20.0218, -155.80872], "b": [20.02277, -155.81305], "sp": {"1": ["ʻUhaloa", "ʻAʻaliʻi", "Naio"], "2": ["ʻIlima", "ʻĀweoweo", null], "3": [null, "ʻOhai", null]}}}, {"type": "Feature", "geometry": {"type": "LineString", "coordinates": [[-155.81305, 20.02277], [-155.81571, 20.0256], [-155.81721, 20.02683]]}, "properties": {"id": 212, "road": "KAWAIHAE", "elev": "low", "length_m": 628.1, "cwd_mm": 2173.1, "excl": 0, "a": [20.02277, -155.81305], "b": [20.02683, -155.81721], "sp": {"1": ["ʻUhaloa", "ʻAʻaliʻi", "Naio"], "2": ["ʻIlima", "ʻĀweoweo", null], "3": [null, "ʻOhai", null]}}}, {"type": "Feature", "geometry": {"type": "LineString", "coordinates": [[-155.81721, 20.02683], [-155.8203, 20.02927]]}, "properties": {"id": 213, "road": "KAWAIHAE", "elev": "low", "length_m": 422.1, "cwd_mm": 2785.4, "excl": 0, "a": [20.02683, -155.81721], "b": [20.02927, -155.8203], "sp": {"1": ["ʻUhaloa", "ʻAʻaliʻi", "Naio"], "2": ["ʻIlima", "Naupaka kahakai", "Milo"], "3": ["Hinahina", "ʻĀweoweo", null]}}}, {"type": "Feature", "geometry": {"type": "LineString", "coordinates": [[-155.8203, 20.02927], [-155.82125, 20.03007], [-155.82284, 20.03205]]}, "properties": {"id": 214, "road": "KAWAIHAE", "elev": "low", "length_m": 408.4, "cwd_mm": 3695.6, "excl": 0, "a": [20.02927, -155.8203], "b": [20.03205, -155.82284], "sp": {"1": ["ʻUhaloa", "Naupaka kahakai", "Naio"], "2": ["ʻIlima", "ʻAʻaliʻi", "Milo"], "3": ["Hinahina", "ʻĀweoweo", null]}}}, {"type": "Feature", "geometry": {"type": "LineString", "coordinates": [[-155.82284, 20.03205], [-155.82591, 20.03602], [-155.82705, 20.03725], [-155.82907, 20.03809]]}, "properties": {"id": 215, "road": "KAWAIHAE", "elev": "low", "length_m": 958.8, "cwd_mm": 5607.8, "excl": 0, "a": [20.03205, -155.82284], "b": [20.03809, -155.82907], "sp": {"1": ["ʻUhaloa", "Naupaka kahakai", "Naio"], "2": ["ʻIlima", "ʻAʻaliʻi", "Milo"], "3": ["Pohinahina", "ʻĀweoweo", null]}}}, {"type": "Feature", "geometry": {"type": "LineString", "coordinates": [[-155.77071, 20.02268], [-155.77334, 20.0217], [-155.77472, 20.02194], [-155.77564, 20.02193], [-155.77707, 20.02228], [-155.77998, 20.02227]]}, "properties": {"id": 216, "road": "KAWAIHAE", "elev": "low", "length_m": 1000.0, "cwd_mm": 1786.9, "excl": 0, "a": [20.02268, -155.77071], "b": [20.02227, -155.77998], "sp": {"1": ["ʻUhaloa", "ʻAʻaliʻi", "Naio"], "2": ["ʻIlima", "ʻĀweoweo", "Koai'a"], "3": [null, "ʻOhai", null]}}}, {"type": "Feature", "geometry": {"type": "LineString", "coordinates": [[-155.77998, 20.02227], [-155.78254, 20.02224], [-155.78362, 20.02208], [-155.78436, 20.02152], [-155.78462, 20.0211], [-155.78484, 20.02004], [-155.78522, 20.01952], [-155.78658, 20.01908], [-155.78768, 20.01932]]}, "properties": {"id": 217, "road": "KAWAIHAE", "elev": "low", "length_m": 1000.0, "cwd_mm": 1740.5, "excl": 0, "a": [20.02227, -155.77998], "b": [20.01932, -155.78768], "sp": {"1": ["ʻUhaloa", "ʻAʻaliʻi", "Naio"], "2": ["ʻIlima", "ʻĀweoweo", "Koai'a"], "3": [null, "ʻOhai", null]}}}, {"type": "Feature", "geometry": {"type": "LineString", "coordinates": [[-155.78768, 20.01932], [-155.78924, 20.02062], [-155.78989, 20.02093], [-155.79057, 20.02103], [-155.79191, 20.02104], [-155.79381, 20.02053], [-155.79554, 20.02065], [-155.79636, 20.02018]]}, "properties": {"id": 218, "road": "KAWAIHAE", "elev": "low", "length_m": 1000.0, "cwd_mm": 1974.4, "excl": 0, "a": [20.01932, -155.78768], "b": [20.02018, -155.79636], "sp": {"1": ["ʻUhaloa", "ʻAʻaliʻi", "Naio"], "2": ["ʻIlima", "ʻĀweoweo", "Koai'a"], "3": [null, "ʻOhai", null]}}}, {"type": "Feature", "geometry": {"type": "LineString", "coordinates": [[-155.79636, 20.02018], [-155.79751, 20.01911], [-155.79833, 20.01886], [-155.8008, 20.01978], [-155.80222, 20.01972], [-155.80505, 20.02056]]}, "properties": {"id": 219, "road": "KAWAIHAE", "elev": "low", "length_m": 1000.0, "cwd_mm": 2297.9, "excl": 0, "a": [20.02018, -155.79636], "b": [20.02056, -155.80505], "sp": {"1": ["ʻUhaloa", "ʻAʻaliʻi", "Naio"], "2": ["ʻIlima", "ʻĀweoweo", "Koai'a"], "3": [null, "ʻOhai", null]}}}, {"type": "Feature", "geometry": {"type": "LineString", "coordinates": [[-155.80505, 20.02056], [-155.80639, 20.02077], [-155.80872, 20.0218]]}, "properties": {"id": 220, "road": "KAWAIHAE", "elev": "low", "length_m": 412.5, "cwd_mm": 2530.5, "excl": 0, "a": [20.02056, -155.80505], "b": [20.0218, -155.80872], "sp": {"1": ["ʻUhaloa", "ʻAʻaliʻi", "Naio"], "2": ["ʻIlima", "ʻĀweoweo", null], "3": [null, "ʻOhai", null]}}}, {"type": "Feature", "geometry": {"type": "LineString", "coordinates": [[-155.7004, 20.02626], [-155.7016, 20.0259], [-155.70299, 20.02605]]}, "properties": {"id": 221, "road": "KAWAIHAE", "elev": "low", "length_m": 279.2, "cwd_mm": 972.1, "excl": 0, "a": [20.02626, -155.7004], "b": [20.02605, -155.70299], "sp": {"1": ["ʻUhaloa", "ʻAʻaliʻi", "Naio"], "2": ["ʻŪlei", "ʻĀweoweo", "Koa"], "3": ["ʻIlima", "ʻOhai", "Koai'a"]}}}, {"type": "Feature", "geometry": {"type": "LineString", "coordinates": [[-155.70299, 20.02605], [-155.70384, 20.02622]]}, "properties": {"id": 222, "road": "KAWAIHAE", "elev": "low", "length_m": 90.8, "cwd_mm": 905.7, "excl": 0, "a": [20.02605, -155.70299], "b": [20.02622, -155.70384], "sp": {"1": ["ʻUhaloa", "ʻAʻaliʻi", "Naio"], "2": ["ʻŪlei", "ʻĀweoweo", "Koa"], "3": ["ʻIlima", "ʻOhai", "Koai'a"]}}}, {"type": "Feature", "geometry": {"type": "LineString", "coordinates": [[-155.70384, 20.02622], [-155.70639, 20.02671]]}, "properties": {"id": 223, "road": "KAWAIHAE", "elev": "low", "length_m": 273.4, "cwd_mm": 1880.7, "excl": 0, "a": [20.02622, -155.70384], "b": [20.02671, -155.70639], "sp": {"1": ["ʻUhaloa", "ʻAʻaliʻi", "Naio"], "2": ["ʻŪlei", "ʻĀweoweo", "Koa"], "3": ["ʻIlima", "ʻOhai", "Koai'a"]}}}, {"type": "Feature", "geometry": {"type": "LineString", "coordinates": [[-155.69907, 20.02686], [-155.7004, 20.02626]]}, "properties": {"id": 224, "road": "KAWAIHAE", "elev": "low", "length_m": 154.6, "cwd_mm": 2240.4, "excl": 0, "a": [20.02686, -155.69907], "b": [20.02626, -155.7004], "sp": {"1": ["ʻUhaloa", "ʻAʻaliʻi", "Naio"], "2": ["ʻŪlei", "ʻĀweoweo", "Koa"], "3": ["ʻIlima", "ʻOhai", "Koai'a"]}}}, {"type": "Feature", "geometry": {"type": "LineString", "coordinates": [[-155.69586, 20.02633], [-155.69844, 20.02652], [-155.69907, 20.02686]]}, "properties": {"id": 225, "road": "KAWAIHAE", "elev": "low", "length_m": 347.4, "cwd_mm": 2127.8, "excl": 0, "a": [20.02633, -155.69586], "b": [20.02686, -155.69907], "sp": {"1": ["ʻUhaloa", "ʻAʻaliʻi", "Naio"], "2": ["ʻŪlei", "ʻĀweoweo", "Koa"], "3": ["ʻIlima", "ʻOhai", "Koai'a"]}}}, {"type": "Feature", "geometry": {"type": "LineString", "coordinates": [[-155.71998, 20.02664], [-155.72101, 20.02639]]}, "properties": {"id": 226, "road": "KAWAIHAE", "elev": "low", "length_m": 111.4, "cwd_mm": 2010.2, "excl": 0, "a": [20.02664, -155.71998], "b": [20.02639, -155.72101], "sp": {"1": ["ʻUhaloa", "ʻAʻaliʻi", "Naio"], "2": ["ʻŪlei", "ʻĀweoweo", "Koa"], "3": ["ʻIlima", "ʻOhai", "Koai'a"]}}}, {"type": "Feature", "geometry": {"type": "LineString", "coordinates": [[-155.70639, 20.02671], [-155.71022, 20.0275]]}, "properties": {"id": 227, "road": "KAWAIHAE", "elev": "low", "length_m": 410.3, "cwd_mm": 1509.6, "excl": 0, "a": [20.02671, -155.70639], "b": [20.0275, -155.71022], "sp": {"1": ["ʻUhaloa", "ʻAʻaliʻi", "Naio"], "2": ["ʻŪlei", "ʻĀweoweo", "Koa"], "3": ["ʻIlima", "ʻOhai", "Koai'a"]}}}, {"type": "Feature", "geometry": {"type": "LineString", "coordinates": [[-155.71603, 20.02764], [-155.71998, 20.02664]]}, "properties": {"id": 228, "road": "KAWAIHAE", "elev": "low", "length_m": 428.5, "cwd_mm": 2610.4, "excl": 0, "a": [20.02764, -155.71603], "b": [20.02664, -155.71998], "sp": {"1": ["ʻUhaloa", "ʻAʻaliʻi", "Naio"], "2": ["ʻŪlei", "ʻĀweoweo", "Koa"], "3": ["ʻIlima", "ʻOhai", "Koai'a"]}}}, {"type": "Feature", "geometry": {"type": "LineString", "coordinates": [[-155.64814, 20.02822], [-155.65067, 20.0279]]}, "properties": {"id": 229, "road": "MAMALAHOA", "elev": "low", "length_m": 267.5, "cwd_mm": 974.1, "excl": 0, "a": [20.02822, -155.64814], "b": [20.0279, -155.65067], "sp": {"1": ["ʻUhaloa", "ʻAʻaliʻi", "Naio"], "2": ["ʻŪlei", "ʻĀweoweo", "Alaheʻe"], "3": ["ʻIlima", "Mamaki", "Koa"]}}}, {"type": "Feature", "geometry": {"type": "LineString", "coordinates": [[-155.64699, 20.02839], [-155.64814, 20.02822]]}, "properties": {"id": 230, "road": "MAMALAHOA", "elev": "low", "length_m": 121.2, "cwd_mm": 769.2, "excl": 0, "a": [20.02839, -155.64699], "b": [20.02822, -155.64814], "sp": {"1": ["ʻUhaloa", "ʻAʻaliʻi", "Naio"], "2": ["ʻŪlei", "ʻĀweoweo", "Alaheʻe"], "3": ["ʻIlima", "Mamaki", "Koai'a"]}}}, {"type": "Feature", "geometry": {"type": "LineString", "coordinates": [[-155.64285, 20.02934], [-155.64568, 20.02857], [-155.64699, 20.02839]]}, "properties": {"id": 231, "road": "MAMALAHOA", "elev": "low", "length_m": 447.3, "cwd_mm": 829.4, "excl": 0, "a": [20.02934, -155.64285], "b": [20.02839, -155.64699], "sp": {"1": ["ʻUhaloa", "ʻAʻaliʻi", "Naio"], "2": ["ʻŪlei", "ʻĀweoweo", "Alaheʻe"], "3": ["ʻIlima", "Mamaki", "Koa"]}}}, {"type": "Feature", "geometry": {"type": "LineString", "coordinates": [[-155.63939, 20.03034], [-155.64285, 20.02934]]}, "properties": {"id": 232, "road": "MAMALAHOA", "elev": "low", "length_m": 378.9, "cwd_mm": 1000.7, "excl": 0, "a": [20.03034, -155.63939], "b": [20.02934, -155.64285], "sp": {"1": ["ʻUhaloa", "ʻAʻaliʻi", "Naio"], "2": ["ʻŪlei", "ʻĀweoweo", "Alaheʻe"], "3": ["ʻIlima", "Mamaki", "Koa"]}}}, {"type": "Feature", "geometry": {"type": "LineString", "coordinates": [[-155.71022, 20.0275], [-155.71217, 20.02796]]}, "properties": {"id": 233, "road": "KAWAIHAE", "elev": "low", "length_m": 209.6, "cwd_mm": 1530.9, "excl": 0, "a": [20.0275, -155.71022], "b": [20.02796, -155.71217], "sp": {"1": ["ʻUhaloa", "ʻAʻaliʻi", "Naio"], "2": ["ʻŪlei", "ʻĀweoweo", "Koa"], "3": ["ʻIlima", "ʻOhai", "Koai'a"]}}}, {"type": "Feature", "geometry": {"type": "LineString", "coordinates": [[-155.69907, 20.02686], [-155.70065, 20.02906]]}, "properties": {"id": 234, "road": "KOHALA MOUNTAIN", "elev": "low", "length_m": 295.1, "cwd_mm": 1561.0, "excl": 0, "a": [20.02686, -155.69907], "b": [20.02906, -155.70065], "sp": {"1": ["ʻUhaloa", "ʻAʻaliʻi", "Naio"], "2": ["ʻŪlei", "ʻĀweoweo", "Koa"], "3": ["ʻIlima", "ʻOhai", "Koai'a"]}}}, {"type": "Feature", "geometry": {"type": "LineString", "coordinates": [[-155.71217, 20.02796], [-155.71369, 20.02808], [-155.71603, 20.02764]]}, "properties": {"id": 235, "road": "KAWAIHAE", "elev": "low", "length_m": 410.4, "cwd_mm": 1866.1, "excl": 0, "a": [20.02796, -155.71217], "b": [20.02764, -155.71603], "sp": {"1": ["ʻUhaloa", "ʻAʻaliʻi", "Naio"], "2": ["ʻŪlei", "ʻĀweoweo", "Koa"], "3": ["ʻIlima", "ʻOhai", "Koai'a"]}}}, {"type": "Feature", "geometry": {"type": "LineString", "coordinates": [[-155.70065, 20.02906], [-155.701, 20.02944]]}, "properties": {"id": 236, "road": "KOHALA MOUNTAIN", "elev": "low", "length_m": 55.7, "cwd_mm": 941.8, "excl": 0, "a": [20.02906, -155.70065], "b": [20.02944, -155.701], "sp": {"1": ["ʻUhaloa", "ʻAʻaliʻi", "Naio"], "2": ["ʻŪlei", "ʻĀweoweo", "Alaheʻe"], "3": ["ʻIlima", "ʻOhai", "Koa"]}}}, {"type": "Feature", "geometry": {"type": "LineString", "coordinates": [[-155.701, 20.02944], [-155.70132, 20.02966]]}, "properties": {"id": 237, "road": "KOHALA MOUNTAIN", "elev": "low", "length_m": 41.2, "cwd_mm": 1002.0, "excl": 0, "a": [20.02944, -155.701], "b": [20.02966, -155.70132], "sp": {"1": ["ʻUhaloa", "ʻAʻaliʻi", "Naio"], "2": ["ʻŪlei", "ʻĀweoweo", "Alaheʻe"], "3": ["ʻIlima", "ʻOhai", "Koa"]}}}, {"type": "Feature", "geometry": {"type": "LineString", "coordinates": [[-155.63852, 20.03108], [-155.63939, 20.03034]]}, "properties": {"id": 238, "road": "MAMALAHOA", "elev": "low", "length_m": 122.0, "cwd_mm": 1729.0, "excl": 0, "a": [20.03108, -155.63852], "b": [20.03034, -155.63939], "sp": {"1": ["ʻUhaloa", "ʻAʻaliʻi", "Naio"], "2": ["ʻŪlei", "ʻĀweoweo", "Koa"], "3": ["ʻIlima", "Mamaki", "Koai'a"]}}}, {"type": "Feature", "geometry": {"type": "LineString", "coordinates": [[-155.63805, 20.03139], [-155.63852, 20.03108]]}, "properties": {"id": 239, "road": "MAMALAHOA", "elev": "low", "length_m": 60.3, "cwd_mm": 1729.0, "excl": 0, "a": [20.03139, -155.63805], "b": [20.03108, -155.63852], "sp": {"1": ["ʻUhaloa", "ʻAʻaliʻi", "Naio"], "2": ["ʻŪlei", "ʻĀweoweo", "Koa"], "3": ["ʻIlima", "Mamaki", "Koai'a"]}}}, {"type": "Feature", "geometry": {"type": "LineString", "coordinates": [[-155.70132, 20.02966], [-155.70211, 20.02994]]}, "properties": {"id": 240, "road": "KOHALA MOUNTAIN", "elev": "low", "length_m": 89.2, "cwd_mm": 1002.0, "excl": 0, "a": [20.02966, -155.70132], "b": [20.02994, -155.70211], "sp": {"1": ["ʻUhaloa", "ʻAʻaliʻi", "Naio"], "2": ["ʻŪlei", "ʻĀweoweo", "Alaheʻe"], "3": ["ʻIlima", "ʻOhai", "Koai'a"]}}}, {"type": "Feature", "geometry": {"type": "LineString", "coordinates": [[-155.70211, 20.02994], [-155.70299, 20.03018], [-155.70446, 20.03102], [-155.70604, 20.0311], [-155.70655, 20.03154], [-155.70671, 20.03387], [-155.70815, 20.03531]]}, "properties": {"id": 241, "road": "KOHALA MOUNTAIN", "elev": "low", "length_m": 1000.0, "cwd_mm": 1155.3, "excl": 0, "a": [20.02994, -155.70211], "b": [20.03531, -155.70815], "sp": {"1": ["ʻUhaloa", "ʻAʻaliʻi", "Naio"], "2": ["ʻŪlei", "ʻĀweoweo", "Alaheʻe"], "3": ["ʻIlima", "ʻOhai", "Koai'a"]}}}, {"type": "Feature", "geometry": {"type": "LineString", "coordinates": [[-155.70815, 20.03531], [-155.71004, 20.03573], [-155.71162, 20.03709], [-155.71221, 20.03817], [-155.71624, 20.03901]]}, "properties": {"id": 242, "road": "KOHALA MOUNTAIN", "elev": "low", "length_m": 1000.0, "cwd_mm": 1096.1, "excl": 0, "a": [20.03531, -155.70815], "b": [20.03901, -155.71624], "sp": {"1": ["ʻUhaloa", "ʻAʻaliʻi", "Naio"], "2": ["ʻŪlei", "ʻĀweoweo", "Alaheʻe"], "3": ["ʻIlima", "ʻOhai", "Koai'a"]}}}, {"type": "Feature", "geometry": {"type": "LineString", "coordinates": [[-155.71624, 20.03901], [-155.71764, 20.0395], [-155.71864, 20.04075], [-155.71964, 20.04091], [-155.7223, 20.04228]]}, "properties": {"id": 243, "road": "KOHALA MOUNTAIN", "elev": "low", "length_m": 757.7, "cwd_mm": 1188.9, "excl": 0, "a": [20.03901, -155.71624], "b": [20.04228, -155.7223], "sp": {"1": ["ʻUhaloa", "ʻAʻaliʻi", "Naio"], "2": ["ʻŪlei", "ʻĀweoweo", "Alaheʻe"], "3": ["ʻIlima", "Mamaki", "Koai'a"]}}}, {"type": "Feature", "geometry": {"type": "LineString", "coordinates": [[-155.7223, 20.04228], [-155.72369, 20.04245], [-155.72489, 20.04307], [-155.7289, 20.04425], [-155.72957, 20.04455], [-155.73043, 20.04533], [-155.73099, 20.04558]]}, "properties": {"id": 244, "road": "KOHALA MOUNTAIN", "elev": "low", "length_m": 1000.0, "cwd_mm": 1040.0, "excl": 0, "a": [20.04228, -155.7223], "b": [20.04558, -155.73099], "sp": {"1": ["ʻUhaloa", "ʻAʻaliʻi", "Naio"], "2": ["ʻŪlei", "ʻĀweoweo", "Alaheʻe"], "3": ["ʻIlima", null, "Koai'a"]}}}, {"type": "Feature", "geometry": {"type": "LineString", "coordinates": [[-155.73099, 20.04558], [-155.73255, 20.04576], [-155.73319, 20.046], [-155.73961, 20.04925]]}, "properties": {"id": 245, "road": "KOHALA MOUNTAIN", "elev": "low", "length_m": 1000.0, "cwd_mm": 1071.5, "excl": 0, "a": [20.04558, -155.73099], "b": [20.04925, -155.73961], "sp": {"1": ["ʻUhaloa", "ʻAʻaliʻi", "Naio"], "2": ["ʻŪlei", "ʻĀweoweo", "Alaheʻe"], "3": ["ʻIlima", null, "Koai'a"]}}}, {"type": "Feature", "geometry": {"type": "LineString", "coordinates": [[-155.73961, 20.04925], [-155.74084, 20.05041], [-155.74171, 20.05095], [-155.7434, 20.05257], [-155.74479, 20.05478], [-155.74606, 20.05575]]}, "properties": {"id": 246, "road": "KOHALA MOUNTAIN", "elev": "low", "length_m": 1000.0, "cwd_mm": 1067.8, "excl": 0, "a": [20.04925, -155.73961], "b": [20.05575, -155.74606], "sp": {"1": ["ʻUhaloa", "ʻAʻaliʻi", "Naio"], "2": ["ʻŪlei", "ʻĀweoweo", "Alaheʻe"], "3": ["ʻIlima", null, "Koai'a"]}}}, {"type": "Feature", "geometry": {"type": "LineString", "coordinates": [[-155.74606, 20.05575], [-155.74654, 20.05635], [-155.74742, 20.06006], [-155.74814, 20.06203], [-155.74885, 20.06301], [-155.74983, 20.0637]]}, "properties": {"id": 247, "road": "KOHALA MOUNTAIN", "elev": "high", "length_m": 1000.0, "cwd_mm": 1103.8, "excl": 0, "a": [20.05575, -155.74606], "b": [20.0637, -155.74983], "sp": {"1": ["ʻUhaloa", "ʻAʻaliʻi", "Naio"], "2": ["ʻŪlei", "ʻĀweoweo", "Alaheʻe"], "3": ["ʻIlima", "Mamaki", "Koai'a"]}}}, {"type": "Feature", "geometry": {"type": "LineString", "coordinates": [[-155.74983, 20.0637], [-155.75182, 20.06478], [-155.75295, 20.06613], [-155.75375, 20.06635], [-155.75554, 20.06734], [-155.757, 20.06773], [-155.75763, 20.06845]]}, "properties": {"id": 248, "road": "KOHALA MOUNTAIN", "elev": "high", "length_m": 1000.0, "cwd_mm": 1053.5, "excl": 0, "a": [20.0637, -155.74983], "b": [20.06845, -155.75763], "sp": {"1": ["ʻUhaloa", "ʻAʻaliʻi", "Naio"], "2": ["ʻŪlei", "ʻĀweoweo", "Alaheʻe"], "3": ["ʻIlima", "Mamaki", "Koai'a"]}}}, {"type": "Feature", "geometry": {"type": "LineString", "coordinates": [[-155.75763, 20.06845], [-155.75894, 20.06925], [-155.76059, 20.0713], [-155.76215, 20.07601]]}, "properties": {"id": 249, "road": "KOHALA MOUNTAIN", "elev": "high", "length_m": 997.2, "cwd_mm": 1212.1, "excl": 0, "a": [20.06845, -155.75763], "b": [20.07601, -155.76215], "sp": {"1": ["ʻUhaloa", "ʻAʻaliʻi", "Naio"], "2": ["ʻŪlei", "ʻĀweoweo", "Alaheʻe"], "3": ["ʻIlima", "Mamaki", "Koai'a"]}}}, {"type": "Feature", "geometry": {"type": "LineString", "coordinates": [[-155.75443, 20.02371], [-155.75645, 20.02426], [-155.75767, 20.02437], [-155.76084, 20.02367], [-155.76339, 20.02337]]}, "properties": {"id": 250, "road": "KAWAIHAE", "elev": "low", "length_m": 959.1, "cwd_mm": 1568.2, "excl": 0, "a": [20.02371, -155.75443], "b": [20.02337, -155.76339], "sp": {"1": ["ʻUhaloa", "ʻAʻaliʻi", "Naio"], "2": ["ʻŪlei", "ʻĀweoweo", "Koai'a"], "3": ["ʻIlima", "ʻOhai", "Māmane"]}}}, {"type": "Feature", "geometry": {"type": "LineString", "coordinates": [[-155.76215, 20.07601], [-155.76429, 20.08338], [-155.76508, 20.08454]]}, "properties": {"id": 251, "road": "KOHALA MOUNTAIN", "elev": "high", "length_m": 1000.0, "cwd_mm": 1333.3, "excl": 0, "a": [20.07601, -155.76215], "b": [20.08454, -155.76508], "sp": {"1": ["ʻUhaloa", "ʻAʻaliʻi", "Naio"], "2": ["ʻŪlei", "ʻĀweoweo", "Alaheʻe"], "3": ["ʻIlima", "Mamaki", "Koai'a"]}}}, {"type": "Feature", "geometry": {"type": "LineString", "coordinates": [[-155.76508, 20.08454], [-155.76656, 20.08606], [-155.76681, 20.08713], [-155.76764, 20.08762], [-155.76788, 20.08793], [-155.76793, 20.08871], [-155.76755, 20.08973], [-155.76765, 20.08996], [-155.76964, 20.09145]]}, "properties": {"id": 252, "road": "KOHALA MOUNTAIN", "elev": "high", "length_m": 1000.0, "cwd_mm": 1180.3, "excl": 0, "a": [20.08454, -155.76508], "b": [20.09145, -155.76964], "sp": {"1": ["ʻUhaloa", "ʻAʻaliʻi", "Naio"], "2": ["ʻŪlei", "ʻĀweoweo", "Alaheʻe"], "3": ["ʻIlima", "Mamaki", "Koai'a"]}}}, {"type": "Feature", "geometry": {"type": "LineString", "coordinates": [[-155.76964, 20.09145], [-155.7725, 20.09345], [-155.77278, 20.09375], [-155.77347, 20.09522], [-155.77568, 20.09759]]}, "properties": {"id": 253, "road": "KOHALA MOUNTAIN", "elev": "high", "length_m": 945.9, "cwd_mm": 1146.7, "excl": 0, "a": [20.09145, -155.76964], "b": [20.09759, -155.77568], "sp": {"1": ["ʻUhaloa", "ʻAʻaliʻi", "Naio"], "2": ["ʻŪlei", "ʻĀweoweo", "Alaheʻe"], "3": ["ʻIlima", "Mamaki", "Koai'a"]}}}, {"type": "Feature", "geometry": {"type": "LineString", "coordinates": [[-155.81401, 19.90974], [-155.81343, 19.90996], [-155.81275, 19.9105], [-155.80689, 19.9157]]}, "properties": {"id": 254, "road": "WAIKOLOA", "elev": "low", "length_m": 1000.0, "cwd_mm": 2104.8, "excl": 1, "a": [19.90974, -155.81401], "b": [19.9157, -155.80689], "sp": {"1": ["ʻUhaloa", "ʻAʻaliʻi", "Naio"], "2": ["ʻIlima", "ʻOhai", "Koai'a"], "3": [null, "ʻĀweoweo", null]}}}, {"type": "Feature", "geometry": {"type": "LineString", "coordinates": [[-155.80689, 19.9157], [-155.80379, 19.91969], [-155.80162, 19.92104], [-155.80048, 19.92222]]}, "properties": {"id": 255, "road": "WAIKOLOA", "elev": "low", "length_m": 1000.0, "cwd_mm": 2087.3, "excl": 0, "a": [19.9157, -155.80689], "b": [19.92222, -155.80048], "sp": {"1": ["ʻUhaloa", "ʻAʻaliʻi", "Naio"], "2": ["ʻIlima", "ʻĀweoweo", "Koai'a"], "3": [null, "ʻOhai", null]}}}, {"type": "Feature", "geometry": {"type": "LineString", "coordinates": [[-155.80048, 19.92222], [-155.79992, 19.92294], [-155.79884, 19.92366]]}, "properties": {"id": 256, "road": "WAIKOLOA", "elev": "low", "length_m": 237.5, "cwd_mm": 2161.1, "excl": 0, "a": [19.92222, -155.80048], "b": [19.92366, -155.79884], "sp": {"1": ["ʻUhaloa", "ʻAʻaliʻi", "Naio"], "2": ["ʻIlima", "ʻĀweoweo", "Koai'a"], "3": [null, "ʻOhai", null]}}}, {"type": "Feature", "geometry": {"type": "LineString", "coordinates": [[-155.79884, 19.92366], [-155.79838, 19.92392]]}, "properties": {"id": 257, "road": "WAIKOLOA", "elev": "low", "length_m": 55.6, "cwd_mm": 2127.2, "excl": 0, "a": [19.92366, -155.79884], "b": [19.92392, -155.79838], "sp": {"1": ["ʻUhaloa", "ʻAʻaliʻi", "Naio"], "2": ["ʻIlima", "ʻĀweoweo", "Koai'a"], "3": [null, "ʻOhai", null]}}}, {"type": "Feature", "geometry": {"type": "LineString", "coordinates": [[-155.79838, 19.92392], [-155.7979, 19.92418]]}, "properties": {"id": 258, "road": "WAIKOLOA", "elev": "low", "length_m": 58.6, "cwd_mm": 2127.2, "excl": 0, "a": [19.92392, -155.79838], "b": [19.92418, -155.7979], "sp": {"1": ["ʻUhaloa", "ʻAʻaliʻi", "Naio"], "2": ["ʻIlima", "ʻĀweoweo", "Koai'a"], "3": [null, "ʻOhai", null]}}}, {"type": "Feature", "geometry": {"type": "LineString", "coordinates": [[-155.7979, 19.92418], [-155.79656, 19.92488]]}, "properties": {"id": 259, "road": "WAIKOLOA", "elev": "low", "length_m": 160.6, "cwd_mm": 2258.2, "excl": 0, "a": [19.92418, -155.7979], "b": [19.92488, -155.79656], "sp": {"1": ["ʻUhaloa", "ʻAʻaliʻi", "Naio"], "2": ["ʻIlima", "ʻĀweoweo", "Koai'a"], "3": [null, "ʻOhai", null]}}}, {"type": "Feature", "geometry": {"type": "LineString", "coordinates": [[-155.79656, 19.92488], [-155.79448, 19.92533]]}, "properties": {"id": 260, "road": "WAIKOLOA", "elev": "low", "length_m": 224.0, "cwd_mm": 2734.8, "excl": 0, "a": [19.92488, -155.79656], "b": [19.92533, -155.79448], "sp": {"1": ["ʻUhaloa", "ʻAʻaliʻi", "Naio"], "2": ["ʻIlima", "ʻĀweoweo", "Koai'a"], "3": [null, "ʻOhai", null]}}}, {"type": "Feature", "geometry": {"type": "LineString", "coordinates": [[-155.78695, 19.9266], [-155.77844, 19.92337], [-155.77819, 19.9231]]}, "properties": {"id": 261, "road": "WAIKOLOA", "elev": "low", "length_m": 1000.0, "cwd_mm": 2664.4, "excl": 0, "a": [19.9266, -155.78695], "b": [19.9231, -155.77819], "sp": {"1": ["ʻUhaloa", "ʻAʻaliʻi", "Naio"], "2": ["ʻIlima", "ʻĀweoweo", "Koai'a"], "3": [null, "ʻOhai", null]}}}, {"type": "Feature", "geometry": {"type": "LineString", "coordinates": [[-155.77819, 19.9231], [-155.77774, 19.9226], [-155.7774, 19.9217], [-155.77739, 19.92087], [-155.77783, 19.91949], [-155.7786, 19.91784], [-155.77871, 19.91656]]}, "properties": {"id": 262, "road": "WAIKOLOA", "elev": "low", "length_m": 773.3, "cwd_mm": 2295.1, "excl": 0, "a": [19.9231, -155.77819], "b": [19.91656, -155.77871], "sp": {"1": ["ʻUhaloa", "ʻAʻaliʻi", "Naio"], "2": ["ʻIlima", "ʻĀweoweo", "Koai'a"], "3": [null, "ʻOhai", null]}}}, {"type": "Feature", "geometry": {"type": "LineString", "coordinates": [[-155.79448, 19.92533], [-155.7901, 19.92626]]}, "properties": {"id": 263, "road": "WAIKOLOA", "elev": "low", "length_m": 470.3, "cwd_mm": 2313.4, "excl": 0, "a": [19.92533, -155.79448], "b": [19.92626, -155.7901], "sp": {"1": ["ʻUhaloa", "ʻAʻaliʻi", "Naio"], "2": ["ʻIlima", "ʻĀweoweo", "Koai'a"], "3": [null, "ʻOhai", null]}}}, {"type": "Feature", "geometry": {"type": "LineString", "coordinates": [[-155.7901, 19.92626], [-155.78834, 19.92676], [-155.78695, 19.9266]]}, "properties": {"id": 264, "road": "WAIKOLOA", "elev": "low", "length_m": 341.1, "cwd_mm": 1923.5, "excl": 0, "a": [19.92626, -155.7901], "b": [19.9266, -155.78695], "sp": {"1": ["ʻUhaloa", "ʻAʻaliʻi", "Naio"], "2": ["ʻIlima", "ʻĀweoweo", "Koai'a"], "3": [null, "ʻOhai", null]}}}, {"type": "Feature", "geometry": {"type": "LineString", "coordinates": [[-155.74746, 19.90556], [-155.74406, 19.9052], [-155.74287, 19.90474], [-155.74217, 19.90423]]}, "properties": {"id": 265, "road": "WAIKOLOA", "elev": "low", "length_m": 586.2, "cwd_mm": 1502.4, "excl": 0, "a": [19.90556, -155.74746], "b": [19.90423, -155.74217], "sp": {"1": ["ʻUhaloa", "ʻAʻaliʻi", "Naio"], "2": ["ʻŪlei", "ʻĀweoweo", "Koai'a"], "3": ["ʻIlima", "ʻOhai", "Māmane"]}}}, {"type": "Feature", "geometry": {"type": "LineString", "coordinates": [[-155.77871, 19.91656], [-155.77825, 19.91555], [-155.77776, 19.91506], [-155.77633, 19.91437], [-155.77561, 19.91367], [-155.77462, 19.91153], [-155.77373, 19.9103], [-155.77302, 19.90966]]}, "properties": {"id": 266, "road": "WAIKOLOA", "elev": "low", "length_m": 1000.0, "cwd_mm": 2333.7, "excl": 0, "a": [19.91656, -155.77871], "b": [19.90966, -155.77302], "sp": {"1": ["ʻUhaloa", "ʻAʻaliʻi", "Naio"], "2": ["ʻIlima", "ʻĀweoweo", "Koai'a"], "3": ["ʻŪlei", "ʻOhai", "Māmane"]}}}, {"type": "Feature", "geometry": {"type": "LineString", "coordinates": [[-155.77302, 19.90966], [-155.77193, 19.90862], [-155.77023, 19.90741], [-155.76825, 19.90677], [-155.76454, 19.9061]]}, "properties": {"id": 267, "road": "WAIKOLOA", "elev": "low", "length_m": 1000.0, "cwd_mm": 1924.1, "excl": 0, "a": [19.90966, -155.77302], "b": [19.9061, -155.76454], "sp": {"1": ["ʻUhaloa", "ʻAʻaliʻi", "Naio"], "2": ["ʻŪlei", "ʻĀweoweo", "Koai'a"], "3": ["ʻIlima", "ʻOhai", "Māmane"]}}}, {"type": "Feature", "geometry": {"type": "LineString", "coordinates": [[-155.76454, 19.9061], [-155.75937, 19.90532], [-155.75664, 19.90612], [-155.75522, 19.9063]]}, "properties": {"id": 268, "road": "WAIKOLOA", "elev": "low", "length_m": 1000.0, "cwd_mm": 1635.7, "excl": 0, "a": [19.9061, -155.76454], "b": [19.9063, -155.75522], "sp": {"1": ["ʻUhaloa", "ʻAʻaliʻi", "Naio"], "2": ["ʻŪlei", "ʻĀweoweo", "Koai'a"], "3": ["ʻIlima", "ʻOhai", "Māmane"]}}}, {"type": "Feature", "geometry": {"type": "LineString", "coordinates": [[-155.75522, 19.9063], [-155.74746, 19.90556]]}, "properties": {"id": 269, "road": "WAIKOLOA", "elev": "low", "length_m": 816.7, "cwd_mm": 1563.6, "excl": 0, "a": [19.9063, -155.75522], "b": [19.90556, -155.74746], "sp": {"1": ["ʻUhaloa", "ʻAʻaliʻi", "Naio"], "2": ["ʻŪlei", "ʻĀweoweo", "Koai'a"], "3": ["ʻIlima", "ʻOhai", "Māmane"]}}}, {"type": "Feature", "geometry": {"type": "LineString", "coordinates": [[-155.74217, 19.90423], [-155.74159, 19.90357], [-155.74091, 19.9022], [-155.73872, 19.89587]]}, "properties": {"id": 270, "road": "WAIKOLOA", "elev": "low", "length_m": 1000.0, "cwd_mm": 1424.6, "excl": 0, "a": [19.90423, -155.74217], "b": [19.89587, -155.73872], "sp": {"1": ["ʻUhaloa", "ʻAʻaliʻi", "Naio"], "2": ["ʻŪlei", "ʻĀweoweo", "Koai'a"], "3": ["ʻIlima", "ʻOhai", "Māmane"]}}}, {"type": "Feature", "geometry": {"type": "LineString", "coordinates": [[-155.73872, 19.89587], [-155.73593, 19.8878], [-155.73559, 19.88737]]}, "properties": {"id": 271, "road": "WAIKOLOA", "elev": "low", "length_m": 1000.0, "cwd_mm": 1308.9, "excl": 0, "a": [19.89587, -155.73872], "b": [19.88737, -155.73559], "sp": {"1": ["ʻUhaloa", "ʻAʻaliʻi", "Naio"], "2": ["ʻŪlei", "ʻĀweoweo", "Koai'a"], "3": ["ʻIlima", "ʻOhai", "Māmane"]}}}, {"type": "Feature", "geometry": {"type": "LineString", "coordinates": [[-155.73559, 19.88737], [-155.73499, 19.88657], [-155.73337, 19.88508], [-155.7323, 19.88458], [-155.72917, 19.88365], [-155.72808, 19.88268], [-155.72798, 19.88243]]}, "properties": {"id": 272, "road": "WAIKOLOA", "elev": "low", "length_m": 1000.0, "cwd_mm": 1206.4, "excl": 0, "a": [19.88737, -155.73559], "b": [19.88243, -155.72798], "sp": {"1": ["ʻUhaloa", "ʻAʻaliʻi", "Naio"], "2": ["ʻŪlei", "ʻĀweoweo", "Koa"], "3": ["ʻIlima", "ʻOhai", "Koai'a"]}}}, {"type": "Feature", "geometry": {"type": "LineString", "coordinates": [[-155.72798, 19.88243], [-155.72722, 19.8793], [-155.72644, 19.87819], [-155.72519, 19.87722], [-155.72469, 19.87702], [-155.72215, 19.877]]}, "properties": {"id": 273, "road": "WAIKOLOA", "elev": "low", "length_m": 1000.0, "cwd_mm": 1042.5, "excl": 0, "a": [19.88243, -155.72798], "b": [19.877, -155.72215], "sp": {"1": ["ʻUhaloa", "ʻAʻaliʻi", "Naio"], "2": ["ʻŪlei", "ʻĀweoweo", "Koa"], "3": ["ʻIlima", "ʻOhai", "Koai'a"]}}}, {"type": "Feature", "geometry": {"type": "LineString", "coordinates": [[-155.72215, 19.877], [-155.7214, 19.87671]]}, "properties": {"id": 274, "road": "WAIKOLOA", "elev": "low", "length_m": 84.6, "cwd_mm": 858.6, "excl": 0, "a": [19.877, -155.72215], "b": [19.87671, -155.7214], "sp": {"1": ["ʻUhaloa", "ʻAʻaliʻi", "Naio"], "2": ["ʻŪlei", "ʻĀweoweo", "Koa"], "3": ["ʻIlima", "ʻOhai", "Koai'a"]}}}, {"type": "Feature", "geometry": {"type": "LineString", "coordinates": [[-155.8351, 19.91419], [-155.83377, 19.91401], [-155.83272, 19.91436], [-155.83104, 19.9156], [-155.82939, 19.91583], [-155.82713, 19.91592], [-155.82612, 19.91579]]}, "properties": {"id": 275, "road": "WAIKOLOA", "elev": "low", "length_m": 1000.0, "cwd_mm": 1754.9, "excl": 1, "a": [19.91419, -155.8351], "b": [19.91579, -155.82612], "sp": {"1": ["ʻUhaloa", "ʻAʻaliʻi", "Naio"], "2": ["ʻIlima", "ʻOhai", null], "3": [null, null, null]}}}, {"type": "Feature", "geometry": {"type": "LineString", "coordinates": [[-155.82612, 19.91579], [-155.82497, 19.91543], [-155.82277, 19.91377], [-155.81871, 19.91023]]}, "properties": {"id": 276, "road": "WAIKOLOA", "elev": "low", "length_m": 1000.0, "cwd_mm": 1751.4, "excl": 1, "a": [19.91579, -155.82612], "b": [19.91023, -155.81871], "sp": {"1": ["ʻUhaloa", "ʻAʻaliʻi", "Naio"], "2": ["ʻIlima", "ʻOhai", null], "3": [null, null, null]}}}, {"type": "Feature", "geometry": {"type": "LineString", "coordinates": [[-155.81871, 19.91023], [-155.81817, 19.90977], [-155.81672, 19.90929], [-155.81527, 19.90926], [-155.81401, 19.90974]]}, "properties": {"id": 277, "road": "WAIKOLOA", "elev": "low", "length_m": 532.0, "cwd_mm": 1667.6, "excl": 1, "a": [19.91023, -155.81871], "b": [19.90974, -155.81401], "sp": {"1": ["ʻUhaloa", "ʻAʻaliʻi", "Naio"], "2": ["ʻIlima", "ʻOhai", null], "3": [null, null, null]}}}, {"type": "Feature", "geometry": {"type": "LineString", "coordinates": [[-155.86037, 19.92205], [-155.85992, 19.92128], [-155.85801, 19.9207], [-155.85408, 19.91906], [-155.85178, 19.91889]]}, "properties": {"id": 278, "road": "WAIKOLOA", "elev": "low", "length_m": 1000.0, "cwd_mm": 1922.8, "excl": 1, "a": [19.92205, -155.86037], "b": [19.91889, -155.85178], "sp": {"1": ["ʻUhaloa", "ʻAʻaliʻi", "Naio"], "2": ["ʻIlima", "ʻOhai", null], "3": [null, null, null]}}}, {"type": "Feature", "geometry": {"type": "LineString", "coordinates": [[-155.85178, 19.91889], [-155.84809, 19.91879], [-155.84441, 19.9183], [-155.8432, 19.91805], [-155.84251, 19.91752]]}, "properties": {"id": 279, "road": "WAIKOLOA", "elev": "low", "length_m": 1000.0, "cwd_mm": 1852.7, "excl": 1, "a": [19.91889, -155.85178], "b": [19.91752, -155.84251], "sp": {"1": ["ʻUhaloa", "ʻAʻaliʻi", "Naio"], "2": ["ʻIlima", "ʻOhai", null], "3": [null, null, null]}}}, {"type": "Feature", "geometry": {"type": "LineString", "coordinates": [[-155.84251, 19.91752], [-155.84111, 19.91682], [-155.83808, 19.9161], [-155.8351, 19.91419]]}, "properties": {"id": 280, "road": "WAIKOLOA", "elev": "low", "length_m": 871.9, "cwd_mm": 1787.6, "excl": 1, "a": [19.91752, -155.84251], "b": [19.91419, -155.8351], "sp": {"1": ["ʻUhaloa", "ʻAʻaliʻi", "Naio"], "2": ["ʻIlima", "ʻOhai", null], "3": [null, null, null]}}}]}